pdv_id,regiao,uf,municipio,tipo_estabelecimento,tier_historico,volume_q4_2024_hl,volume_q4_2025_hl,delta_volume_yoy_pct,share_ardor_pct,gasto_posm_trim_brl,visitas_promotor_mes,posm_instalado_cod,nps_dono_q4_2024,nps_dono_q4_2025,meses_no_programa,concorrentes_premium_no_pdv,evento_ativacional_2025
PDV-02165,Sul,SC,Joinville,pub,B,44.7,49.2,10.1,20.8,1283.0,2,CHP|MES,60,63,31,1,1
PDV-03244,Centro-Oeste,MS,Campo Grande,bar premium,B,22.6,18.5,-18.1,19.4,1194.0,3,CHP|KVI,57,55,47,2,0
PDV-01124,Sudeste,SP,Ribeirão Preto,restaurante,B,51.4,49.8,-3.1,25.9,1158.0,3,BAL|KVI|LUM|MES,57,43,35,1,1
PDV-02853,Centro-Oeste,MS,Campo Grande,restaurante,C,12.1,10.4,-14.0,15.0,678.0,2,BAL|FRZ|LUM,41,26,47,1,0
PDV-01413,Sudeste,MG,Uberlândia,bar premium,A,101.4,71.7,-29.3,35.9,2468.0,4,FRZ|KVI|LUM,65,51,47,3,1
PDV-00493,Sudeste,RJ,Niterói,gastrobar,C,14.4,9.2,-36.1,22.3,765.0,5,KVI|MES,64,49,47,4,0
PDV-03619,Nordeste,PE,Olinda,pub,C,9.6,9.6,0.0,18.3,739.0,3,CHP|FRZ|KVI,73,53,47,0,0
PDV-00970,Sudeste,SP,Santos,bar premium,C,12.6,6.6,-47.6,9.7,638.0,4,BAL|KVI,39,32,47,5,0
PDV-02684,Sul,RS,Porto Alegre,choperia,B,62.6,63.0,0.6,14.4,1279.0,4,BAL|CHP|LUM|MES,64,58,47,0,0
PDV-00324,Sudeste,MG,Belo Horizonte,bar premium,C,13.0,11.6,-10.8,12.4,634.0,4,BAL|CHP,60,65,47,0,0
PDV-02186,Sul,RS,Pelotas,bar premium,C,16.2,17.0,4.9,10.3,729.0,4,CHP,58,46,47,0,0
PDV-00282,Sudeste,MG,Juiz de Fora,gastrobar,A,204.0,89.1,-56.3,26.3,2273.0,6,BAL|FRZ|KVI|LUM|MES,59,41,47,4,1
PDV-02167,Sul,PR,Curitiba,bar premium,C,31.3,28.9,-7.7,18.5,734.0,3,FRZ,55,49,31,1,0
PDV-00790,Sudeste,MG,Belo Horizonte,bar premium,C,12.8,11.9,-7.0,21.6,734.0,3,CHP,60,55,47,1,0
PDV-02443,Sul,PR,Curitiba,pub,A,97.6,86.7,-11.2,35.2,2529.0,8,BAL|CHP|FRZ|KVI|LUM|MES,57,44,18,2,0
PDV-02471,Sul,RS,Caxias do Sul,pub,C,14.2,13.2,-7.0,12.9,578.0,2,BAL|FRZ|KVI,48,40,47,0,0
PDV-00826,Sudeste,MG,Juiz de Fora,gastrobar,B,22.5,18.0,-20.0,25.7,1187.0,4,CHP|KVI|LUM,47,37,17,2,1
PDV-00460,Sudeste,RJ,Rio de Janeiro,gastrobar,B,75.1,63.2,-15.8,28.9,1302.0,3,KVI|LUM|MES,72,53,27,2,1
PDV-03308,Centro-Oeste,MS,Campo Grande,bar premium,C,19.2,12.7,-33.9,7.9,719.0,4,CHP|FRZ|LUM,73,63,47,3,0
PDV-02283,Sul,RS,Caxias do Sul,restaurante,A,39.9,39.3,-1.5,23.3,2251.0,8,BAL|CHP|FRZ|KVI|LUM|MES,57,40,47,0,1
PDV-00768,Sudeste,SP,Campinas,bar premium,C,11.0,6.0,-45.5,23.5,743.0,5,FRZ|MES,84,68,47,4,0
PDV-01824,Sudeste,MG,Uberlândia,restaurante,C,19.0,15.3,-19.5,4.2,721.0,4,BAL|CHP,62,48,8,1,0
PDV-03457,Nordeste,CE,Juazeiro do Norte,gastrobar,C,10.6,12.0,13.2,27.0,691.0,3,CHP|FRZ|KVI,55,40,47,0,0
PDV-01512,Sudeste,SP,São Paulo,choperia,B,46.0,45.9,-0.2,24.0,1102.0,3,CHP|KVI|LUM,52,54,18,0,0
PDV-01316,Sudeste,RJ,Niterói,bar premium,A,55.1,33.8,-38.7,23.7,2004.0,8,CHP|FRZ|LUM|MES,54,44,47,3,0
PDV-03837,Nordeste,BA,Feira de Santana,bar premium,B,61.9,57.8,-6.6,20.7,1176.0,4,FRZ|LUM,66,57,47,2,1
PDV-03397,Nordeste,BA,Salvador,pub,C,7.9,8.8,11.4,14.9,542.0,2,BAL,32,18,47,0,0
PDV-02953,Centro-Oeste,DF,Brasília,gastrobar,A,85.9,47.2,-45.1,22.8,2823.0,4,CHP|KVI|MES,85,79,47,4,0
PDV-02411,Sul,SC,Balneário Camboriú,restaurante,A,84.4,82.8,-1.9,31.1,2309.0,6,CHP|LUM|MES,63,53,26,0,1
PDV-02099,Sul,PR,Curitiba,bar premium,C,15.9,14.2,-10.7,7.5,824.0,3,FRZ,33,29,33,0,0
PDV-03450,Nordeste,BA,Feira de Santana,restaurante,A,51.5,57.2,11.1,30.3,2257.0,9,BAL|CHP|FRZ|KVI|LUM|MES,52,48,47,0,1
PDV-03264,Centro-Oeste,GO,Anápolis,gastrobar,C,10.0,8.6,-14.0,12.0,555.0,3,FRZ|KVI,61,51,47,1,0
PDV-02431,Sul,SC,Balneário Camboriú,restaurante,C,8.5,5.5,-35.3,19.1,704.0,3,FRZ|LUM,64,45,47,5,0
PDV-01653,Sudeste,SP,Ribeirão Preto,bar premium,B,34.4,21.2,-38.4,22.6,1197.0,3,KVI|MES,61,51,40,3,0
PDV-02322,Sul,RS,Porto Alegre,pub,C,13.2,12.0,-9.1,13.3,557.0,2,BAL|CHP,55,65,47,0,0
PDV-01162,Sudeste,SP,São José dos Campos,restaurante,C,16.4,15.3,-6.7,17.9,839.0,3,BAL|CHP|FRZ,60,56,37,1,1
PDV-02633,Sul,PR,Maringá,gastrobar,A,124.4,67.8,-45.5,42.9,2510.0,4,CHP|FRZ|MES,54,37,47,5,1
PDV-02707,Sul,SC,Joinville,pub,A,131.8,143.7,9.0,24.4,2454.0,7,BAL|CHP|FRZ|KVI|LUM|MES,61,59,47,0,1
PDV-00415,Sudeste,ES,Vila Velha,bar premium,B,42.4,40.9,-3.5,31.3,1085.0,3,BAL|CHP|FRZ|MES,72,66,45,0,1
PDV-00010,Sudeste,ES,Vitória,pub,A,172.8,127.9,-26.0,31.6,2433.0,7,BAL|CHP|FRZ|KVI|LUM|MES,62,57,47,3,1
PDV-03521,Nordeste,BA,Salvador,pub,A,46.8,48.7,4.1,31.2,2367.0,5,BAL|CHP|LUM|MES,72,59,47,0,0
PDV-02062,Sul,PR,Londrina,restaurante,B,51.8,28.3,-45.4,25.1,1381.0,4,BAL|CHP|FRZ,53,42,44,4,0
PDV-01752,Sudeste,SP,São Paulo,restaurante,C,7.3,6.4,-12.3,12.9,627.0,4,FRZ|LUM,80,71,33,0,0
PDV-00138,Sudeste,RJ,Petrópolis,choperia,A,169.9,158.4,-6.8,23.5,2203.0,6,BAL|CHP|FRZ|KVI|LUM|MES,51,45,8,0,1
PDV-02634,Sul,SC,Balneário Camboriú,restaurante,A,90.4,59.6,-34.1,38.8,2669.0,6,BAL|KVI|LUM,51,34,47,4,1
PDV-02461,Sul,PR,Londrina,restaurante,A,62.1,46.2,-25.6,33.9,2440.0,6,BAL|FRZ|LUM,75,63,28,4,1
PDV-01053,Sudeste,ES,Vila Velha,restaurante,B,50.9,46.1,-9.4,21.4,1319.0,3,CHP|FRZ|LUM,81,59,47,2,0
PDV-00318,Sudeste,SP,São Paulo,restaurante,B,44.3,39.2,-11.5,20.7,1265.0,6,BAL|CHP|FRZ|KVI,52,52,39,1,0
PDV-03715,Nordeste,BA,Feira de Santana,bar premium,C,4.5,5.1,13.3,18.0,752.0,2,BAL|KVI|LUM,76,65,47,1,1
PDV-00785,Sudeste,RJ,Petrópolis,bar premium,C,19.4,18.8,-3.1,18.8,588.0,4,CHP|FRZ|KVI,61,67,47,1,0
PDV-00599,Sudeste,SP,São José dos Campos,bar premium,B,25.1,15.9,-36.7,31.2,1296.0,3,LUM|MES,62,57,47,3,0
PDV-02857,Centro-Oeste,GO,Goiânia,bar premium,B,31.5,29.4,-6.7,30.7,1356.0,5,BAL|FRZ|KVI,61,50,43,0,0
PDV-02202,Sul,SC,Joinville,pub,B,27.2,27.8,2.2,16.1,1314.0,4,BAL|MES,30,16,47,1,1
PDV-01667,Sudeste,SP,Campinas,rooftop,C,9.5,7.6,-20.0,11.5,754.0,4,BAL,57,46,7,2,1
PDV-03199,Centro-Oeste,MT,Cuiabá,pub,B,31.8,26.5,-16.7,16.8,1445.0,5,CHP|MES,48,53,47,2,1
PDV-01859,Sudeste,SP,São José dos Campos,restaurante,A,113.6,71.0,-37.5,30.4,2407.0,4,BAL|CHP|FRZ|KVI|LUM|MES,74,69,47,4,1
PDV-00817,Sudeste,SP,São Paulo,bar premium,B,35.0,35.0,0.0,23.8,1301.0,4,BAL|CHP|FRZ|LUM,58,36,11,0,1
PDV-03093,Centro-Oeste,DF,Brasília,bar premium,C,7.5,5.6,-25.3,9.9,755.0,4,MES,93,74,47,2,0
PDV-02972,Centro-Oeste,GO,Goiânia,bar premium,C,15.9,14.6,-8.2,3.0,735.0,4,BAL|KVI,70,65,40,1,0
PDV-00831,Sudeste,SP,Campinas,bar premium,B,32.0,27.0,-15.6,22.3,1177.0,4,CHP|LUM,78,63,47,2,0
PDV-01097,Sudeste,MG,Juiz de Fora,bar premium,B,64.1,36.8,-42.6,17.1,1419.0,2,KVI|MES,74,53,47,5,0
PDV-03020,Centro-Oeste,DF,Brasília,choperia,C,9.3,8.7,-6.5,15.8,745.0,1,FRZ|KVI|MES,62,53,14,0,0
PDV-00707,Sudeste,SP,São José dos Campos,bar premium,B,35.8,29.2,-18.4,24.0,1244.0,4,BAL|LUM,60,45,47,2,1
PDV-01511,Sudeste,MG,Juiz de Fora,choperia,B,35.0,28.5,-18.6,13.4,1361.0,3,BAL|FRZ|LUM,44,32,47,2,0
PDV-03839,Nordeste,PE,Olinda,restaurante,B,15.3,17.7,15.7,17.5,1116.0,5,CHP|LUM|MES,70,64,47,0,0
PDV-02299,Sul,PR,Maringá,bar premium,C,7.1,7.0,-1.4,14.2,560.0,3,BAL|KVI|LUM,72,52,24,1,0
PDV-03816,Nordeste,CE,Fortaleza,choperia,C,8.8,9.2,4.5,27.0,818.0,3,FRZ|KVI|LUM,46,32,47,0,0
PDV-01508,Sudeste,MG,Uberlândia,gastrobar,B,47.3,40.2,-15.0,28.2,1134.0,4,CHP|KVI|LUM,44,25,47,1,0
PDV-01001,Sudeste,SP,São Paulo,gastrobar,B,19.7,10.9,-44.7,24.4,1543.0,3,BAL|KVI|LUM|MES,58,49,47,4,1
PDV-02689,Sul,RS,Porto Alegre,bar premium,C,15.8,17.7,12.0,9.4,616.0,1,BAL|CHP|KVI,46,30,47,0,1
PDV-03366,Centro-Oeste,GO,Anápolis,bar premium,B,41.9,39.4,-6.0,23.5,1164.0,4,KVI|LUM|MES,55,51,47,1,0
PDV-02217,Sul,SC,Balneário Camboriú,restaurante,B,25.9,24.1,-6.9,21.2,1210.0,4,KVI|LUM|MES,61,43,47,1,0
PDV-00397,Sudeste,SP,Ribeirão Preto,rooftop,C,12.6,10.6,-15.9,17.2,552.0,2,BAL|CHP|FRZ,64,48,47,2,1
PDV-02191,Sul,PR,Maringá,gastrobar,A,120.0,114.6,-4.5,22.9,2463.0,5,BAL|CHP|FRZ|LUM|MES,80,77,47,2,1
PDV-01685,Sudeste,RJ,Rio de Janeiro,bar premium,A,96.9,85.1,-12.2,36.4,2238.0,5,BAL|FRZ|KVI|LUM|MES,65,60,15,1,1
PDV-00030,Sudeste,MG,Juiz de Fora,pub,B,46.0,45.6,-0.9,27.7,1335.0,5,KVI|MES,66,62,47,0,0
PDV-01084,Sudeste,MG,Uberlândia,gastrobar,C,29.6,24.1,-18.6,12.9,817.0,5,MES,61,51,47,2,0
PDV-01348,Sudeste,MG,Juiz de Fora,restaurante,C,13.4,13.3,-0.7,11.5,504.0,3,BAL|CHP|FRZ,51,37,47,1,0
PDV-02222,Sul,RS,Porto Alegre,pub,A,140.3,134.8,-3.9,41.0,2535.0,7,BAL|CHP|FRZ|KVI|LUM,53,29,47,1,1
PDV-00657,Sudeste,MG,Juiz de Fora,restaurante,C,7.2,3.2,-55.6,13.5,620.0,5,BAL|CHP,68,54,47,4,0
PDV-02300,Sul,RS,Caxias do Sul,pub,A,108.0,97.7,-9.5,26.2,2646.0,6,BAL|CHP|FRZ|KVI|MES,63,48,23,1,1
PDV-02494,Sul,PR,Londrina,choperia,B,52.4,54.4,3.8,22.1,1289.0,5,BAL|CHP|KVI|LUM,47,42,47,1,0
PDV-02372,Sul,RS,Pelotas,pub,B,30.6,30.3,-1.0,31.0,1072.0,4,BAL|KVI|LUM,70,66,47,0,0
PDV-01812,Sudeste,RJ,Petrópolis,pub,B,36.3,34.3,-5.5,24.3,1352.0,5,FRZ|KVI|MES,33,23,47,1,0
PDV-03472,Nordeste,PE,Caruaru,gastrobar,C,6.7,7.5,11.9,6.0,592.0,3,CHP,60,57,47,0,0
PDV-00577,Sudeste,SP,São José dos Campos,pub,C,20.7,12.4,-40.1,16.9,726.0,5,BAL|FRZ,68,43,16,4,0
PDV-03329,Centro-Oeste,DF,Brasília,bar premium,A,184.7,172.1,-6.8,41.7,2570.0,8,BAL|CHP|KVI|LUM|MES,80,84,47,0,0
PDV-03259,Centro-Oeste,MT,Cuiabá,gastrobar,C,13.2,6.4,-51.5,9.4,790.0,4,CHP|FRZ,64,51,29,3,0
PDV-01745,Sudeste,SP,Santos,bar premium,A,191.6,141.0,-26.4,42.8,2538.0,5,BAL|CHP|FRZ|KVI|LUM|MES,43,31,47,2,0
PDV-03466,Nordeste,BA,Feira de Santana,bar premium,A,40.1,24.4,-39.2,34.3,2232.0,4,BAL|FRZ|KVI|LUM|MES,75,49,47,5,0
PDV-02213,Sul,SC,Florianópolis,restaurante,A,66.3,30.2,-54.4,39.1,3054.0,4,BAL|CHP|FRZ|LUM|MES,97,88,47,5,0
PDV-02912,Centro-Oeste,GO,Goiânia,bar premium,B,35.1,29.5,-16.0,23.4,1303.0,3,BAL|FRZ,44,30,19,2,0
PDV-00477,Sudeste,SP,Campinas,choperia,A,68.8,65.7,-4.5,28.0,2188.0,7,BAL|CHP|FRZ|KVI|LUM|MES,66,58,47,0,0
PDV-01991,Sudeste,SP,Santos,gastrobar,A,327.4,302.3,-7.7,38.2,2279.0,6,BAL|CHP|FRZ|KVI|LUM|MES,73,70,47,1,1
PDV-02221,Sul,PR,Londrina,gastrobar,B,64.9,65.8,1.4,27.5,1162.0,3,FRZ|KVI,64,56,47,1,1
PDV-03452,Nordeste,PE,Caruaru,bar premium,C,10.2,11.1,8.8,17.4,742.0,2,BAL|CHP|MES,68,57,47,0,1
PDV-00416,Sudeste,MG,Belo Horizonte,bar premium,B,39.9,38.0,-4.8,20.1,1327.0,5,BAL|LUM|MES,66,44,47,2,0
PDV-03316,Centro-Oeste,GO,Anápolis,bar premium,B,17.1,15.8,-7.6,15.0,1202.0,3,BAL|MES,65,56,47,0,0
PDV-01387,Sudeste,SP,Ribeirão Preto,restaurante,B,30.9,25.9,-16.2,34.9,1403.0,4,FRZ|KVI|LUM|MES,65,69,18,0,0
PDV-03553,Nordeste,BA,Feira de Santana,restaurante,B,16.2,18.6,14.8,25.1,1164.0,4,BAL|CHP|FRZ|MES,51,53,47,0,0
PDV-02011,Sul,RS,Pelotas,gastrobar,C,10.4,9.4,-9.6,3.0,588.0,2,CHP|FRZ|KVI,66,45,47,0,0
PDV-02686,Sul,PR,Londrina,rooftop,A,40.0,33.6,-16.0,39.4,2680.0,6,BAL|CHP|FRZ|KVI|LUM|MES,60,46,47,2,1
PDV-02105,Sul,RS,Porto Alegre,gastrobar,B,62.4,60.3,-3.4,26.3,1195.0,5,CHP|FRZ|KVI|LUM,77,80,47,1,0
PDV-00620,Sudeste,MG,Uberlândia,bar premium,B,19.8,15.5,-21.7,14.3,1534.0,2,BAL|MES,76,54,47,2,0
PDV-03219,Centro-Oeste,DF,Brasília,gastrobar,B,41.5,39.9,-3.9,24.5,1171.0,4,FRZ|LUM,67,55,39,1,0
PDV-03129,Centro-Oeste,GO,Anápolis,gastrobar,A,111.1,67.5,-39.2,35.3,2409.0,6,BAL|CHP|FRZ|KVI|LUM|MES,70,52,47,4,1
PDV-02495,Sul,SC,Florianópolis,bar premium,C,6.3,6.9,9.5,14.3,730.0,3,BAL,62,64,47,1,0
PDV-00623,Sudeste,RJ,Niterói,pub,C,14.3,9.5,-33.6,15.4,715.0,3,CHP|MES,46,27,35,3,0
PDV-00530,Sudeste,MG,Belo Horizonte,gastrobar,B,30.9,26.7,-13.6,24.3,1425.0,4,FRZ|LUM|MES,52,42,47,1,0
PDV-03132,Centro-Oeste,GO,Goiânia,bar premium,B,32.6,19.4,-40.5,13.5,1038.0,4,FRZ|KVI|LUM|MES,69,49,47,3,1
PDV-02393,Sul,RS,Pelotas,pub,B,17.0,16.9,-0.6,22.3,1285.0,5,BAL|CHP|LUM,76,74,47,0,0
PDV-00822,Sudeste,RJ,Petrópolis,pub,C,11.8,9.2,-22.0,8.6,772.0,3,CHP|LUM,80,65,47,2,0
PDV-01496,Sudeste,SP,São Paulo,bar premium,C,9.4,8.8,-6.4,10.9,777.0,3,FRZ|LUM,64,67,47,1,1
PDV-01480,Sudeste,SP,Campinas,bar premium,C,8.1,7.5,-7.4,25.5,656.0,4,BAL|KVI|MES,37,23,20,0,0
PDV-00507,Sudeste,MG,Belo Horizonte,pub,B,19.7,18.9,-4.1,24.9,1129.0,3,BAL|CHP|FRZ|KVI,60,44,47,0,1
PDV-00741,Sudeste,RJ,Petrópolis,gastrobar,B,39.3,40.9,4.1,16.5,1161.0,5,FRZ|LUM,59,58,47,0,1
PDV-02230,Sul,PR,Londrina,bar premium,C,7.3,6.2,-15.1,16.1,579.0,2,LUM,62,43,37,2,0
PDV-03806,Nordeste,CE,Juazeiro do Norte,bar premium,B,23.4,28.2,20.5,19.0,1161.0,6,BAL|FRZ|KVI|MES,52,39,34,1,0
PDV-03578,Nordeste,BA,Salvador,pub,C,8.8,10.5,19.3,20.0,669.0,2,LUM,47,35,47,0,1
PDV-00420,Sudeste,RJ,Rio de Janeiro,pub,C,21.9,13.6,-37.9,9.8,623.0,4,BAL|FRZ,70,58,47,3,0
PDV-00905,Sudeste,SP,Santos,restaurante,C,11.8,7.5,-36.4,9.5,775.0,4,BAL|CHP|KVI,61,46,47,4,0
PDV-01588,Sudeste,RJ,Niterói,choperia,B,49.9,47.1,-5.6,15.1,1131.0,5,FRZ|LUM,48,47,47,1,1
PDV-02024,Sul,PR,Londrina,pub,C,10.9,9.6,-11.9,11.7,797.0,3,BAL,53,37,11,1,0
PDV-02394,Sul,RS,Caxias do Sul,rooftop,C,6.7,7.0,4.5,9.0,691.0,3,BAL|FRZ|LUM,81,72,47,0,0
PDV-01875,Sudeste,RJ,Niterói,restaurante,B,27.1,26.3,-3.0,26.2,1493.0,3,LUM|MES,61,51,47,0,0
PDV-00034,Sudeste,RJ,Niterói,gastrobar,B,30.5,24.4,-20.0,17.3,1078.0,4,CHP|FRZ|KVI|MES,51,35,47,2,1
PDV-00584,Sudeste,SP,Santos,gastrobar,C,16.8,16.4,-2.4,11.9,626.0,3,CHP|FRZ,62,43,47,0,0
PDV-01153,Sudeste,SP,São José dos Campos,bar premium,A,59.5,50.3,-15.5,25.7,2305.0,6,BAL|FRZ|KVI|MES,63,62,47,2,0
PDV-01288,Sudeste,RJ,Niterói,gastrobar,A,63.4,34.0,-46.4,33.7,2672.0,5,BAL|CHP|FRZ|KVI,80,58,47,4,0
PDV-02560,Sul,RS,Pelotas,bar premium,C,14.3,12.8,-10.5,12.8,723.0,4,KVI|LUM|MES,80,70,47,1,0
PDV-01285,Sudeste,MG,Juiz de Fora,bar premium,B,30.5,29.8,-2.3,20.4,1317.0,4,BAL|CHP|KVI|LUM,50,49,47,0,0
PDV-03083,Centro-Oeste,DF,Brasília,pub,A,79.7,70.9,-11.0,22.0,2630.0,6,CHP|KVI|LUM|MES,61,55,47,0,0
PDV-00547,Sudeste,SP,Santos,bar premium,C,25.6,22.5,-12.1,15.7,851.0,4,CHP,68,67,47,2,1
PDV-00597,Sudeste,SP,São José dos Campos,choperia,B,64.4,36.0,-44.1,26.8,1317.0,2,BAL|CHP|MES,72,62,47,3,0
PDV-01391,Sudeste,MG,Uberlândia,pub,C,41.0,21.9,-46.6,16.0,645.0,7,FRZ,69,48,47,5,0
PDV-00541,Sudeste,SP,Ribeirão Preto,bar premium,C,8.8,5.9,-33.0,17.3,870.0,4,CHP|LUM|MES,64,51,23,3,0
PDV-02844,Sul,RS,Caxias do Sul,bar premium,A,193.8,194.9,0.6,29.4,2058.0,7,BAL|CHP|FRZ|KVI|LUM|MES,37,24,47,0,1
PDV-03461,Nordeste,CE,Fortaleza,bar premium,C,10.4,11.7,12.5,11.9,745.0,2,BAL,75,75,47,0,0
PDV-02676,Sul,SC,Florianópolis,restaurante,C,7.1,6.6,-7.0,4.8,734.0,1,BAL|MES,68,69,17,2,0
PDV-03693,Nordeste,BA,Salvador,gastrobar,A,63.0,73.2,16.2,24.6,2431.0,8,BAL|CHP|FRZ|LUM|MES,63,62,31,0,1
PDV-03089,Centro-Oeste,MT,Cuiabá,restaurante,B,37.8,18.0,-52.4,35.3,1294.0,4,BAL|FRZ|KVI,79,58,47,5,1
PDV-01118,Sudeste,RJ,Niterói,restaurante,A,158.2,141.1,-10.8,24.7,2293.0,5,FRZ|KVI|LUM|MES,62,62,47,0,0
PDV-00647,Sudeste,SP,São José dos Campos,restaurante,C,7.9,5.6,-29.1,23.0,652.0,3,BAL|CHP|MES,58,51,47,3,0
PDV-00709,Sudeste,MG,Belo Horizonte,bar premium,B,82.1,69.6,-15.2,22.2,1244.0,4,BAL|CHP|LUM|MES,52,36,47,1,0
PDV-01659,Sudeste,MG,Belo Horizonte,gastrobar,C,13.3,12.3,-7.5,14.4,683.0,5,BAL|CHP|MES,78,77,19,0,1
PDV-00645,Sudeste,SP,Ribeirão Preto,restaurante,C,11.8,6.8,-42.4,20.5,701.0,3,LUM,48,32,47,4,0
PDV-02804,Sul,SC,Florianópolis,bar premium,B,13.0,12.9,-0.8,18.1,1175.0,4,BAL|CHP,49,42,29,1,0
PDV-02856,Centro-Oeste,MS,Campo Grande,pub,C,21.3,18.2,-14.6,6.0,638.0,4,BAL|FRZ|KVI,44,34,47,0,1
PDV-02718,Sul,RS,Caxias do Sul,pub,C,5.6,6.0,7.1,5.6,788.0,1,CHP|KVI|LUM,52,44,47,0,0
PDV-00606,Sudeste,SP,Ribeirão Preto,restaurante,C,19.3,15.5,-19.7,9.6,649.0,4,CHP|FRZ|LUM,75,63,47,2,0
PDV-03481,Nordeste,CE,Fortaleza,bar premium,A,89.0,82.9,-6.9,19.4,2130.0,6,BAL|CHP|FRZ|MES,81,79,47,0,1
PDV-03540,Nordeste,BA,Feira de Santana,choperia,C,18.0,18.7,3.9,9.3,560.0,2,KVI,53,46,47,1,0
PDV-02690,Sul,PR,Maringá,restaurante,A,76.2,76.2,0.0,27.3,2124.0,8,BAL|CHP|FRZ|KVI|LUM|MES,61,46,27,0,0
PDV-03208,Centro-Oeste,GO,Goiânia,gastrobar,B,33.9,24.2,-28.6,20.0,1258.0,2,BAL|CHP|KVI|MES,78,70,47,3,0
PDV-00061,Sudeste,RJ,Rio de Janeiro,gastrobar,C,14.2,9.4,-33.8,13.9,707.0,3,BAL|LUM,56,32,15,3,1
PDV-02311,Sul,PR,Curitiba,restaurante,C,6.3,6.5,3.2,7.2,627.0,4,BAL|CHP|LUM,79,77,47,0,0
PDV-00482,Sudeste,SP,Campinas,gastrobar,B,63.3,60.6,-4.3,17.6,1222.0,5,BAL|MES,64,54,47,0,0
PDV-00395,Sudeste,SP,Campinas,bar premium,A,112.2,97.4,-13.2,25.9,2519.0,6,BAL|CHP|FRZ|KVI|LUM|MES,51,36,47,1,0
PDV-01985,Sudeste,SP,Santos,bar premium,A,80.3,32.0,-60.1,21.8,2686.0,5,BAL|FRZ|KVI|MES,52,44,47,5,1
PDV-02445,Sul,SC,Joinville,restaurante,B,49.7,42.0,-15.5,14.8,1073.0,4,CHP|FRZ|KVI|MES,63,54,47,2,0
PDV-00964,Sudeste,SP,Campinas,gastrobar,B,40.9,38.4,-6.1,26.8,1136.0,4,FRZ|KVI|MES,67,56,10,1,0
PDV-03684,Nordeste,RN,Natal,bar premium,B,25.6,27.7,8.2,16.9,1202.0,4,FRZ|MES,81,68,47,0,0
PDV-02596,Sul,SC,Florianópolis,gastrobar,A,61.1,62.9,2.9,25.4,2069.0,5,BAL|CHP|FRZ|KVI|LUM|MES,55,45,14,0,0
PDV-00069,Sudeste,SP,Ribeirão Preto,bar premium,C,23.2,18.8,-19.0,17.7,688.0,4,BAL|FRZ|LUM,63,50,47,2,0
PDV-02601,Sul,RS,Pelotas,choperia,A,159.1,176.0,10.6,32.6,2130.0,7,BAL|FRZ|LUM,61,54,47,1,1
PDV-02175,Sul,PR,Londrina,bar premium,B,32.5,28.2,-13.2,28.0,1601.0,4,FRZ|LUM,66,50,47,2,0
PDV-01304,Sudeste,SP,Campinas,bar premium,B,21.9,21.0,-4.1,17.6,1276.0,5,CHP|FRZ|LUM|MES,55,54,47,1,1
PDV-01395,Sudeste,RJ,Petrópolis,bar premium,B,45.2,38.2,-15.5,16.3,1497.0,5,BAL|CHP|FRZ,55,52,47,1,0
PDV-02545,Sul,PR,Londrina,bar premium,C,5.1,4.9,-3.9,18.2,716.0,1,KVI,60,49,47,0,0
PDV-02675,Sul,SC,Florianópolis,restaurante,C,19.9,13.2,-33.7,16.0,642.0,4,BAL|CHP,67,57,47,4,0
PDV-03024,Centro-Oeste,DF,Brasília,choperia,B,43.4,21.7,-50.0,14.0,1417.0,4,CHP|KVI|LUM|MES,66,45,47,5,0
PDV-00421,Sudeste,MG,Belo Horizonte,gastrobar,C,10.8,8.8,-18.5,27.0,567.0,4,BAL|MES,72,60,47,2,0
PDV-02606,Sul,PR,Maringá,bar premium,A,56.9,52.5,-7.7,21.5,1879.0,6,BAL|CHP|LUM,44,39,47,2,1
PDV-01501,Sudeste,ES,Vitória,choperia,C,10.9,9.1,-16.5,20.3,660.0,4,BAL|CHP|FRZ,54,36,6,3,0
PDV-01648,Sudeste,MG,Belo Horizonte,choperia,A,41.0,18.3,-55.4,29.0,2934.0,6,BAL|CHP|LUM|MES,67,54,47,5,0
PDV-00427,Sudeste,RJ,Niterói,restaurante,A,79.6,72.8,-8.5,30.0,2757.0,8,BAL|KVI|MES,67,50,47,0,0
PDV-00641,Sudeste,RJ,Rio de Janeiro,restaurante,C,19.2,17.3,-9.9,24.4,767.0,3,CHP|FRZ|MES,48,42,47,1,0
PDV-00816,Sudeste,RJ,Niterói,pub,B,31.4,20.8,-33.8,20.7,1287.0,4,BAL|FRZ,56,48,11,4,0
PDV-02259,Sul,RS,Caxias do Sul,gastrobar,B,20.1,21.0,4.5,21.1,1239.0,4,FRZ|KVI|LUM|MES,46,34,47,1,1
PDV-02048,Sul,RS,Pelotas,rooftop,B,22.3,22.4,0.4,20.0,1570.0,5,BAL|KVI,76,68,47,1,1
PDV-01809,Sudeste,MG,Belo Horizonte,bar premium,A,46.8,26.2,-44.0,38.6,2963.0,6,BAL|CHP|KVI|MES,60,37,47,4,1
PDV-00742,Sudeste,RJ,Petrópolis,restaurante,C,11.0,10.6,-3.6,9.2,566.0,3,LUM,73,68,47,0,0
PDV-01396,Sudeste,SP,São Paulo,bar premium,B,35.6,12.2,-65.7,35.0,1485.0,3,FRZ|KVI,62,35,47,5,0
PDV-00239,Sudeste,SP,São José dos Campos,choperia,C,10.6,9.4,-11.3,14.1,646.0,3,LUM,76,57,47,1,0
PDV-03683,Nordeste,CE,Fortaleza,bar premium,C,6.2,7.5,21.0,7.3,710.0,3,BAL|LUM|MES,79,65,47,1,0
PDV-01349,Sudeste,SP,Santos,gastrobar,C,10.0,9.2,-8.0,8.2,667.0,4,FRZ|KVI|MES,63,63,47,1,0
PDV-01624,Sudeste,RJ,Niterói,bar premium,B,25.8,23.0,-10.9,10.4,1112.0,6,BAL|FRZ,70,56,47,1,0
PDV-02739,Sul,RS,Caxias do Sul,gastrobar,C,13.5,9.3,-31.1,24.8,677.0,5,LUM,79,53,47,3,0
PDV-01121,Sudeste,SP,São José dos Campos,rooftop,B,42.3,44.1,4.3,29.1,1320.0,4,BAL|LUM|MES,50,49,47,1,1
PDV-03040,Centro-Oeste,GO,Goiânia,gastrobar,C,10.4,6.3,-39.4,7.0,613.0,5,KVI|LUM|MES,62,35,6,4,0
PDV-01755,Sudeste,RJ,Niterói,gastrobar,C,7.8,7.0,-10.3,25.8,761.0,2,BAL|KVI,51,40,34,0,1
PDV-02827,Sul,RS,Porto Alegre,gastrobar,A,143.3,142.3,-0.7,38.7,2870.0,5,FRZ|LUM|MES,51,49,47,0,0
PDV-01158,Sudeste,SP,Santos,bar premium,A,90.4,55.3,-38.8,30.2,2505.0,5,BAL|LUM|MES,66,59,47,4,1
PDV-01591,Sudeste,ES,Vitória,bar premium,B,51.7,51.2,-1.0,23.0,1105.0,4,BAL|FRZ|KVI|MES,45,29,47,0,0
PDV-01772,Sudeste,SP,Campinas,bar premium,A,176.5,128.9,-27.0,25.2,2429.0,6,BAL|CHP|FRZ|KVI|LUM|MES,70,61,12,2,0
PDV-00258,Sudeste,MG,Uberlândia,bar premium,B,55.5,27.9,-49.7,23.8,1051.0,3,BAL|CHP|LUM,67,47,12,4,1
PDV-00092,Sudeste,MG,Uberlândia,gastrobar,A,152.7,99.6,-34.8,35.9,2200.0,6,BAL|CHP|FRZ|KVI|MES,86,78,47,3,0
PDV-03182,Centro-Oeste,MS,Campo Grande,gastrobar,A,88.4,89.8,1.6,39.7,2304.0,8,BAL|FRZ|KVI|LUM|MES,56,35,34,1,0
PDV-01765,Sudeste,RJ,Petrópolis,rooftop,C,8.8,8.1,-8.0,16.3,853.0,3,BAL|FRZ|KVI,56,44,47,0,0
PDV-02733,Sul,PR,Curitiba,pub,B,28.3,26.8,-5.3,13.5,1156.0,4,BAL|CHP|KVI|LUM,58,39,47,2,0
PDV-00004,Sudeste,ES,Vila Velha,bar premium,A,152.2,86.4,-43.2,27.1,1991.0,6,BAL|CHP|FRZ|KVI,43,35,47,4,0
PDV-00983,Sudeste,SP,Santos,gastrobar,C,8.7,8.7,0.0,6.1,819.0,4,FRZ|KVI|MES,61,51,36,1,1
PDV-00949,Sudeste,SP,Campinas,bar premium,A,146.8,134.7,-8.2,23.8,2540.0,5,BAL|CHP|FRZ|MES,57,50,47,1,1
PDV-01540,Sudeste,SP,Ribeirão Preto,restaurante,C,18.2,11.7,-35.7,17.1,572.0,5,CHP|FRZ,70,51,47,3,0
PDV-02152,Sul,SC,Balneário Camboriú,gastrobar,A,105.2,90.2,-14.3,20.6,2701.0,8,BAL|KVI|LUM|MES,69,71,47,2,0
PDV-03462,Nordeste,CE,Juazeiro do Norte,restaurante,A,52.6,28.4,-46.0,29.4,2596.0,6,BAL|CHP|FRZ|KVI|LUM,71,65,43,5,0
PDV-03527,Nordeste,RN,Natal,restaurante,A,100.0,81.1,-18.9,29.6,2229.0,7,CHP|FRZ|LUM|MES,63,49,47,3,1
PDV-00974,Sudeste,RJ,Petrópolis,bar premium,C,25.4,20.3,-20.1,17.9,640.0,3,CHP,55,42,47,2,0
PDV-01329,Sudeste,MG,Juiz de Fora,bar premium,A,166.5,120.4,-27.7,28.2,2581.0,7,BAL|CHP|FRZ|LUM,41,21,41,3,0
PDV-00256,Sudeste,SP,Ribeirão Preto,restaurante,B,27.4,13.1,-52.2,19.7,1142.0,3,BAL|FRZ|LUM,58,48,47,4,0
PDV-00142,Sudeste,SP,Ribeirão Preto,pub,B,41.7,34.8,-16.5,14.1,1302.0,3,BAL|LUM,70,67,47,2,0
PDV-03493,Nordeste,PE,Caruaru,restaurante,B,19.1,19.5,2.1,29.8,1225.0,5,CHP|KVI|LUM,61,51,38,1,0
PDV-00278,Sudeste,MG,Belo Horizonte,bar premium,B,48.8,29.1,-40.4,21.5,1122.0,3,KVI|LUM,67,61,27,3,0
PDV-02446,Sul,SC,Balneário Camboriú,pub,A,68.6,32.7,-52.3,32.0,2031.0,4,BAL|CHP|KVI|LUM,60,58,47,3,1
PDV-02825,Sul,PR,Curitiba,gastrobar,A,104.2,93.2,-10.6,30.1,1890.0,7,CHP|LUM|MES,91,89,47,2,0
PDV-00189,Sudeste,SP,São Paulo,restaurante,C,14.2,9.5,-33.1,8.7,865.0,4,FRZ|LUM|MES,51,33,19,4,1
PDV-03581,Nordeste,RN,Natal,bar premium,A,85.3,85.1,-0.2,31.6,2270.0,7,BAL|CHP|FRZ|KVI|MES,85,79,47,2,0
PDV-03780,Nordeste,PE,Caruaru,restaurante,A,110.5,117.0,5.9,25.5,2517.0,8,BAL|FRZ|LUM|MES,62,65,47,0,0
PDV-01649,Sudeste,SP,São Paulo,gastrobar,C,27.9,21.3,-23.7,21.7,716.0,2,FRZ,70,73,47,2,0
PDV-00086,Sudeste,RJ,Petrópolis,choperia,B,35.3,18.2,-48.4,22.8,1512.0,3,BAL|CHP|FRZ|LUM,64,63,47,5,0
PDV-01507,Sudeste,SP,Ribeirão Preto,choperia,A,203.0,148.6,-26.8,30.8,2259.0,6,BAL|FRZ|MES,53,34,47,3,1
PDV-02045,Sul,PR,Curitiba,bar premium,B,25.5,17.2,-32.5,20.4,1143.0,1,FRZ|KVI|LUM,43,36,10,4,0
PDV-03589,Nordeste,CE,Fortaleza,bar premium,B,20.8,24.4,17.3,22.0,1106.0,5,BAL|CHP|FRZ|LUM,63,49,19,0,1
PDV-02881,Centro-Oeste,DF,Brasília,gastrobar,C,15.2,14.7,-3.3,4.7,758.0,2,LUM,27,14,6,0,0
PDV-00854,Sudeste,SP,Ribeirão Preto,restaurante,C,8.5,5.7,-32.9,8.2,658.0,5,KVI|LUM,56,38,47,3,1
PDV-00012,Sudeste,RJ,Rio de Janeiro,bar premium,A,69.2,62.0,-10.4,36.0,2621.0,6,BAL|CHP|KVI,51,26,47,2,1
PDV-02264,Sul,SC,Florianópolis,rooftop,B,33.7,32.1,-4.7,23.8,1032.0,4,BAL|KVI|LUM|MES,68,63,26,2,1
PDV-03194,Centro-Oeste,GO,Anápolis,bar premium,C,7.6,7.2,-5.3,14.0,679.0,2,CHP,72,59,47,1,0
PDV-02368,Sul,PR,Londrina,gastrobar,C,9.7,9.7,0.0,18.8,820.0,3,BAL|LUM,54,53,11,1,0
PDV-00947,Sudeste,RJ,Niterói,gastrobar,B,32.0,25.0,-21.9,28.9,978.0,4,BAL|CHP|LUM,64,49,47,2,0
PDV-03439,Nordeste,CE,Juazeiro do Norte,pub,B,22.9,26.3,14.8,18.8,1025.0,5,BAL|KVI|MES,78,65,47,0,0
PDV-01370,Sudeste,SP,São José dos Campos,gastrobar,B,24.8,14.8,-40.3,23.4,1225.0,3,LUM|MES,84,69,47,4,0
PDV-02303,Sul,SC,Balneário Camboriú,choperia,C,18.1,10.6,-41.4,14.8,635.0,5,BAL|KVI,63,38,47,5,0
PDV-03161,Centro-Oeste,GO,Anápolis,pub,A,95.3,79.7,-16.4,30.1,2331.0,7,FRZ|KVI|MES,64,63,47,2,1
PDV-02005,Sul,PR,Maringá,bar premium,A,93.5,88.2,-5.7,35.3,2360.0,8,BAL|CHP|FRZ|KVI|LUM|MES,66,62,47,1,1
PDV-03363,Centro-Oeste,GO,Anápolis,restaurante,C,4.1,3.7,-9.8,16.1,837.0,3,BAL|CHP|FRZ,66,55,23,1,0
PDV-03502,Nordeste,BA,Feira de Santana,gastrobar,B,32.7,36.0,10.1,17.0,1282.0,4,BAL|CHP|KVI,56,53,41,0,0
PDV-01917,Sudeste,RJ,Rio de Janeiro,pub,B,56.3,56.2,-0.2,28.6,1177.0,3,BAL|CHP|FRZ|LUM,71,74,47,0,0
PDV-00743,Sudeste,RJ,Niterói,bar premium,A,146.7,140.5,-4.2,30.4,2315.0,5,BAL|CHP|FRZ|MES,54,40,47,0,1
PDV-03070,Centro-Oeste,MT,Cuiabá,pub,C,9.2,5.0,-45.7,7.2,685.0,3,FRZ|MES,60,52,47,4,0
PDV-00312,Sudeste,RJ,Petrópolis,restaurante,B,42.9,29.2,-31.9,37.1,1298.0,6,CHP|FRZ|KVI|LUM,52,34,47,3,1
PDV-01543,Sudeste,RJ,Niterói,pub,A,59.4,57.0,-4.0,23.8,2775.0,5,BAL|CHP|KVI|LUM|MES,67,63,47,1,1
PDV-03545,Nordeste,RN,Natal,gastrobar,C,5.3,5.9,11.3,7.1,710.0,3,CHP|KVI,58,77,12,0,0
PDV-03807,Nordeste,PE,Caruaru,restaurante,B,16.6,16.6,0.0,19.1,1191.0,4,CHP|KVI|LUM,67,44,47,2,1
PDV-00918,Sudeste,MG,Juiz de Fora,pub,C,13.1,12.2,-6.9,5.3,695.0,4,BAL|MES,47,33,47,0,1
PDV-03824,Nordeste,BA,Feira de Santana,choperia,B,30.2,31.5,4.3,31.2,1786.0,5,CHP|FRZ|LUM|MES,61,42,47,2,0
PDV-02729,Sul,RS,Pelotas,bar premium,A,169.3,159.5,-5.8,30.7,3004.0,5,BAL|CHP|FRZ|KVI|LUM|MES,80,64,30,2,0
PDV-02336,Sul,SC,Florianópolis,pub,A,84.6,76.4,-9.7,27.4,2482.0,6,BAL|CHP|FRZ|KVI|LUM|MES,69,54,47,0,1
PDV-00705,Sudeste,SP,Santos,pub,B,36.5,33.3,-8.8,20.5,1097.0,3,KVI|MES,69,68,47,1,0
PDV-01608,Sudeste,MG,Uberlândia,gastrobar,B,37.6,20.6,-45.2,3.3,1063.0,4,BAL|CHP|KVI,64,47,47,5,0
PDV-03797,Nordeste,BA,Salvador,gastrobar,C,24.0,27.9,16.2,16.6,757.0,2,CHP|FRZ,72,68,47,0,0
PDV-01096,Sudeste,RJ,Petrópolis,gastrobar,C,20.1,18.7,-7.0,14.3,777.0,3,BAL|CHP|LUM,72,49,47,2,0
PDV-00989,Sudeste,SP,Santos,rooftop,C,16.5,9.1,-44.8,12.0,729.0,4,BAL|FRZ|KVI,37,15,27,4,0
PDV-02862,Centro-Oeste,MT,Cuiabá,bar premium,C,23.1,21.8,-5.6,16.7,650.0,4,CHP|LUM,51,46,46,0,0
PDV-00740,Sudeste,SP,Ribeirão Preto,bar premium,C,23.9,19.7,-17.6,12.5,659.0,2,LUM,67,55,47,2,0
PDV-01232,Sudeste,RJ,Niterói,bar premium,C,8.2,7.4,-9.8,15.5,542.0,4,BAL|MES,65,56,47,1,0
PDV-02370,Sul,PR,Maringá,pub,A,74.1,46.8,-36.8,32.9,2435.0,5,BAL|FRZ|KVI,63,52,47,3,0
PDV-00211,Sudeste,MG,Belo Horizonte,bar premium,B,35.6,31.4,-11.8,16.9,971.0,6,FRZ|LUM,39,30,47,2,1
PDV-00569,Sudeste,SP,Santos,pub,B,30.0,26.7,-11.0,27.1,1046.0,6,BAL|KVI|LUM|MES,39,34,47,0,0
PDV-01356,Sudeste,SP,Santos,bar premium,C,18.5,8.2,-55.7,9.4,728.0,5,FRZ|LUM,61,46,47,4,1
PDV-00450,Sudeste,ES,Vila Velha,bar premium,C,25.5,22.9,-10.2,14.2,725.0,4,FRZ|MES,68,48,15,1,0
PDV-02279,Sul,PR,Curitiba,bar premium,C,15.4,16.6,7.8,15.7,682.0,2,FRZ|MES,49,52,47,1,1
PDV-00335,Sudeste,RJ,Rio de Janeiro,bar premium,C,13.4,6.6,-50.7,14.3,649.0,4,FRZ,57,47,47,3,0
PDV-01524,Sudeste,SP,São Paulo,gastrobar,A,124.0,75.0,-39.5,38.8,2582.0,4,BAL|CHP|FRZ|KVI|LUM|MES,86,70,47,3,0
PDV-02147,Sul,RS,Porto Alegre,bar premium,C,6.9,4.6,-33.3,5.9,770.0,3,BAL|CHP|KVI,59,35,47,4,0
PDV-00445,Sudeste,RJ,Petrópolis,gastrobar,A,54.6,44.7,-18.1,25.7,2453.0,6,CHP|FRZ|KVI,51,43,40,2,1
PDV-03708,Nordeste,BA,Salvador,pub,B,14.1,16.0,13.5,12.7,1375.0,4,BAL|FRZ,78,64,13,0,1
PDV-03379,Centro-Oeste,GO,Anápolis,pub,A,119.3,89.4,-25.1,35.2,2429.0,7,FRZ|KVI|LUM,78,65,24,1,1
PDV-01006,Sudeste,SP,São José dos Campos,restaurante,A,109.8,65.1,-40.7,28.5,2513.0,6,BAL|CHP|FRZ|KVI|LUM|MES,49,44,47,4,1
PDV-02467,Sul,RS,Porto Alegre,pub,C,11.9,10.8,-9.2,6.9,824.0,3,BAL|MES,76,57,47,2,0
PDV-02458,Sul,SC,Florianópolis,rooftop,C,16.9,16.9,0.0,8.3,666.0,4,BAL|CHP|MES,53,41,47,0,1
PDV-03418,Nordeste,PE,Recife,gastrobar,B,21.9,25.2,15.1,20.3,1164.0,3,CHP|MES,49,46,47,1,1
PDV-03681,Nordeste,CE,Juazeiro do Norte,gastrobar,C,6.2,6.6,6.5,12.9,628.0,3,FRZ|LUM,95,87,47,0,0
PDV-03773,Nordeste,CE,Juazeiro do Norte,pub,C,10.9,10.5,-3.7,16.7,676.0,3,BAL|KVI|LUM,55,43,47,2,1
PDV-02432,Sul,RS,Porto Alegre,choperia,B,17.2,18.5,7.6,22.2,1161.0,2,BAL|CHP|KVI|MES,50,33,47,0,0
PDV-00103,Sudeste,SP,Ribeirão Preto,gastrobar,A,109.4,88.6,-19.0,30.7,2346.0,5,BAL|CHP|FRZ|KVI|LUM|MES,72,60,47,2,1
PDV-00937,Sudeste,MG,Belo Horizonte,bar premium,C,6.4,5.7,-10.9,12.3,684.0,4,CHP|FRZ,47,32,47,1,0
PDV-03169,Centro-Oeste,MT,Cuiabá,restaurante,B,42.4,25.2,-40.6,23.9,1577.0,2,BAL|LUM,37,36,47,4,0
PDV-01596,Sudeste,SP,Santos,bar premium,C,13.4,11.6,-13.4,16.4,790.0,4,FRZ|MES,76,66,47,2,0
PDV-01655,Sudeste,SP,Santos,gastrobar,C,10.0,6.6,-34.0,11.2,750.0,3,KVI|LUM,74,62,6,3,0
PDV-00490,Sudeste,ES,Vila Velha,pub,B,41.8,29.7,-28.9,28.8,1332.0,4,FRZ|KVI|MES,66,48,47,3,0
PDV-01782,Sudeste,RJ,Niterói,pub,C,11.1,8.0,-27.9,17.8,551.0,4,FRZ,60,52,47,3,1
PDV-01194,Sudeste,SP,São Paulo,bar premium,C,5.3,4.3,-18.9,8.7,636.0,3,BAL|KVI|MES,54,32,47,3,1
PDV-03166,Centro-Oeste,GO,Anápolis,rooftop,A,40.7,18.9,-53.6,17.3,2457.0,5,BAL|CHP|FRZ|KVI|LUM|MES,72,52,47,5,1
PDV-01142,Sudeste,SP,Santos,bar premium,B,23.0,17.6,-23.5,23.0,1184.0,3,BAL|KVI|MES,79,63,47,2,1
PDV-01131,Sudeste,MG,Juiz de Fora,restaurante,C,36.7,28.6,-22.1,11.1,537.0,4,KVI|LUM,59,53,47,2,0
PDV-01825,Sudeste,SP,São Paulo,restaurante,B,27.0,24.0,-11.1,29.4,1258.0,4,BAL|FRZ|LUM|MES,72,62,47,1,0
PDV-03594,Nordeste,CE,Fortaleza,bar premium,B,36.3,41.0,12.9,15.4,1421.0,5,CHP|FRZ|LUM|MES,70,59,47,1,0
PDV-01453,Sudeste,RJ,Niterói,gastrobar,C,22.2,19.6,-11.7,8.7,705.0,2,BAL|KVI,52,49,46,2,1
PDV-02288,Sul,SC,Joinville,bar premium,B,49.3,44.0,-10.8,18.1,1192.0,5,FRZ|KVI|LUM|MES,36,23,47,2,1
PDV-00249,Sudeste,SP,Santos,restaurante,A,118.0,106.2,-10.0,34.7,1926.0,7,BAL|CHP|FRZ|KVI|LUM|MES,48,36,45,2,1
PDV-03778,Nordeste,PE,Caruaru,bar premium,B,36.2,33.7,-6.9,29.4,1409.0,4,FRZ|MES,52,48,8,2,0
PDV-01773,Sudeste,SP,Campinas,gastrobar,C,13.6,12.9,-5.1,31.1,578.0,3,CHP|KVI,71,56,47,2,1
PDV-02939,Centro-Oeste,DF,Brasília,pub,A,104.7,54.4,-48.0,27.3,2925.0,5,CHP|FRZ|KVI,63,49,47,4,0
PDV-02909,Centro-Oeste,MS,Campo Grande,rooftop,A,49.4,29.9,-39.5,28.9,2511.0,4,BAL|CHP|FRZ,52,45,23,3,0
PDV-01518,Sudeste,SP,São José dos Campos,rooftop,B,47.9,43.4,-9.4,18.3,1381.0,4,BAL|FRZ|KVI|MES,49,47,47,1,1
PDV-00810,Sudeste,MG,Juiz de Fora,gastrobar,A,154.2,145.5,-5.6,33.6,2137.0,6,CHP|FRZ|LUM|MES,68,57,40,0,0
PDV-01665,Sudeste,SP,Ribeirão Preto,gastrobar,A,117.5,100.3,-14.6,28.0,2439.0,8,CHP|FRZ|LUM,58,50,47,2,1
PDV-00407,Sudeste,MG,Juiz de Fora,bar premium,A,117.9,101.6,-13.8,28.2,2672.0,7,BAL|CHP|FRZ|LUM,66,48,34,2,0
PDV-00444,Sudeste,MG,Juiz de Fora,gastrobar,A,168.2,66.2,-60.6,31.7,2505.0,4,BAL|CHP|FRZ|KVI|LUM|MES,76,58,26,5,1
PDV-03269,Centro-Oeste,GO,Anápolis,restaurante,C,9.0,8.2,-8.9,17.7,695.0,5,CHP|KVI|MES,64,55,47,1,0
PDV-00726,Sudeste,SP,Campinas,choperia,B,51.4,46.2,-10.1,13.5,1379.0,2,BAL|CHP|MES,59,43,12,0,1
PDV-01199,Sudeste,SP,Ribeirão Preto,gastrobar,C,21.9,19.7,-10.0,4.8,697.0,3,BAL,70,65,47,1,0
PDV-01043,Sudeste,RJ,Petrópolis,bar premium,B,39.4,39.2,-0.5,25.5,1013.0,3,CHP|KVI|LUM,48,43,47,0,0
PDV-00059,Sudeste,RJ,Niterói,restaurante,B,27.0,15.6,-42.2,24.5,1097.0,4,BAL|FRZ|LUM|MES,51,37,47,3,0
PDV-00068,Sudeste,RJ,Petrópolis,bar premium,B,27.2,25.7,-5.5,28.4,1310.0,3,CHP|KVI|LUM|MES,71,58,22,0,0
PDV-00180,Sudeste,RJ,Rio de Janeiro,pub,A,105.4,93.7,-11.1,29.2,2333.0,6,BAL|CHP|FRZ|KVI|MES,76,72,47,1,1
PDV-00733,Sudeste,MG,Belo Horizonte,rooftop,C,11.9,11.0,-7.6,10.7,736.0,4,KVI|MES,51,44,47,1,0
PDV-03256,Centro-Oeste,MS,Campo Grande,pub,A,68.8,44.0,-36.0,23.6,1674.0,5,BAL|CHP|FRZ|KVI|MES,71,60,15,2,0
PDV-00615,Sudeste,MG,Juiz de Fora,pub,C,10.5,6.7,-36.2,17.7,720.0,5,CHP|MES,39,32,47,4,1
PDV-02386,Sul,PR,Londrina,choperia,C,6.8,6.2,-8.8,12.7,590.0,4,CHP|FRZ|KVI,49,43,47,1,1
PDV-03126,Centro-Oeste,MT,Cuiabá,choperia,B,26.5,22.7,-14.3,18.9,1056.0,4,BAL|CHP|FRZ|MES,51,49,47,0,0
PDV-02672,Sul,SC,Joinville,bar premium,C,9.3,10.6,14.0,20.4,759.0,3,FRZ|LUM,45,35,47,0,1
PDV-01262,Sudeste,RJ,Petrópolis,rooftop,B,47.8,44.9,-6.1,21.7,1477.0,3,BAL|KVI|LUM|MES,24,13,47,1,1
PDV-03654,Nordeste,PE,Olinda,bar premium,C,5.8,6.2,6.9,22.0,682.0,3,FRZ|KVI|MES,88,83,47,0,0
PDV-01203,Sudeste,RJ,Niterói,gastrobar,C,13.0,12.5,-3.8,13.7,716.0,3,CHP|MES,63,61,9,0,0
PDV-01554,Sudeste,RJ,Petrópolis,choperia,C,11.6,9.8,-15.5,11.2,646.0,3,CHP|LUM|MES,42,19,47,2,0
PDV-00917,Sudeste,RJ,Niterói,restaurante,C,26.6,20.3,-23.7,11.8,824.0,3,CHP|KVI,58,47,47,1,0
PDV-02554,Sul,PR,Maringá,choperia,C,9.3,8.8,-5.4,3.0,638.0,4,CHP,71,59,47,1,0
PDV-02855,Centro-Oeste,DF,Brasília,bar premium,B,40.6,22.9,-43.6,15.8,1435.0,3,FRZ|KVI|LUM|MES,59,47,47,4,1
PDV-00714,Sudeste,RJ,Petrópolis,bar premium,C,11.8,8.0,-32.2,13.1,726.0,5,KVI,48,39,47,4,1
PDV-02829,Sul,SC,Joinville,gastrobar,B,36.1,28.8,-20.2,17.2,1086.0,4,CHP|KVI,54,42,32,2,0
PDV-02044,Sul,RS,Pelotas,bar premium,B,46.8,47.4,1.3,28.0,1283.0,5,BAL|KVI,61,49,47,1,1
PDV-00149,Sudeste,RJ,Niterói,restaurante,A,78.6,55.1,-29.9,25.9,2284.0,5,BAL|CHP|KVI|LUM|MES,76,68,47,3,0
PDV-02643,Sul,PR,Curitiba,bar premium,A,62.8,33.7,-46.3,30.7,1956.0,5,BAL|CHP|FRZ|KVI|LUM|MES,52,27,47,4,1
PDV-01115,Sudeste,RJ,Niterói,rooftop,B,43.5,37.4,-14.0,12.4,1063.0,4,CHP|KVI|LUM|MES,75,69,47,1,0
PDV-03599,Nordeste,BA,Salvador,choperia,A,183.3,148.2,-19.1,20.7,2548.0,6,BAL|CHP|FRZ|MES,62,38,47,3,1
PDV-01838,Sudeste,MG,Belo Horizonte,restaurante,C,20.7,18.5,-10.6,18.3,759.0,3,CHP|FRZ|MES,55,48,29,1,0
PDV-00254,Sudeste,SP,Santos,bar premium,C,32.0,26.2,-18.1,15.8,667.0,3,CHP|KVI,84,76,47,2,0
PDV-00778,Sudeste,SP,Santos,choperia,C,8.5,5.3,-37.6,9.4,720.0,3,BAL,58,39,47,3,0
PDV-01260,Sudeste,SP,Santos,restaurante,A,102.3,56.8,-44.5,36.7,2456.0,6,BAL|CHP|KVI|LUM|MES,58,46,47,5,0
PDV-02722,Sul,RS,Caxias do Sul,bar premium,A,122.2,99.1,-18.9,28.8,2617.0,7,BAL|CHP|FRZ|KVI|MES,72,51,47,3,0
PDV-02756,Sul,PR,Maringá,gastrobar,A,67.0,36.0,-46.3,31.7,2875.0,4,BAL|CHP|FRZ|KVI|LUM|MES,64,47,47,5,1
PDV-02792,Sul,SC,Balneário Camboriú,gastrobar,B,63.7,55.9,-12.2,27.7,1236.0,5,BAL|KVI|MES,51,35,47,1,0
PDV-03138,Centro-Oeste,GO,Anápolis,bar premium,C,11.1,6.1,-45.0,16.6,627.0,3,MES,69,49,47,3,0
PDV-00550,Sudeste,SP,Ribeirão Preto,gastrobar,C,8.5,7.8,-8.2,14.5,712.0,4,BAL|FRZ|KVI,53,41,47,2,1
PDV-03431,Nordeste,CE,Fortaleza,bar premium,A,77.9,71.2,-8.6,29.2,2773.0,6,CHP|KVI|LUM,43,36,47,2,1
PDV-00966,Sudeste,SP,São José dos Campos,restaurante,C,20.0,13.6,-32.0,15.2,659.0,3,KVI,50,31,47,3,0
PDV-01539,Sudeste,MG,Uberlândia,gastrobar,A,119.5,73.3,-38.7,14.9,1940.0,5,CHP|FRZ|KVI|LUM,43,34,18,4,0
PDV-02974,Centro-Oeste,DF,Brasília,restaurante,C,14.3,8.3,-42.0,19.7,668.0,6,FRZ|KVI|MES,51,39,33,4,0
PDV-01636,Sudeste,SP,Santos,restaurante,C,11.9,7.1,-40.3,11.0,654.0,4,CHP|FRZ|KVI,56,34,47,5,0
PDV-00126,Sudeste,SP,Campinas,gastrobar,C,23.3,17.5,-24.9,16.8,836.0,4,MES,58,50,47,2,0
PDV-00941,Sudeste,SP,Santos,pub,B,29.5,24.3,-17.6,31.4,1443.0,1,BAL|FRZ|KVI|MES,79,67,35,1,0
PDV-03253,Centro-Oeste,DF,Brasília,pub,A,155.9,110.5,-29.1,39.6,2490.0,7,BAL|FRZ|KVI|LUM|MES,66,61,16,2,0
PDV-02954,Centro-Oeste,DF,Brasília,bar premium,C,15.6,13.1,-16.0,18.6,764.0,3,MES,62,44,47,1,0
PDV-00348,Sudeste,SP,Santos,bar premium,B,17.4,16.1,-7.5,20.4,1357.0,3,BAL|CHP|FRZ,68,48,47,0,0
PDV-02959,Centro-Oeste,GO,Anápolis,bar premium,C,9.6,7.3,-24.0,19.5,645.0,3,BAL|FRZ,72,59,47,3,0
PDV-01660,Sudeste,SP,São José dos Campos,pub,A,131.6,129.7,-1.4,27.1,2835.0,6,BAL|CHP|FRZ|LUM,69,59,15,0,1
PDV-00526,Sudeste,MG,Uberlândia,pub,B,36.2,32.7,-9.7,22.3,1055.0,4,BAL|FRZ|MES,56,36,35,1,0
PDV-02450,Sul,SC,Joinville,restaurante,A,84.1,50.4,-40.1,22.0,2148.0,5,BAL|KVI|MES,63,44,26,3,1
PDV-02118,Sul,PR,Curitiba,bar premium,C,9.5,11.0,15.8,20.5,638.0,2,BAL|CHP|MES,77,71,47,1,0
PDV-02511,Sul,SC,Joinville,bar premium,C,11.6,11.3,-2.6,13.0,635.0,3,CHP,37,22,47,1,1
PDV-02618,Sul,RS,Caxias do Sul,bar premium,B,36.9,36.3,-1.6,24.1,1312.0,5,CHP|KVI|LUM|MES,61,46,21,0,1
PDV-01634,Sudeste,RJ,Petrópolis,restaurante,B,33.5,14.3,-57.3,20.9,1144.0,5,CHP|FRZ|KVI|MES,55,42,47,4,1
PDV-01050,Sudeste,ES,Vitória,pub,B,56.6,47.8,-15.5,21.0,1317.0,3,BAL|LUM|MES,61,63,47,0,0
PDV-01455,Sudeste,SP,São José dos Campos,bar premium,A,103.8,48.1,-53.7,40.8,3067.0,4,CHP|FRZ|LUM|MES,76,64,31,5,1
PDV-00497,Sudeste,RJ,Niterói,bar premium,A,175.1,138.6,-20.8,29.5,2464.0,7,BAL|KVI|LUM,79,57,47,2,1
PDV-00874,Sudeste,SP,Santos,bar premium,C,7.3,5.6,-23.3,11.1,690.0,4,FRZ|KVI,60,32,47,3,1
PDV-02735,Sul,PR,Curitiba,bar premium,A,111.1,63.7,-42.7,22.4,2002.0,6,CHP|KVI|LUM|MES,67,61,47,3,0
PDV-03108,Centro-Oeste,DF,Brasília,gastrobar,B,39.0,36.1,-7.4,18.7,971.0,2,BAL|FRZ|MES,75,65,47,2,0
PDV-03832,Nordeste,PE,Recife,pub,C,15.3,15.6,2.0,17.6,646.0,1,CHP|MES,71,56,47,0,0
PDV-00533,Sudeste,MG,Juiz de Fora,bar premium,A,143.0,111.4,-22.1,32.1,2653.0,6,BAL|CHP|KVI,63,50,38,2,1
PDV-01058,Sudeste,SP,São Paulo,rooftop,C,5.0,3.7,-26.0,15.8,626.0,3,CHP|LUM|MES,71,48,47,2,0
PDV-03767,Nordeste,CE,Juazeiro do Norte,pub,A,94.2,103.2,9.6,30.1,2156.0,6,BAL|CHP|FRZ|LUM|MES,45,44,47,0,1
PDV-02537,Sul,PR,Curitiba,bar premium,C,4.8,4.6,-4.2,15.6,671.0,3,CHP|MES,74,62,47,2,1
PDV-02997,Centro-Oeste,GO,Goiânia,gastrobar,C,12.6,9.2,-27.0,6.8,694.0,4,KVI,61,55,47,2,0
PDV-02609,Sul,SC,Balneário Camboriú,bar premium,C,9.3,9.0,-3.2,15.7,695.0,3,KVI,98,78,47,1,0
PDV-00680,Sudeste,SP,Ribeirão Preto,rooftop,A,101.6,53.6,-47.2,40.0,2294.0,5,BAL|CHP|FRZ|LUM|MES,63,54,47,5,0
PDV-01647,Sudeste,SP,São José dos Campos,bar premium,B,46.6,34.0,-27.0,18.0,1251.0,4,BAL|CHP|KVI|MES,57,42,47,3,0
PDV-01886,Sudeste,SP,Santos,bar premium,A,90.2,61.0,-32.4,37.3,2322.0,6,BAL|CHP|FRZ|KVI|LUM|MES,66,60,47,4,1
PDV-01068,Sudeste,MG,Uberlândia,rooftop,A,92.7,81.0,-12.6,33.7,2396.0,5,BAL|KVI|LUM|MES,54,38,47,1,0
PDV-00838,Sudeste,SP,São José dos Campos,pub,B,58.2,36.5,-37.3,23.0,1278.0,4,BAL|FRZ|KVI,50,34,47,3,1
PDV-03487,Nordeste,PE,Olinda,gastrobar,C,9.8,10.5,7.1,16.6,750.0,1,BAL|FRZ,46,35,47,0,0
PDV-03251,Centro-Oeste,GO,Anápolis,restaurante,C,16.2,9.7,-40.1,8.9,683.0,3,LUM,60,44,47,3,0
PDV-01749,Sudeste,SP,São José dos Campos,bar premium,A,108.9,90.7,-16.7,23.5,2458.0,7,BAL|CHP|FRZ|KVI|LUM|MES,45,40,47,0,0
PDV-03243,Centro-Oeste,GO,Goiânia,bar premium,B,30.3,28.1,-7.3,25.1,1257.0,5,BAL|KVI,78,57,47,1,1
PDV-03082,Centro-Oeste,DF,Brasília,gastrobar,A,74.9,60.8,-18.8,29.6,2502.0,7,BAL|FRZ|KVI,75,67,47,1,0
PDV-01235,Sudeste,MG,Juiz de Fora,bar premium,C,9.1,6.2,-31.9,6.5,612.0,3,FRZ|LUM,59,40,13,3,1
PDV-00063,Sudeste,SP,São Paulo,bar premium,B,39.7,36.1,-9.1,8.6,967.0,5,BAL|CHP|KVI|LUM,36,32,47,0,0
PDV-00472,Sudeste,SP,Santos,bar premium,C,21.9,20.0,-8.7,14.4,642.0,3,FRZ|KVI,59,48,21,0,0
PDV-01311,Sudeste,RJ,Petrópolis,restaurante,A,103.4,87.1,-15.8,33.3,2357.0,6,BAL|CHP|KVI|LUM|MES,45,37,47,2,1
PDV-01215,Sudeste,RJ,Petrópolis,restaurante,B,23.9,23.2,-2.9,31.5,1561.0,4,CHP|FRZ|LUM|MES,68,67,47,0,0
PDV-01343,Sudeste,SP,Santos,restaurante,C,11.8,6.7,-43.2,12.2,751.0,2,CHP|KVI|LUM,65,52,8,3,1
PDV-02559,Sul,RS,Caxias do Sul,rooftop,A,132.1,112.2,-15.1,21.6,2344.0,6,BAL|CHP|FRZ|KVI|LUM|MES,83,71,47,2,1
PDV-02100,Sul,RS,Porto Alegre,pub,B,34.5,24.7,-28.4,28.0,1181.0,3,FRZ|KVI|LUM|MES,55,42,47,4,0
PDV-01468,Sudeste,SP,São Paulo,pub,C,17.2,12.5,-27.3,17.8,608.0,2,FRZ|KVI|LUM,73,64,42,3,0
PDV-03641,Nordeste,BA,Salvador,bar premium,C,11.2,12.6,12.5,14.3,700.0,3,CHP|LUM|MES,88,73,47,0,0
PDV-02740,Sul,PR,Maringá,choperia,B,30.9,33.0,6.8,31.5,1087.0,4,CHP|KVI|LUM,49,31,47,0,1
PDV-01680,Sudeste,SP,Santos,bar premium,A,78.3,70.6,-9.8,24.7,2948.0,7,BAL|CHP|FRZ|KVI|LUM|MES,49,48,24,2,0
PDV-03115,Centro-Oeste,GO,Anápolis,choperia,B,22.5,17.3,-23.1,22.7,1226.0,3,FRZ|KVI|LUM|MES,68,64,28,2,0
PDV-03732,Nordeste,RN,Natal,gastrobar,B,34.3,36.6,6.7,21.4,1411.0,3,BAL|FRZ|KVI|LUM,70,57,47,1,0
PDV-00342,Sudeste,SP,São Paulo,bar premium,C,17.1,12.5,-26.9,9.7,817.0,4,CHP,72,54,11,3,0
PDV-02026,Sul,PR,Londrina,bar premium,A,110.3,52.1,-52.8,23.0,2527.0,5,BAL|CHP|FRZ|KVI|LUM|MES,72,68,44,4,0
PDV-03134,Centro-Oeste,MS,Campo Grande,rooftop,C,16.9,16.7,-1.2,10.8,841.0,3,BAL|FRZ,77,63,47,0,1
PDV-03448,Nordeste,PE,Olinda,pub,C,10.1,12.0,18.8,11.3,551.0,3,FRZ|KVI,62,52,47,0,0
PDV-03009,Centro-Oeste,DF,Brasília,gastrobar,A,96.0,90.4,-5.8,29.1,2705.0,7,BAL|CHP|FRZ|KVI|LUM|MES,79,79,6,0,1
PDV-00354,Sudeste,RJ,Petrópolis,pub,B,51.0,26.0,-49.0,20.3,889.0,3,BAL|CHP,62,61,47,4,0
PDV-02480,Sul,RS,Porto Alegre,gastrobar,B,26.8,25.1,-6.3,22.0,1398.0,2,FRZ|KVI|MES,71,56,47,2,0
PDV-03742,Nordeste,PE,Caruaru,bar premium,A,94.6,100.0,5.7,29.2,2026.0,7,CHP|FRZ|KVI|LUM|MES,85,76,47,1,0
PDV-00656,Sudeste,MG,Juiz de Fora,pub,A,97.0,91.9,-5.3,24.3,2469.0,4,CHP|LUM|MES,58,53,31,0,1
PDV-00509,Sudeste,MG,Uberlândia,restaurante,C,7.3,4.9,-32.9,22.9,592.0,3,BAL|KVI|MES,44,32,47,3,0
PDV-02463,Sul,SC,Joinville,gastrobar,A,143.0,72.9,-49.0,32.8,2661.0,5,BAL|FRZ|KVI|LUM,60,55,22,4,0
PDV-03392,Nordeste,BA,Feira de Santana,restaurante,C,5.1,5.6,9.8,8.6,651.0,3,BAL|FRZ|LUM,74,55,47,0,1
PDV-02642,Sul,PR,Londrina,restaurante,C,11.9,7.4,-37.8,8.2,815.0,4,BAL|CHP,44,27,36,5,0
PDV-03679,Nordeste,RN,Natal,bar premium,A,159.2,168.2,5.7,33.6,2614.0,6,BAL|FRZ|LUM|MES,72,71,47,1,0
PDV-00277,Sudeste,RJ,Rio de Janeiro,rooftop,A,109.2,54.8,-49.8,37.4,2174.0,6,CHP|KVI|LUM|MES,64,53,47,5,1
PDV-03403,Nordeste,PE,Caruaru,restaurante,B,32.9,35.8,8.8,22.8,1152.0,4,BAL|KVI|LUM|MES,65,50,47,0,0
PDV-03273,Centro-Oeste,GO,Goiânia,pub,A,92.8,85.0,-8.4,33.4,2460.0,6,BAL|CHP|FRZ|KVI|LUM|MES,50,30,47,2,0
PDV-00931,Sudeste,RJ,Petrópolis,restaurante,B,22.5,19.1,-15.1,24.1,1107.0,4,BAL|FRZ|LUM|MES,52,40,47,1,0
PDV-00166,Sudeste,MG,Juiz de Fora,gastrobar,A,140.2,97.3,-30.6,32.4,2090.0,7,BAL|CHP|KVI|LUM|MES,67,48,34,3,0
PDV-01791,Sudeste,SP,São Paulo,bar premium,B,83.1,72.6,-12.6,24.0,1172.0,4,BAL|FRZ|KVI|MES,57,45,24,1,0
PDV-02006,Sul,SC,Joinville,choperia,A,195.3,170.4,-12.7,17.3,2875.0,7,BAL|FRZ|LUM|MES,67,54,47,1,0
PDV-02889,Centro-Oeste,MT,Cuiabá,bar premium,C,6.6,5.9,-10.6,24.5,789.0,4,BAL|MES,79,72,17,2,1
PDV-03809,Nordeste,BA,Feira de Santana,restaurante,B,22.6,28.3,25.2,16.6,1243.0,4,BAL|CHP|MES,67,65,47,1,1
PDV-02994,Centro-Oeste,MT,Cuiabá,choperia,C,7.7,5.1,-33.8,25.4,689.0,4,CHP,58,40,47,3,0
PDV-01761,Sudeste,SP,Ribeirão Preto,gastrobar,B,20.9,17.1,-18.2,19.1,1311.0,4,BAL|CHP|MES,74,66,47,2,0
PDV-02330,Sul,PR,Curitiba,gastrobar,B,23.1,15.8,-31.6,15.9,1308.0,4,CHP|FRZ,55,48,34,3,0
PDV-00310,Sudeste,RJ,Petrópolis,gastrobar,C,16.3,10.1,-38.0,13.8,629.0,3,KVI|LUM,63,30,47,5,0
PDV-01854,Sudeste,SP,Campinas,bar premium,A,96.4,64.6,-33.0,23.0,2796.0,7,BAL|CHP|FRZ|LUM|MES,85,67,33,3,0
PDV-02454,Sul,SC,Balneário Camboriú,gastrobar,A,102.0,59.9,-41.3,30.9,2642.0,6,CHP|LUM|MES,66,43,14,4,0
PDV-03197,Centro-Oeste,GO,Goiânia,restaurante,B,65.9,40.3,-38.8,12.4,1109.0,5,FRZ|LUM,52,33,47,3,0
PDV-03364,Centro-Oeste,MT,Cuiabá,bar premium,C,10.6,8.4,-20.8,3.0,780.0,3,BAL|KVI,47,33,47,2,0
PDV-02595,Sul,PR,Curitiba,bar premium,B,52.2,52.3,0.2,18.1,1042.0,5,CHP|KVI|MES,76,76,47,1,0
PDV-01958,Sudeste,SP,São José dos Campos,restaurante,A,113.5,109.0,-4.0,39.0,2447.0,5,BAL|CHP|FRZ|KVI|LUM,66,76,47,1,1
PDV-03328,Centro-Oeste,GO,Goiânia,gastrobar,C,28.8,29.5,2.4,6.8,606.0,3,FRZ,71,65,47,0,0
PDV-01388,Sudeste,SP,Santos,pub,C,6.5,5.2,-20.0,20.5,719.0,4,BAL|CHP|MES,53,49,47,1,0
PDV-01125,Sudeste,RJ,Petrópolis,bar premium,B,39.8,25.4,-36.2,18.5,1233.0,4,BAL|FRZ|KVI,63,55,47,3,1
PDV-02234,Sul,RS,Caxias do Sul,pub,C,9.7,10.7,10.3,6.8,683.0,3,BAL|MES,48,38,47,0,0
PDV-01913,Sudeste,RJ,Niterói,pub,B,26.8,26.1,-2.6,23.2,1292.0,4,BAL|KVI|LUM|MES,54,46,47,1,0
PDV-02863,Centro-Oeste,GO,Goiânia,pub,B,18.3,18.2,-0.5,28.8,1408.0,3,BAL|LUM|MES,68,61,7,0,1
PDV-02590,Sul,RS,Caxias do Sul,choperia,B,25.7,17.0,-33.9,21.1,1137.0,2,BAL|CHP|FRZ|KVI,69,61,47,3,1
PDV-00232,Sudeste,SP,Ribeirão Preto,restaurante,A,131.7,91.9,-30.2,39.8,2199.0,7,BAL|CHP|FRZ|KVI,67,54,19,3,1
PDV-00456,Sudeste,RJ,Petrópolis,bar premium,A,58.1,51.5,-11.4,34.8,2754.0,6,CHP|FRZ|KVI|MES,36,35,41,1,0
PDV-01204,Sudeste,SP,São Paulo,bar premium,A,103.9,93.7,-9.8,26.1,2300.0,5,BAL|CHP|FRZ|LUM|MES,66,58,39,1,1
PDV-00673,Sudeste,SP,Campinas,bar premium,B,20.3,18.6,-8.4,18.4,1035.0,5,FRZ|LUM|MES,49,38,47,2,1
PDV-01784,Sudeste,RJ,Petrópolis,bar premium,C,10.2,10.2,0.0,14.0,636.0,1,FRZ|LUM|MES,38,42,47,0,0
PDV-00009,Sudeste,SP,Campinas,restaurante,B,22.2,11.6,-47.7,25.1,1083.0,4,CHP|FRZ|LUM,66,52,47,4,0
PDV-02326,Sul,PR,Curitiba,bar premium,A,51.0,53.0,3.9,26.8,2340.0,7,BAL|CHP|LUM|MES,72,60,47,0,0
PDV-02025,Sul,PR,Maringá,rooftop,C,22.4,23.3,4.0,21.5,618.0,1,CHP|KVI|MES,70,68,41,0,1
PDV-01122,Sudeste,MG,Juiz de Fora,bar premium,A,104.7,64.4,-38.5,17.8,2770.0,6,BAL|FRZ|MES,74,67,47,4,0
PDV-02536,Sul,RS,Pelotas,gastrobar,C,9.7,9.8,1.0,10.9,603.0,2,CHP|FRZ|LUM,39,23,47,0,0
PDV-03549,Nordeste,BA,Salvador,bar premium,B,27.7,20.3,-26.7,29.0,1175.0,4,BAL|CHP|KVI,67,63,47,4,0
PDV-01392,Sudeste,SP,Santos,bar premium,C,13.2,6.6,-50.0,9.4,644.0,6,KVI,69,56,47,5,1
PDV-03739,Nordeste,CE,Fortaleza,bar premium,A,86.4,98.7,14.2,28.4,2329.0,8,BAL|CHP|FRZ|KVI|LUM|MES,41,30,47,0,0
PDV-01739,Sudeste,SP,São Paulo,bar premium,A,173.0,143.1,-17.3,31.4,2131.0,6,BAL|CHP|FRZ|KVI|LUM|MES,55,34,47,2,1
PDV-02169,Sul,PR,Londrina,bar premium,B,21.9,19.4,-11.4,17.5,1230.0,4,FRZ|MES,77,71,47,2,0
PDV-00443,Sudeste,SP,São José dos Campos,gastrobar,A,92.9,83.3,-10.3,26.4,2148.0,5,BAL|CHP|FRZ|KVI|LUM|MES,54,45,47,0,0
PDV-00889,Sudeste,RJ,Rio de Janeiro,bar premium,A,137.9,97.2,-29.5,30.7,2003.0,5,BAL|FRZ|LUM,54,40,47,2,1
PDV-03514,Nordeste,PE,Olinda,pub,B,19.8,20.8,5.1,28.1,1190.0,4,CHP|KVI|MES,83,75,47,0,0
PDV-01909,Sudeste,ES,Vila Velha,restaurante,A,101.6,58.1,-42.8,33.6,1960.0,7,BAL|CHP|FRZ|KVI|LUM,60,43,19,4,0
PDV-01274,Sudeste,RJ,Rio de Janeiro,restaurante,B,23.6,18.2,-22.9,23.7,1055.0,5,FRZ|MES,63,54,47,2,0
PDV-02761,Sul,RS,Porto Alegre,pub,C,16.1,14.3,-11.2,11.5,562.0,4,KVI,45,46,17,2,0
PDV-00797,Sudeste,SP,São José dos Campos,choperia,A,133.1,65.6,-50.7,21.7,2411.0,5,BAL|CHP|FRZ|KVI|LUM|MES,44,32,9,5,1
PDV-01041,Sudeste,SP,Campinas,bar premium,B,22.5,20.2,-10.2,19.5,986.0,4,CHP|FRZ|KVI|LUM,48,52,47,0,1
PDV-01778,Sudeste,SP,Santos,bar premium,C,15.2,9.0,-40.8,13.4,815.0,3,FRZ|MES,68,48,47,5,1
PDV-00853,Sudeste,SP,São José dos Campos,restaurante,C,6.9,6.4,-7.2,20.3,830.0,4,BAL|CHP,61,46,38,0,0
PDV-01908,Sudeste,RJ,Petrópolis,bar premium,B,27.2,24.0,-11.8,10.3,1506.0,3,BAL|CHP|KVI|MES,67,47,47,1,1
PDV-01402,Sudeste,MG,Juiz de Fora,bar premium,B,69.5,55.8,-19.7,17.9,1385.0,3,BAL|FRZ|LUM,47,33,30,2,1
PDV-03650,Nordeste,BA,Salvador,bar premium,B,44.4,47.1,6.1,30.0,1216.0,5,CHP|LUM,33,21,12,0,0
PDV-03430,Nordeste,RN,Natal,bar premium,C,13.5,15.9,17.8,16.8,708.0,1,BAL|FRZ|KVI,52,46,47,0,0
PDV-00723,Sudeste,SP,Campinas,pub,B,25.9,23.0,-11.2,30.1,1010.0,3,FRZ|LUM|MES,67,66,47,1,0
PDV-00977,Sudeste,SP,Santos,pub,B,44.3,25.8,-41.8,6.2,1189.0,4,FRZ|KVI|LUM|MES,60,43,47,3,1
PDV-01313,Sudeste,SP,Santos,bar premium,C,14.5,13.0,-10.3,8.6,728.0,3,FRZ|KVI|MES,52,25,47,0,0
PDV-00231,Sudeste,RJ,Petrópolis,pub,B,25.1,18.4,-26.7,21.0,1548.0,3,CHP|FRZ|LUM|MES,56,34,47,3,0
PDV-00749,Sudeste,SP,São Paulo,gastrobar,A,138.4,118.1,-14.7,33.5,2139.0,7,BAL|CHP|MES,67,70,47,2,1
PDV-00093,Sudeste,SP,Campinas,bar premium,A,188.9,122.7,-35.0,19.2,2589.0,5,CHP|LUM|MES,71,46,47,4,1
PDV-02439,Sul,RS,Caxias do Sul,bar premium,C,17.3,18.5,6.9,27.2,807.0,2,BAL|LUM,47,36,47,0,1
PDV-00946,Sudeste,SP,Campinas,bar premium,C,11.3,9.7,-14.2,15.2,715.0,2,BAL|CHP|KVI,58,41,47,1,0
PDV-03335,Centro-Oeste,DF,Brasília,pub,A,51.6,26.9,-47.9,34.1,2540.0,6,BAL|CHP|KVI|LUM|MES,72,60,36,3,1
PDV-02544,Sul,PR,Maringá,bar premium,C,12.1,10.9,-9.9,3.0,760.0,4,MES,52,58,47,1,1
PDV-00716,Sudeste,SP,São Paulo,restaurante,C,8.9,4.9,-44.9,19.7,754.0,4,CHP|MES,63,31,25,4,1
PDV-01633,Sudeste,SP,São José dos Campos,bar premium,C,10.0,6.6,-34.0,16.1,687.0,4,CHP|LUM,72,57,47,4,0
PDV-01292,Sudeste,SP,Campinas,bar premium,A,132.9,125.2,-5.8,42.2,2360.0,8,KVI|LUM|MES,35,41,47,0,0
PDV-03802,Nordeste,BA,Feira de Santana,pub,A,59.9,60.6,1.2,18.7,2085.0,8,BAL|KVI|MES,66,51,43,1,0
PDV-01357,Sudeste,RJ,Petrópolis,restaurante,B,33.5,30.8,-8.1,21.7,1271.0,3,CHP|LUM|MES,56,57,47,1,1
PDV-02891,Centro-Oeste,DF,Brasília,pub,A,103.1,48.8,-52.7,32.9,2271.0,3,BAL|CHP|FRZ|KVI|LUM|MES,62,46,33,4,0
PDV-02747,Sul,PR,Maringá,gastrobar,C,28.2,22.6,-19.9,20.7,797.0,3,CHP|FRZ|MES,57,56,47,2,1
PDV-02984,Centro-Oeste,DF,Brasília,bar premium,B,24.9,17.4,-30.1,23.7,1366.0,4,BAL|CHP|MES,46,28,41,3,0
PDV-01675,Sudeste,ES,Vitória,choperia,C,19.0,11.8,-37.9,7.1,723.0,6,FRZ,58,43,47,4,0
PDV-03771,Nordeste,PE,Olinda,gastrobar,B,26.2,29.8,13.7,19.3,1191.0,4,CHP|FRZ|KVI,65,61,47,0,1
PDV-00404,Sudeste,SP,Campinas,bar premium,C,15.3,13.0,-15.0,12.2,570.0,3,KVI,53,40,47,2,1
PDV-03039,Centro-Oeste,DF,Brasília,bar premium,B,30.2,23.1,-23.5,25.0,1216.0,4,CHP|FRZ|KVI|MES,76,70,47,1,0
PDV-03229,Centro-Oeste,MT,Cuiabá,gastrobar,B,42.1,24.0,-43.0,24.0,1513.0,4,BAL|KVI|MES,72,63,47,4,0
PDV-00147,Sudeste,ES,Vila Velha,gastrobar,A,138.6,105.8,-23.7,24.4,2609.0,5,BAL|CHP|FRZ|KVI|LUM|MES,62,59,47,2,0
PDV-00759,Sudeste,RJ,Niterói,gastrobar,C,4.9,4.2,-14.3,16.9,864.0,4,KVI,55,38,33,0,1
PDV-03175,Centro-Oeste,MT,Cuiabá,bar premium,A,110.0,61.4,-44.2,34.0,1909.0,7,BAL|FRZ|LUM|MES,59,48,9,4,0
PDV-00379,Sudeste,SP,São José dos Campos,choperia,B,71.8,66.5,-7.4,15.8,1310.0,5,BAL|CHP,69,64,47,1,0
PDV-01564,Sudeste,MG,Belo Horizonte,pub,A,121.4,108.4,-10.7,31.6,2325.0,7,CHP|FRZ|KVI|LUM|MES,54,44,47,1,0
PDV-03607,Nordeste,PE,Olinda,rooftop,C,13.5,15.1,11.9,4.4,596.0,4,BAL|LUM|MES,49,31,47,0,1
PDV-02840,Sul,SC,Joinville,bar premium,B,31.8,23.4,-26.4,20.0,1203.0,6,KVI|LUM|MES,64,58,47,4,1
PDV-02980,Centro-Oeste,DF,Brasília,bar premium,C,15.7,15.7,0.0,20.3,700.0,2,BAL|CHP|KVI,74,68,38,0,0
PDV-03610,Nordeste,PE,Caruaru,bar premium,C,5.5,5.3,-3.6,17.4,574.0,3,BAL|FRZ|KVI,62,47,47,2,0
PDV-00080,Sudeste,RJ,Rio de Janeiro,bar premium,B,28.2,28.2,0.0,15.5,1407.0,5,LUM|MES,49,44,47,1,0
PDV-02046,Sul,PR,Maringá,bar premium,C,10.2,7.7,-24.5,8.8,809.0,4,BAL|LUM,64,59,47,3,0
PDV-02671,Sul,SC,Joinville,choperia,B,28.8,34.4,19.4,22.1,1564.0,4,BAL|KVI|LUM|MES,62,44,7,0,0
PDV-02485,Sul,PR,Maringá,pub,B,33.6,31.0,-7.7,19.7,1162.0,5,BAL|CHP|FRZ|KVI,84,75,33,0,0
PDV-03508,Nordeste,CE,Juazeiro do Norte,bar premium,C,9.3,9.7,4.3,7.6,689.0,3,FRZ|KVI|LUM,63,57,47,0,0
PDV-00340,Sudeste,SP,Ribeirão Preto,gastrobar,C,10.5,7.3,-30.5,9.4,552.0,3,FRZ|KVI|LUM,83,65,38,3,0
PDV-02858,Centro-Oeste,DF,Brasília,bar premium,B,12.8,6.5,-49.2,14.9,1046.0,2,BAL|CHP|FRZ|MES,61,56,47,4,0
PDV-02555,Sul,PR,Londrina,choperia,A,101.3,92.5,-8.7,20.2,1946.0,7,FRZ|KVI|LUM,75,59,47,1,1
PDV-00872,Sudeste,SP,São José dos Campos,bar premium,B,68.2,38.4,-43.7,22.2,1181.0,2,BAL|FRZ,49,25,47,3,0
PDV-03474,Nordeste,BA,Feira de Santana,restaurante,B,21.6,21.3,-1.4,26.5,1333.0,5,CHP|KVI,58,55,47,2,0
PDV-03838,Nordeste,PE,Recife,gastrobar,A,82.1,81.6,-0.6,31.7,2306.0,8,BAL|CHP|FRZ|KVI|LUM,53,45,20,0,1
PDV-02365,Sul,RS,Pelotas,gastrobar,C,11.6,6.7,-42.2,12.5,704.0,2,FRZ|KVI|LUM,66,50,46,4,1
PDV-01000,Sudeste,SP,Ribeirão Preto,gastrobar,B,28.3,25.9,-8.5,22.6,1120.0,5,BAL|KVI|MES,61,62,24,0,0
PDV-01137,Sudeste,RJ,Petrópolis,pub,A,66.1,58.7,-11.2,31.1,2721.0,5,BAL|FRZ|KVI|MES,52,34,32,2,1
PDV-00763,Sudeste,SP,Campinas,bar premium,A,133.3,108.7,-18.5,26.9,2624.0,5,BAL|CHP|FRZ|KVI|LUM|MES,59,40,47,1,0
PDV-01747,Sudeste,RJ,Petrópolis,pub,C,13.4,9.3,-30.6,15.8,644.0,5,CHP|FRZ|LUM,68,53,47,4,0
PDV-01891,Sudeste,ES,Vila Velha,gastrobar,C,20.4,18.4,-9.8,22.8,536.0,3,CHP,64,57,29,0,0
PDV-01075,Sudeste,SP,Santos,gastrobar,C,16.9,15.3,-9.5,15.4,666.0,3,CHP|LUM|MES,58,46,47,1,0
PDV-01300,Sudeste,RJ,Niterói,gastrobar,C,10.7,6.5,-39.3,9.0,723.0,4,LUM|MES,61,44,13,5,0
PDV-01229,Sudeste,SP,São Paulo,bar premium,A,91.7,70.8,-22.8,25.3,2703.0,6,CHP|LUM|MES,66,51,31,1,0
PDV-01730,Sudeste,RJ,Petrópolis,restaurante,C,15.2,8.4,-44.7,16.0,622.0,3,BAL|KVI|MES,98,92,32,4,1
PDV-02472,Sul,SC,Joinville,bar premium,C,5.7,5.3,-7.0,8.1,648.0,2,FRZ|KVI|LUM,70,62,17,0,0
PDV-03652,Nordeste,BA,Salvador,gastrobar,A,78.7,90.8,15.4,31.6,2439.0,7,BAL|KVI|LUM,55,51,47,0,1
PDV-02346,Sul,PR,Maringá,pub,B,21.1,22.0,4.3,16.0,1378.0,4,KVI|LUM,63,58,34,0,0
PDV-03103,Centro-Oeste,DF,Brasília,gastrobar,B,42.4,39.3,-7.3,19.0,1491.0,4,CHP|FRZ|KVI|LUM,53,47,24,1,1
PDV-01269,Sudeste,RJ,Rio de Janeiro,bar premium,C,24.9,24.0,-3.6,7.5,657.0,2,CHP,47,37,12,1,1
PDV-01916,Sudeste,SP,São Paulo,restaurante,C,12.2,6.8,-44.3,28.4,575.0,5,BAL|FRZ,54,37,47,4,0
PDV-03386,Centro-Oeste,MS,Campo Grande,restaurante,B,32.6,30.4,-6.7,20.9,1057.0,4,CHP|FRZ,67,59,47,0,0
PDV-00535,Sudeste,RJ,Petrópolis,bar premium,C,13.0,11.7,-10.0,12.5,576.0,3,CHP|KVI|LUM,36,28,40,1,0
PDV-03407,Nordeste,BA,Feira de Santana,restaurante,A,61.6,70.0,13.6,20.4,2500.0,7,BAL|CHP|FRZ|KVI|LUM|MES,60,55,47,1,0
PDV-01681,Sudeste,MG,Juiz de Fora,gastrobar,C,6.8,6.3,-7.4,20.3,652.0,4,BAL|CHP|FRZ,71,74,47,0,1
PDV-02969,Centro-Oeste,GO,Goiânia,bar premium,A,83.0,77.5,-6.6,26.4,2960.0,6,CHP|FRZ|LUM,64,54,47,0,1
PDV-01291,Sudeste,MG,Juiz de Fora,gastrobar,A,190.9,172.9,-9.4,17.0,2420.0,6,BAL|CHP|FRZ|KVI|LUM,71,64,47,1,1
PDV-03765,Nordeste,CE,Fortaleza,restaurante,B,31.5,20.9,-33.7,21.5,1167.0,4,LUM|MES,38,16,47,4,0
PDV-01651,Sudeste,ES,Vila Velha,choperia,A,120.4,82.5,-31.5,28.3,2161.0,6,CHP|KVI|MES,47,34,20,3,0
PDV-01323,Sudeste,SP,Ribeirão Preto,pub,B,41.6,38.9,-6.5,36.4,1353.0,3,CHP|FRZ,56,46,26,0,0
PDV-03394,Nordeste,PE,Recife,pub,C,14.6,17.3,18.5,24.9,616.0,3,KVI,64,56,47,1,0
PDV-01694,Sudeste,SP,São Paulo,bar premium,A,64.9,33.1,-49.0,26.0,2312.0,6,BAL|CHP|FRZ|KVI|LUM|MES,64,55,47,4,0
PDV-01628,Sudeste,SP,Campinas,bar premium,C,8.8,8.0,-9.1,13.2,750.0,2,CHP|LUM|MES,65,70,47,1,1
PDV-01658,Sudeste,MG,Belo Horizonte,gastrobar,B,23.0,20.9,-9.1,14.9,1164.0,4,BAL|KVI|LUM|MES,75,57,47,2,0
PDV-00634,Sudeste,SP,São José dos Campos,restaurante,C,11.1,10.1,-9.0,16.9,690.0,2,CHP,42,32,47,0,1
PDV-01254,Sudeste,SP,Campinas,restaurante,B,40.7,38.5,-5.4,25.7,1080.0,5,BAL|KVI|LUM|MES,69,67,47,1,0
PDV-01182,Sudeste,SP,São José dos Campos,bar premium,B,55.4,47.6,-14.1,33.1,1437.0,4,CHP|FRZ|KVI|LUM,64,50,20,2,0
PDV-00042,Sudeste,SP,Ribeirão Preto,gastrobar,B,10.1,8.4,-16.8,26.5,1232.0,4,FRZ|KVI|MES,44,37,20,2,0
PDV-00753,Sudeste,RJ,Niterói,bar premium,A,175.0,137.0,-21.7,24.0,1941.0,5,CHP|FRZ|LUM|MES,61,54,23,2,0
PDV-00422,Sudeste,RJ,Petrópolis,bar premium,A,65.9,48.5,-26.4,30.3,2533.0,7,BAL|CHP|FRZ,45,40,47,2,1
PDV-01847,Sudeste,SP,São Paulo,gastrobar,B,48.5,46.0,-5.2,21.5,1265.0,5,BAL|KVI|LUM|MES,50,52,47,1,0
PDV-00368,Sudeste,SP,Santos,bar premium,B,34.1,15.5,-54.5,28.3,1316.0,2,CHP|KVI,72,47,47,3,0
PDV-01711,Sudeste,SP,Campinas,restaurante,B,28.4,26.8,-5.6,18.2,1239.0,4,BAL|CHP|KVI|LUM,58,63,47,1,1
PDV-01431,Sudeste,SP,São Paulo,choperia,C,6.0,4.0,-33.3,10.0,657.0,4,CHP|FRZ|KVI,41,24,47,3,0
PDV-00362,Sudeste,SP,Santos,pub,B,83.1,47.9,-42.4,24.4,1067.0,3,LUM|MES,29,8,47,5,0
PDV-03055,Centro-Oeste,MT,Cuiabá,gastrobar,C,10.4,9.2,-11.5,11.2,672.0,3,BAL,82,79,47,1,0
PDV-01342,Sudeste,SP,São José dos Campos,gastrobar,B,32.4,34.0,4.9,27.3,1188.0,5,BAL|CHP|KVI|LUM,57,56,47,0,0
PDV-00115,Sudeste,RJ,Petrópolis,choperia,A,95.8,50.6,-47.2,29.7,2541.0,4,CHP|FRZ|KVI,46,28,47,5,0
PDV-03803,Nordeste,BA,Feira de Santana,gastrobar,A,61.5,39.8,-35.3,41.4,2135.0,6,BAL|CHP|FRZ|LUM|MES,72,46,15,5,1
PDV-01652,Sudeste,RJ,Niterói,bar premium,C,24.8,22.8,-8.1,16.1,696.0,2,CHP|LUM|MES,69,55,35,1,0
PDV-01663,Sudeste,SP,Campinas,restaurante,A,59.1,52.5,-11.2,25.9,2328.0,7,BAL|FRZ|LUM|MES,88,62,47,1,1
PDV-02512,Sul,RS,Caxias do Sul,rooftop,C,4.9,2.4,-51.0,16.3,603.0,5,FRZ,53,39,47,5,0
PDV-01227,Sudeste,RJ,Petrópolis,gastrobar,C,14.0,14.5,3.6,15.6,776.0,2,BAL|CHP|LUM,57,43,47,0,0
PDV-02962,Centro-Oeste,GO,Anápolis,gastrobar,C,16.3,11.9,-27.0,12.2,584.0,4,MES,79,68,47,2,0
PDV-00990,Sudeste,SP,Ribeirão Preto,bar premium,C,12.9,12.4,-3.9,14.1,774.0,2,CHP|FRZ|KVI,52,40,47,0,0
PDV-03048,Centro-Oeste,DF,Brasília,bar premium,C,30.5,19.8,-35.1,20.3,713.0,5,BAL|FRZ|KVI,62,47,47,3,0
PDV-02700,Sul,RS,Porto Alegre,bar premium,A,103.7,106.9,3.1,34.6,2490.0,6,BAL|FRZ|KVI|LUM|MES,77,56,47,1,0
PDV-00153,Sudeste,MG,Juiz de Fora,bar premium,B,32.2,28.0,-13.0,33.1,1414.0,5,FRZ|LUM|MES,58,50,47,0,1
PDV-02520,Sul,PR,Maringá,rooftop,A,49.9,51.2,2.6,40.7,2453.0,6,BAL|FRZ|KVI|MES,65,48,16,0,0
PDV-03576,Nordeste,CE,Juazeiro do Norte,gastrobar,C,4.8,5.0,4.2,3.3,818.0,3,LUM,73,63,47,1,1
PDV-01195,Sudeste,SP,Ribeirão Preto,bar premium,C,6.0,3.5,-41.7,17.0,647.0,4,KVI,72,55,47,4,0
PDV-01937,Sudeste,SP,São José dos Campos,bar premium,B,44.4,38.7,-12.8,25.3,1382.0,4,BAL|KVI|LUM,59,49,15,0,0
PDV-02092,Sul,PR,Maringá,gastrobar,C,11.5,10.7,-7.0,9.5,615.0,2,BAL|KVI|MES,33,36,47,1,0
PDV-01513,Sudeste,SP,Ribeirão Preto,pub,A,150.1,132.4,-11.8,25.1,2504.0,8,CHP|FRZ|KVI,64,55,47,1,1
PDV-00440,Sudeste,MG,Juiz de Fora,bar premium,B,34.2,20.4,-40.4,18.8,1230.0,1,BAL|CHP|FRZ,51,35,47,4,1
PDV-00304,Sudeste,ES,Vila Velha,bar premium,A,182.2,84.4,-53.7,28.5,2447.0,4,BAL|CHP|FRZ|KVI|LUM|MES,53,37,47,3,0
PDV-02542,Sul,RS,Pelotas,restaurante,B,42.9,41.7,-2.8,8.7,1275.0,4,BAL|KVI|MES,69,48,47,1,0
PDV-03257,Centro-Oeste,DF,Brasília,pub,B,20.3,17.9,-11.8,24.5,1210.0,5,BAL|KVI|LUM|MES,69,53,47,0,1
PDV-03355,Centro-Oeste,MS,Campo Grande,pub,A,110.3,86.7,-21.4,25.3,2112.0,6,BAL|CHP|FRZ|KVI|LUM|MES,65,47,26,3,1
PDV-00240,Sudeste,RJ,Petrópolis,pub,B,55.3,48.8,-11.8,23.1,1249.0,4,BAL|KVI|MES,68,58,47,0,0
PDV-02710,Sul,RS,Porto Alegre,restaurante,B,29.6,16.1,-45.6,20.4,1020.0,1,BAL|KVI|MES,66,56,47,3,0
PDV-02084,Sul,RS,Pelotas,choperia,B,26.3,15.9,-39.5,24.6,1076.0,2,CHP|KVI,46,40,47,3,0
PDV-02681,Sul,PR,Curitiba,gastrobar,C,13.4,13.0,-3.0,15.3,672.0,3,BAL,63,56,41,2,0
PDV-02578,Sul,SC,Florianópolis,choperia,C,6.9,4.0,-42.0,3.0,748.0,5,CHP,52,46,47,5,0
PDV-02052,Sul,PR,Maringá,bar premium,C,8.8,8.8,0.0,23.0,750.0,2,BAL|CHP|LUM,73,50,47,0,0
PDV-03449,Nordeste,CE,Juazeiro do Norte,restaurante,C,11.3,8.5,-24.8,15.8,555.0,4,FRZ|LUM|MES,52,43,47,3,1
PDV-00589,Sudeste,SP,São Paulo,bar premium,A,230.2,194.2,-15.6,27.4,2616.0,6,BAL|CHP|FRZ|KVI|LUM|MES,67,59,47,2,0
PDV-01482,Sudeste,RJ,Petrópolis,restaurante,C,17.8,15.6,-12.4,25.0,642.0,3,BAL|KVI|LUM,84,67,47,1,0
PDV-01623,Sudeste,SP,São Paulo,bar premium,B,29.2,16.7,-42.8,16.0,1091.0,4,KVI|LUM,66,48,47,4,0
PDV-01103,Sudeste,RJ,Niterói,restaurante,C,11.2,11.1,-0.9,18.3,751.0,4,CHP,55,70,47,1,1
PDV-00802,Sudeste,RJ,Niterói,gastrobar,B,30.1,27.0,-10.3,23.5,1488.0,4,CHP|LUM|MES,84,83,9,1,0
PDV-03165,Centro-Oeste,DF,Brasília,restaurante,C,17.1,17.2,0.6,23.3,709.0,3,KVI|LUM,61,54,11,0,1
PDV-02678,Sul,PR,Maringá,bar premium,B,40.3,38.7,-4.0,16.1,1406.0,4,BAL|FRZ,66,61,47,1,0
PDV-01221,Sudeste,RJ,Petrópolis,restaurante,C,24.9,22.9,-8.0,27.8,623.0,4,CHP,53,38,29,1,0
PDV-01862,Sudeste,RJ,Petrópolis,rooftop,A,98.4,71.4,-27.4,36.9,1813.0,6,BAL|CHP|KVI|LUM,77,70,47,2,0
PDV-03346,Centro-Oeste,DF,Brasília,bar premium,A,86.9,83.0,-4.5,31.1,2431.0,6,BAL|CHP|FRZ|KVI|LUM|MES,64,54,9,0,0
PDV-00013,Sudeste,RJ,Petrópolis,gastrobar,B,35.6,35.4,-0.6,24.0,1279.0,3,KVI|MES,65,63,38,0,1
PDV-02624,Sul,RS,Pelotas,bar premium,C,7.2,6.5,-9.7,6.0,687.0,1,CHP,58,44,47,1,0
PDV-00739,Sudeste,SP,São Paulo,bar premium,B,34.5,36.6,6.1,20.4,1144.0,4,CHP|FRZ|KVI|MES,68,66,47,0,1
PDV-01144,Sudeste,MG,Juiz de Fora,gastrobar,C,10.4,9.6,-7.7,14.4,730.0,3,KVI,77,68,7,1,1
PDV-01942,Sudeste,SP,Ribeirão Preto,pub,A,150.3,123.7,-17.7,33.1,2487.0,7,BAL|FRZ|KVI|LUM,48,36,29,2,1
PDV-02767,Sul,PR,Maringá,pub,A,128.1,119.2,-6.9,22.5,2756.0,7,CHP|FRZ|KVI|LUM|MES,62,56,39,1,1
PDV-00524,Sudeste,SP,São Paulo,rooftop,B,32.4,22.7,-29.9,19.3,1161.0,5,BAL|CHP|LUM|MES,56,41,15,4,0
PDV-03490,Nordeste,BA,Feira de Santana,gastrobar,C,12.3,13.1,6.5,11.9,722.0,2,CHP|FRZ,73,64,38,1,0
PDV-01296,Sudeste,MG,Uberlândia,pub,A,226.2,127.3,-43.7,28.7,2845.0,6,BAL|CHP|FRZ|KVI|LUM,65,42,47,3,0
PDV-03605,Nordeste,BA,Feira de Santana,bar premium,B,20.3,25.9,27.6,28.4,1050.0,4,BAL|FRZ|LUM|MES,54,41,47,0,0
PDV-01558,Sudeste,ES,Vitória,choperia,B,68.4,65.2,-4.7,18.4,1387.0,4,BAL|CHP|FRZ|MES,61,51,47,0,0
PDV-01033,Sudeste,RJ,Rio de Janeiro,gastrobar,B,25.7,14.8,-42.4,17.2,1542.0,3,CHP|FRZ|KVI|MES,52,37,47,4,0
PDV-02817,Sul,PR,Curitiba,bar premium,B,27.6,26.8,-2.9,16.0,1251.0,4,KVI|LUM,59,52,47,0,0
PDV-00617,Sudeste,SP,Ribeirão Preto,pub,B,23.4,11.5,-50.9,22.6,1070.0,5,KVI|LUM,63,47,41,5,0
PDV-00209,Sudeste,SP,Ribeirão Preto,gastrobar,C,27.5,27.5,0.0,8.2,838.0,1,LUM|MES,84,78,34,0,0
PDV-01531,Sudeste,SP,Ribeirão Preto,bar premium,B,26.1,22.9,-12.3,24.8,1268.0,4,FRZ|KVI,50,45,47,1,1
PDV-02940,Centro-Oeste,DF,Brasília,bar premium,C,19.7,13.6,-31.0,21.9,592.0,4,FRZ,72,58,47,3,0
PDV-00455,Sudeste,RJ,Petrópolis,gastrobar,B,39.1,35.5,-9.2,12.0,1493.0,5,BAL|CHP|KVI,75,71,47,1,0
PDV-03512,Nordeste,BA,Feira de Santana,gastrobar,C,11.9,13.6,14.3,7.8,631.0,5,CHP|LUM|MES,63,52,47,0,0
PDV-03469,Nordeste,PE,Caruaru,choperia,A,94.6,81.1,-14.3,34.5,2359.0,5,BAL|LUM|MES,77,67,34,3,0
PDV-00545,Sudeste,SP,Santos,pub,B,35.8,34.0,-5.0,27.7,1276.0,3,FRZ|KVI|LUM,71,52,16,0,0
PDV-00017,Sudeste,MG,Uberlândia,restaurante,C,9.1,8.7,-4.4,10.4,750.0,2,CHP|FRZ|MES,49,48,24,1,1
PDV-00306,Sudeste,SP,Santos,rooftop,A,97.4,85.1,-12.6,30.6,2206.0,6,BAL|FRZ|KVI,62,52,47,2,1
PDV-03458,Nordeste,CE,Juazeiro do Norte,restaurante,A,48.4,58.2,20.2,25.5,2478.0,7,BAL|CHP|FRZ,65,56,44,0,0
PDV-00158,Sudeste,SP,Ribeirão Preto,bar premium,C,10.0,8.4,-16.0,11.1,773.0,2,BAL|FRZ,56,50,41,1,0
PDV-00071,Sudeste,SP,São José dos Campos,pub,C,18.6,17.7,-4.8,23.8,676.0,2,FRZ,58,38,47,2,0
PDV-00358,Sudeste,SP,São José dos Campos,bar premium,A,79.6,66.5,-16.5,32.2,2630.0,6,BAL|FRZ|LUM,68,68,47,2,1
PDV-03035,Centro-Oeste,GO,Goiânia,bar premium,C,23.1,22.0,-4.8,6.5,678.0,3,CHP|FRZ,61,46,47,1,0
PDV-03133,Centro-Oeste,GO,Anápolis,bar premium,B,67.2,58.3,-13.2,34.2,998.0,4,BAL|FRZ|MES,49,33,47,1,0
PDV-02493,Sul,RS,Porto Alegre,gastrobar,B,29.6,30.2,2.0,21.9,952.0,3,BAL|MES,50,43,47,1,0
PDV-02293,Sul,SC,Florianópolis,bar premium,A,47.2,28.9,-38.8,28.2,2323.0,4,BAL|FRZ|KVI,51,27,47,3,0
PDV-00144,Sudeste,SP,Ribeirão Preto,choperia,B,23.4,9.4,-59.8,21.1,1128.0,3,CHP|LUM|MES,51,43,47,5,0
PDV-00136,Sudeste,SP,Santos,bar premium,C,19.8,15.6,-21.2,11.3,854.0,3,BAL|FRZ|LUM,68,51,47,2,1
PDV-00045,Sudeste,MG,Belo Horizonte,rooftop,C,8.5,7.5,-11.8,7.9,537.0,4,FRZ|KVI|MES,61,37,47,3,0
PDV-01522,Sudeste,SP,Ribeirão Preto,choperia,B,59.6,53.8,-9.7,19.6,1229.0,4,CHP|KVI|LUM,74,64,47,1,1
PDV-00773,Sudeste,RJ,Petrópolis,restaurante,C,23.1,12.0,-48.1,6.9,552.0,3,CHP|FRZ,82,87,46,3,0
PDV-01458,Sudeste,SP,Ribeirão Preto,pub,C,14.6,13.5,-7.5,6.8,782.0,3,FRZ|LUM,51,48,29,0,0
PDV-01583,Sudeste,SP,São Paulo,bar premium,A,47.3,26.6,-43.8,31.7,2125.0,4,BAL|CHP|FRZ|KVI|LUM|MES,74,57,8,4,1
PDV-03663,Nordeste,PE,Caruaru,pub,B,53.1,53.9,1.5,21.8,1197.0,4,BAL|FRZ,65,73,47,2,0
PDV-00864,Sudeste,SP,Ribeirão Preto,gastrobar,C,5.6,4.9,-12.5,8.6,761.0,2,KVI|LUM,64,59,28,1,0
PDV-00897,Sudeste,SP,Santos,gastrobar,C,7.9,4.6,-41.8,16.1,677.0,4,BAL|LUM,44,21,20,4,0
PDV-03788,Nordeste,BA,Salvador,pub,A,63.7,61.8,-3.0,41.8,3027.0,5,BAL|CHP|FRZ|KVI|LUM,84,80,47,0,1
PDV-02187,Sul,SC,Joinville,bar premium,A,61.5,26.5,-56.9,38.7,2336.0,3,BAL|FRZ|LUM|MES,66,66,6,5,0
PDV-02098,Sul,PR,Londrina,choperia,C,11.5,7.8,-32.2,8.8,523.0,3,FRZ|KVI,69,52,47,3,1
PDV-01968,Sudeste,RJ,Rio de Janeiro,pub,B,14.5,13.5,-6.9,10.8,1479.0,5,BAL|CHP|KVI|MES,89,84,47,0,1
PDV-02515,Sul,RS,Caxias do Sul,gastrobar,C,11.9,11.6,-2.5,18.6,636.0,3,LUM,57,43,47,0,0
PDV-00852,Sudeste,SP,Santos,bar premium,B,36.8,31.2,-15.2,27.9,1406.0,5,BAL|LUM|MES,52,44,47,2,0
PDV-01038,Sudeste,RJ,Petrópolis,rooftop,B,47.3,42.7,-9.7,23.4,1474.0,3,BAL|FRZ|MES,68,67,47,0,0
PDV-00161,Sudeste,RJ,Niterói,bar premium,B,30.4,29.7,-2.3,19.1,1168.0,5,BAL|FRZ|KVI|LUM,69,66,47,1,0
PDV-00272,Sudeste,MG,Belo Horizonte,pub,A,123.6,103.3,-16.4,19.8,3183.0,7,BAL|FRZ|LUM,71,77,47,1,1
PDV-03247,Centro-Oeste,MT,Cuiabá,rooftop,B,63.6,61.6,-3.1,22.0,964.0,3,BAL|MES,75,62,43,0,0
PDV-00900,Sudeste,MG,Uberlândia,bar premium,C,22.5,20.4,-9.3,12.6,733.0,3,BAL,77,67,47,2,0
PDV-03721,Nordeste,CE,Fortaleza,choperia,B,17.5,18.4,5.1,24.6,1304.0,6,CHP|LUM,59,63,47,0,0
PDV-03377,Centro-Oeste,DF,Brasília,gastrobar,C,12.8,11.6,-9.4,3.8,672.0,4,BAL|LUM,74,53,47,0,0
PDV-02904,Centro-Oeste,DF,Brasília,pub,C,13.9,13.8,-0.7,10.5,820.0,4,BAL|FRZ|LUM,67,58,47,0,0
PDV-03109,Centro-Oeste,GO,Goiânia,bar premium,C,4.2,2.3,-45.2,24.6,766.0,5,BAL|LUM|MES,75,52,24,4,0
PDV-02296,Sul,SC,Joinville,bar premium,A,81.6,68.5,-16.1,26.5,2463.0,6,BAL|CHP|KVI|LUM|MES,62,41,34,2,0
PDV-03338,Centro-Oeste,GO,Goiânia,restaurante,C,8.5,6.1,-28.2,3.0,797.0,4,CHP|FRZ,86,75,47,3,0
PDV-03433,Nordeste,CE,Fortaleza,restaurante,C,4.6,5.4,17.4,5.7,681.0,2,BAL,69,65,47,0,1
PDV-00957,Sudeste,RJ,Rio de Janeiro,gastrobar,C,4.5,2.2,-51.1,17.4,686.0,4,FRZ|KVI|MES,37,26,35,4,0
PDV-02280,Sul,RS,Caxias do Sul,bar premium,C,6.9,5.9,-14.5,22.1,725.0,5,CHP|FRZ|KVI,67,48,17,2,1
PDV-00308,Sudeste,ES,Vila Velha,restaurante,B,36.9,30.6,-17.1,25.4,1318.0,4,CHP|FRZ|KVI|LUM,63,62,29,1,0
PDV-03617,Nordeste,RN,Natal,bar premium,A,40.8,44.4,8.8,22.6,2248.0,8,CHP|FRZ|LUM|MES,51,38,47,0,1
PDV-01689,Sudeste,SP,Ribeirão Preto,gastrobar,C,14.5,9.5,-34.5,18.5,766.0,3,CHP|KVI|MES,61,45,47,3,0
PDV-01613,Sudeste,SP,Santos,bar premium,B,33.1,26.1,-21.1,9.2,1061.0,4,LUM|MES,54,52,47,2,0
PDV-00056,Sudeste,MG,Belo Horizonte,bar premium,C,11.6,6.1,-47.4,7.0,908.0,4,FRZ|MES,41,33,22,4,0
PDV-00539,Sudeste,SP,Campinas,choperia,C,11.9,8.0,-32.8,16.3,709.0,3,CHP|FRZ|LUM,79,56,47,3,0
PDV-01722,Sudeste,RJ,Petrópolis,choperia,A,142.4,88.9,-37.6,21.5,2306.0,4,BAL|CHP|FRZ|KVI|LUM|MES,69,49,36,3,1
PDV-02437,Sul,SC,Joinville,bar premium,B,30.9,30.0,-2.9,20.3,1253.0,6,CHP|LUM,38,21,46,1,0
PDV-02697,Sul,PR,Londrina,gastrobar,A,96.4,89.7,-7.0,32.5,2527.0,8,BAL|FRZ|LUM,42,28,47,2,1
PDV-00384,Sudeste,RJ,Niterói,rooftop,A,44.9,20.0,-55.5,25.1,2574.0,6,BAL|CHP|FRZ|KVI|LUM|MES,81,71,47,4,0
PDV-03477,Nordeste,RN,Natal,choperia,C,12.0,14.9,24.2,17.3,581.0,1,KVI,54,44,47,1,0
PDV-03231,Centro-Oeste,DF,Brasília,choperia,C,8.4,7.7,-8.3,12.1,623.0,5,BAL|KVI|LUM,55,45,47,1,0
PDV-03633,Nordeste,BA,Salvador,bar premium,C,9.6,11.4,18.8,20.5,692.0,2,BAL|FRZ|MES,50,49,47,0,1
PDV-02464,Sul,SC,Balneário Camboriú,bar premium,B,16.4,15.3,-6.7,22.6,1256.0,4,KVI|MES,63,60,29,0,0
PDV-02842,Sul,PR,Londrina,restaurante,A,184.3,100.4,-45.5,27.1,2837.0,4,BAL|KVI|LUM|MES,60,34,47,5,0
PDV-00242,Sudeste,SP,São José dos Campos,gastrobar,B,25.4,22.7,-10.6,28.4,1476.0,4,CHP|FRZ|LUM|MES,60,53,47,2,0
PDV-00475,Sudeste,SP,Santos,restaurante,A,169.1,168.9,-0.1,30.4,2355.0,7,CHP|FRZ|KVI|LUM|MES,47,27,47,0,0
PDV-02373,Sul,RS,Porto Alegre,gastrobar,C,13.3,7.2,-45.9,14.6,694.0,4,KVI|LUM,49,24,47,4,0
PDV-03646,Nordeste,CE,Juazeiro do Norte,choperia,A,81.0,48.4,-40.2,25.5,2287.0,5,CHP|KVI|LUM,60,35,47,3,0
PDV-02802,Sul,SC,Joinville,gastrobar,B,22.1,21.9,-0.9,24.9,1370.0,4,LUM|MES,67,64,16,1,1
PDV-03686,Nordeste,PE,Olinda,choperia,A,69.5,76.7,10.4,18.5,2369.0,6,BAL|CHP|FRZ|LUM|MES,47,40,32,0,1
PDV-01108,Sudeste,SP,São José dos Campos,rooftop,A,121.9,78.7,-35.4,35.8,2860.0,7,BAL|CHP|KVI|LUM|MES,60,41,47,3,0
PDV-03314,Centro-Oeste,MT,Cuiabá,pub,A,112.0,53.6,-52.1,24.9,2769.0,4,BAL|CHP|KVI|MES,75,55,47,4,0
PDV-02646,Sul,RS,Caxias do Sul,restaurante,A,168.6,105.5,-37.4,29.0,2185.0,6,BAL|CHP|FRZ|KVI|LUM|MES,64,56,29,3,0
PDV-02582,Sul,SC,Joinville,bar premium,B,39.7,23.8,-40.1,18.2,1246.0,3,BAL|FRZ|KVI|MES,49,45,47,3,0
PDV-00901,Sudeste,MG,Uberlândia,restaurante,A,147.0,93.6,-36.3,16.8,1721.0,6,BAL|CHP|FRZ|KVI|LUM|MES,50,38,47,3,1
PDV-01287,Sudeste,MG,Belo Horizonte,restaurante,C,10.6,5.5,-48.1,9.6,708.0,4,BAL|CHP,62,60,30,5,0
PDV-02101,Sul,PR,Maringá,gastrobar,A,120.5,114.7,-4.8,23.7,2755.0,7,BAL|CHP|FRZ|KVI|LUM|MES,62,66,47,1,0
PDV-02017,Sul,RS,Porto Alegre,bar premium,C,13.2,15.1,14.4,8.5,775.0,3,BAL|MES,44,23,47,0,0
PDV-02308,Sul,SC,Florianópolis,bar premium,A,102.7,93.8,-8.7,32.6,2023.0,7,BAL|CHP|KVI|LUM|MES,51,56,47,1,0
PDV-03190,Centro-Oeste,DF,Brasília,pub,C,11.1,9.6,-13.5,16.1,574.0,4,BAL|LUM|MES,58,46,15,0,0
PDV-03657,Nordeste,RN,Natal,gastrobar,B,17.5,17.8,1.7,19.2,976.0,5,CHP|FRZ|LUM|MES,49,36,47,0,0
PDV-03823,Nordeste,CE,Juazeiro do Norte,choperia,B,55.5,38.8,-30.1,21.1,1479.0,3,BAL|CHP|FRZ|MES,75,59,47,3,0
PDV-02435,Sul,PR,Maringá,pub,C,17.1,18.6,8.8,20.0,663.0,2,LUM,45,24,47,1,0
PDV-00123,Sudeste,MG,Belo Horizonte,choperia,A,145.6,83.4,-42.7,20.9,2646.0,6,CHP|KVI|MES,65,54,15,4,1
PDV-02629,Sul,RS,Caxias do Sul,gastrobar,A,120.8,92.4,-23.5,28.7,2318.0,5,CHP|FRZ|KVI|LUM|MES,44,27,38,3,1
PDV-03662,Nordeste,PE,Olinda,bar premium,A,48.1,55.1,14.6,31.1,2446.0,9,BAL|CHP|FRZ|KVI|MES,48,44,38,0,1
PDV-03359,Centro-Oeste,MT,Cuiabá,restaurante,C,16.7,16.4,-1.8,8.7,652.0,2,LUM,52,43,47,1,1
PDV-02870,Centro-Oeste,DF,Brasília,bar premium,B,25.1,25.3,0.8,20.8,1058.0,6,BAL|KVI|LUM|MES,46,36,41,0,0
PDV-03609,Nordeste,PE,Caruaru,pub,C,10.9,9.0,-17.4,7.8,761.0,3,LUM,55,40,29,3,1
PDV-02262,Sul,PR,Londrina,bar premium,C,13.1,10.9,-16.8,17.1,747.0,3,FRZ,58,59,15,2,0
PDV-02727,Sul,RS,Caxias do Sul,bar premium,B,45.4,36.2,-20.3,23.5,1263.0,4,CHP|FRZ|LUM,63,50,47,3,0
PDV-01860,Sudeste,RJ,Niterói,rooftop,A,159.5,151.0,-5.3,26.8,2660.0,7,BAL|CHP|FRZ|KVI|LUM|MES,62,57,47,0,0
PDV-02219,Sul,RS,Caxias do Sul,bar premium,B,36.2,36.5,0.8,32.4,1124.0,4,CHP|FRZ|LUM|MES,52,47,47,0,0
PDV-01438,Sudeste,MG,Uberlândia,bar premium,A,83.2,61.7,-25.8,31.2,2050.0,6,BAL|CHP|KVI|LUM,78,71,47,2,0
PDV-02047,Sul,RS,Caxias do Sul,gastrobar,C,10.3,7.8,-24.3,23.7,708.0,5,BAL|CHP|FRZ,49,46,47,3,0
PDV-02475,Sul,RS,Caxias do Sul,gastrobar,B,39.9,41.1,3.0,31.2,1352.0,3,KVI|LUM|MES,52,43,36,0,0
PDV-03375,Centro-Oeste,GO,Anápolis,bar premium,B,41.8,39.7,-5.0,29.3,1316.0,3,BAL|CHP|KVI|MES,31,18,47,0,0
PDV-02226,Sul,SC,Florianópolis,bar premium,B,51.6,45.5,-11.8,19.1,1654.0,4,CHP|LUM,60,56,39,2,1
PDV-00665,Sudeste,SP,São Paulo,choperia,A,203.3,175.4,-13.7,39.6,2384.0,6,BAL|CHP|FRZ|KVI|LUM|MES,44,30,47,1,1
PDV-03774,Nordeste,BA,Salvador,pub,B,18.7,21.0,12.3,20.0,1375.0,5,BAL|FRZ|LUM|MES,53,40,47,0,0
PDV-00921,Sudeste,MG,Belo Horizonte,bar premium,B,53.3,49.8,-6.6,19.2,1167.0,5,BAL|CHP|LUM,68,48,47,1,0
PDV-00293,Sudeste,RJ,Niterói,gastrobar,A,54.7,45.3,-17.2,32.1,2980.0,4,CHP|FRZ|MES,57,37,10,0,0
PDV-01505,Sudeste,MG,Uberlândia,choperia,A,156.1,81.6,-47.7,32.1,1946.0,5,BAL|CHP|FRZ|KVI|LUM|MES,44,36,47,4,0
PDV-03724,Nordeste,PE,Caruaru,bar premium,C,25.2,24.6,-2.4,20.0,638.0,1,BAL,49,37,47,2,0
PDV-02355,Sul,SC,Joinville,gastrobar,B,69.0,76.0,10.1,12.6,1238.0,5,BAL|CHP|FRZ,61,48,47,0,0
PDV-01409,Sudeste,SP,Campinas,gastrobar,A,101.5,78.6,-22.6,29.3,2184.0,4,BAL|CHP|KVI,79,69,36,2,0
PDV-03718,Nordeste,CE,Juazeiro do Norte,bar premium,A,116.2,118.1,1.6,29.6,2439.0,7,BAL|CHP|FRZ|KVI|LUM|MES,75,69,8,2,1
PDV-00122,Sudeste,SP,São José dos Campos,restaurante,C,16.5,11.7,-29.1,10.4,620.0,2,CHP|FRZ|KVI,75,56,15,3,1
PDV-00418,Sudeste,SP,Santos,bar premium,A,108.0,92.1,-14.7,30.9,2239.0,7,CHP|FRZ|KVI,95,82,47,1,1
PDV-01559,Sudeste,SP,Ribeirão Preto,pub,C,11.3,11.9,5.3,11.7,581.0,3,KVI,70,62,47,1,1
PDV-01625,Sudeste,ES,Vitória,pub,B,38.7,26.5,-31.5,21.6,1377.0,4,FRZ|KVI,78,66,41,3,0
PDV-01351,Sudeste,SP,Santos,pub,B,41.3,14.0,-66.1,17.8,1168.0,3,BAL|KVI|LUM|MES,37,21,47,5,0
PDV-00568,Sudeste,SP,Santos,pub,B,47.8,32.3,-32.4,26.2,1153.0,3,BAL|CHP|KVI|LUM,51,37,47,3,1
PDV-02042,Sul,RS,Caxias do Sul,bar premium,B,14.0,13.0,-7.1,25.1,926.0,4,BAL|CHP|KVI,60,45,47,1,0
PDV-03618,Nordeste,BA,Feira de Santana,rooftop,A,83.0,87.6,5.5,34.8,2672.0,6,BAL|LUM|MES,76,72,25,0,0
PDV-00182,Sudeste,SP,Campinas,gastrobar,C,17.2,10.9,-36.6,25.6,562.0,3,BAL|CHP|KVI,97,86,16,4,0
PDV-02906,Centro-Oeste,DF,Brasília,bar premium,A,71.1,58.0,-18.4,31.3,2135.0,7,BAL|FRZ|KVI|LUM|MES,61,39,47,2,0
PDV-03237,Centro-Oeste,GO,Goiânia,bar premium,B,27.9,25.3,-9.3,16.2,948.0,3,BAL|LUM|MES,73,69,13,0,0
PDV-00381,Sudeste,MG,Uberlândia,rooftop,C,14.2,13.5,-4.9,22.7,746.0,3,BAL|CHP,51,52,27,1,0
PDV-03260,Centro-Oeste,GO,Goiânia,bar premium,B,48.2,38.8,-19.5,15.4,1125.0,2,BAL|LUM,44,37,47,2,1
PDV-00221,Sudeste,MG,Belo Horizonte,pub,C,6.4,6.5,1.6,15.6,780.0,3,BAL|LUM,58,51,47,1,1
PDV-01148,Sudeste,RJ,Niterói,restaurante,A,62.9,53.2,-15.4,28.8,2221.0,6,BAL|CHP|FRZ|KVI|LUM|MES,69,42,47,2,1
PDV-00366,Sudeste,RJ,Petrópolis,restaurante,C,9.9,8.2,-17.2,25.0,963.0,5,BAL|CHP|KVI,51,43,47,2,0
PDV-01384,Sudeste,SP,Ribeirão Preto,pub,C,13.1,12.2,-6.9,19.0,683.0,1,FRZ|MES,56,56,14,1,0
PDV-02543,Sul,PR,Londrina,choperia,C,16.7,14.3,-14.4,20.6,752.0,3,MES,77,56,47,2,0
PDV-03360,Centro-Oeste,DF,Brasília,rooftop,B,21.6,16.8,-22.2,23.5,1094.0,4,BAL|FRZ|LUM,46,38,22,3,0
PDV-03761,Nordeste,BA,Feira de Santana,restaurante,B,22.2,22.5,1.4,15.5,1330.0,4,BAL|CHP|FRZ|MES,66,53,15,1,0
PDV-00703,Sudeste,SP,São José dos Campos,gastrobar,C,16.0,13.3,-16.9,13.1,505.0,3,FRZ,58,49,37,2,1
PDV-01498,Sudeste,MG,Juiz de Fora,gastrobar,A,68.1,64.0,-6.0,29.8,2877.0,6,BAL|FRZ|KVI|LUM,55,55,47,1,1
PDV-01350,Sudeste,ES,Vitória,bar premium,C,16.8,12.3,-26.8,17.9,709.0,2,BAL,78,60,47,2,1
PDV-03604,Nordeste,BA,Feira de Santana,pub,C,13.5,16.3,20.7,10.1,652.0,3,MES,75,57,47,0,0
PDV-02154,Sul,SC,Balneário Camboriú,bar premium,B,25.3,25.0,-1.2,27.0,1258.0,5,CHP|KVI|LUM|MES,59,49,47,0,0
PDV-01844,Sudeste,RJ,Niterói,choperia,C,27.2,25.5,-6.2,16.0,842.0,4,BAL|CHP,54,43,47,1,0
PDV-00590,Sudeste,SP,Ribeirão Preto,gastrobar,C,11.0,10.9,-0.9,9.6,672.0,3,CHP|LUM,61,55,47,0,0
PDV-01268,Sudeste,SP,Ribeirão Preto,choperia,C,9.7,9.6,-1.0,11.5,748.0,3,LUM|MES,65,62,47,0,1
PDV-00309,Sudeste,SP,São José dos Campos,pub,C,10.8,9.5,-12.0,13.1,759.0,4,LUM,73,62,47,2,1
PDV-00104,Sudeste,SP,São José dos Campos,restaurante,B,61.3,39.2,-36.1,29.9,1272.0,4,BAL|CHP|KVI|LUM,41,30,47,3,1
PDV-03542,Nordeste,PE,Recife,rooftop,B,15.6,17.7,13.5,36.6,1346.0,5,BAL|CHP|FRZ|MES,60,60,42,0,0
PDV-00369,Sudeste,SP,Santos,restaurante,A,138.9,87.4,-37.1,24.9,2826.0,7,BAL|CHP|FRZ,52,46,47,5,1
PDV-01042,Sudeste,SP,São Paulo,restaurante,C,14.0,14.1,0.7,10.9,666.0,3,LUM,65,55,47,1,1
PDV-02781,Sul,SC,Florianópolis,gastrobar,A,128.3,114.7,-10.6,33.5,2848.0,6,BAL|FRZ|KVI|LUM|MES,65,56,47,2,0
PDV-00543,Sudeste,SP,Campinas,rooftop,B,29.3,15.8,-46.1,23.7,1115.0,3,KVI|LUM,61,57,47,5,0
PDV-01817,Sudeste,RJ,Niterói,gastrobar,C,13.2,8.2,-37.9,10.9,836.0,3,LUM,73,60,47,4,0
PDV-01534,Sudeste,RJ,Niterói,gastrobar,A,183.2,82.9,-54.7,43.3,2371.0,5,BAL|CHP|FRZ|LUM|MES,60,46,47,5,0
PDV-03299,Centro-Oeste,GO,Anápolis,gastrobar,C,20.3,12.9,-36.5,19.0,780.0,4,LUM|MES,58,46,47,4,1
PDV-02225,Sul,RS,Porto Alegre,bar premium,A,88.8,76.6,-13.7,29.5,2788.0,7,BAL|CHP|FRZ,53,50,36,1,0
PDV-01493,Sudeste,SP,São Paulo,restaurante,A,72.4,70.3,-2.9,36.7,2462.0,7,BAL|CHP|FRZ|KVI,60,47,47,1,1
PDV-02405,Sul,PR,Curitiba,restaurante,C,24.6,15.7,-36.2,15.6,668.0,4,CHP|KVI|MES,52,26,47,4,0
PDV-02207,Sul,SC,Joinville,gastrobar,B,27.9,25.1,-10.0,24.8,1319.0,5,BAL|KVI|MES,43,48,47,2,1
PDV-00829,Sudeste,SP,São José dos Campos,pub,C,9.5,7.7,-18.9,15.5,682.0,3,BAL|KVI,58,46,47,2,0
PDV-01295,Sudeste,ES,Vila Velha,pub,B,30.8,26.8,-13.0,6.5,1213.0,4,BAL|CHP|FRZ,74,46,26,2,1
PDV-03192,Centro-Oeste,MS,Campo Grande,bar premium,B,29.5,26.6,-9.8,14.6,953.0,3,FRZ|KVI|MES,68,56,47,0,1
PDV-03227,Centro-Oeste,MT,Cuiabá,gastrobar,C,16.6,13.5,-18.7,13.4,685.0,2,BAL,87,89,47,2,1
PDV-02942,Centro-Oeste,GO,Anápolis,gastrobar,B,40.8,37.7,-7.6,18.9,1250.0,3,BAL|FRZ|KVI|MES,50,44,33,0,0
PDV-00393,Sudeste,RJ,Petrópolis,pub,C,17.7,14.6,-17.5,21.9,510.0,4,FRZ|KVI|LUM,49,29,20,2,0
PDV-02470,Sul,SC,Joinville,restaurante,B,35.8,35.8,0.0,22.0,1337.0,5,BAL|MES,57,57,47,2,1
PDV-00699,Sudeste,SP,São José dos Campos,choperia,B,31.2,31.9,2.2,34.8,1273.0,4,BAL|CHP|FRZ|KVI,65,58,14,0,1
PDV-02687,Sul,SC,Florianópolis,restaurante,B,14.1,8.4,-40.4,37.9,1429.0,4,CHP|FRZ|KVI|MES,46,33,47,4,0
PDV-02828,Sul,SC,Joinville,bar premium,A,173.0,161.4,-6.7,15.2,2330.0,7,BAL|CHP|FRZ|KVI|LUM|MES,57,42,25,1,1
PDV-01727,Sudeste,SP,Santos,bar premium,B,29.3,25.0,-14.7,10.4,922.0,5,CHP|FRZ|KVI|LUM,41,32,11,2,0
PDV-00018,Sudeste,SP,São Paulo,bar premium,A,53.3,46.2,-13.3,33.2,2773.0,7,BAL|CHP|KVI|MES,69,63,47,2,0
PDV-01618,Sudeste,MG,Juiz de Fora,bar premium,B,48.5,45.9,-5.4,21.5,1118.0,4,BAL|KVI|LUM,74,61,47,1,1
PDV-01021,Sudeste,SP,São Paulo,bar premium,C,9.6,6.3,-34.4,16.5,734.0,4,KVI,49,38,47,4,0
PDV-01475,Sudeste,SP,Santos,gastrobar,A,103.9,85.4,-17.8,19.2,2317.0,7,BAL|FRZ|KVI|LUM|MES,55,44,25,2,1
PDV-02604,Sul,SC,Balneário Camboriú,choperia,C,11.2,9.0,-19.6,11.8,741.0,3,BAL|CHP|MES,74,61,47,3,0
PDV-00925,Sudeste,MG,Belo Horizonte,bar premium,A,117.9,87.9,-25.4,31.2,2781.0,4,BAL|CHP|FRZ|KVI|LUM|MES,75,68,36,2,1
PDV-03286,Centro-Oeste,MT,Cuiabá,gastrobar,B,68.1,42.7,-37.3,16.9,1312.0,3,BAL|FRZ|LUM,81,50,47,5,0
PDV-01479,Sudeste,MG,Belo Horizonte,restaurante,A,117.1,101.6,-13.2,26.6,2623.0,7,BAL|CHP|FRZ|KVI|LUM|MES,45,41,47,0,1
PDV-00973,Sudeste,MG,Uberlândia,bar premium,B,35.7,35.7,0.0,35.4,1325.0,4,BAL|CHP|KVI,59,41,47,0,0
PDV-03167,Centro-Oeste,MT,Cuiabá,bar premium,B,21.2,20.3,-4.2,29.3,1449.0,3,CHP|KVI,49,45,28,0,1
PDV-02307,Sul,PR,Curitiba,bar premium,B,15.5,15.7,1.3,17.9,1360.0,4,CHP|FRZ|KVI|MES,78,72,47,0,0
PDV-01133,Sudeste,MG,Juiz de Fora,gastrobar,C,32.3,30.5,-5.6,15.4,643.0,3,CHP|LUM,49,59,25,0,0
PDV-01425,Sudeste,SP,Ribeirão Preto,restaurante,B,30.0,28.2,-6.0,7.6,1098.0,3,CHP|KVI,51,32,45,1,1
PDV-01282,Sudeste,RJ,Petrópolis,gastrobar,A,102.5,45.3,-55.8,24.7,2301.0,5,FRZ|KVI|LUM,50,30,47,4,1
PDV-02318,Sul,PR,Londrina,pub,B,15.2,14.0,-7.9,14.3,1366.0,4,FRZ|MES,68,51,17,2,0
PDV-02766,Sul,PR,Curitiba,gastrobar,C,6.6,4.7,-28.8,19.7,776.0,4,BAL|KVI,65,59,26,4,0
PDV-02602,Sul,SC,Florianópolis,bar premium,B,23.7,19.6,-17.3,22.6,1097.0,3,BAL|FRZ|KVI|LUM,42,28,47,2,0
PDV-00326,Sudeste,RJ,Niterói,gastrobar,B,30.3,19.1,-37.0,20.9,1263.0,5,CHP|MES,84,75,47,3,1
PDV-01226,Sudeste,SP,São José dos Campos,choperia,A,109.3,104.5,-4.4,38.8,2575.0,7,BAL|FRZ|MES,60,61,47,1,0
PDV-01009,Sudeste,ES,Vila Velha,rooftop,A,89.6,54.4,-39.3,28.6,1867.0,5,CHP|FRZ|KVI|MES,60,39,22,4,1
PDV-02172,Sul,SC,Florianópolis,rooftop,A,46.9,44.5,-5.1,31.8,2097.0,5,BAL|CHP|FRZ|KVI|LUM|MES,65,51,47,0,1
PDV-03015,Centro-Oeste,GO,Anápolis,pub,C,9.0,8.2,-8.9,23.6,703.0,2,KVI,60,47,41,0,1
PDV-01796,Sudeste,SP,Santos,gastrobar,C,4.4,2.0,-54.5,23.5,714.0,4,FRZ|KVI|MES,74,50,17,4,0
PDV-03232,Centro-Oeste,DF,Brasília,pub,A,116.0,106.2,-8.4,25.2,2350.0,7,BAL|CHP|FRZ|KVI|LUM|MES,70,61,11,0,0
PDV-00734,Sudeste,RJ,Petrópolis,choperia,B,31.9,27.4,-14.1,15.9,1360.0,4,CHP|FRZ|LUM|MES,51,49,47,2,0
PDV-03746,Nordeste,PE,Olinda,rooftop,B,42.5,48.5,14.1,15.7,1093.0,5,BAL|FRZ|KVI,50,49,47,0,1
PDV-02715,Sul,RS,Pelotas,bar premium,A,69.8,61.0,-12.6,24.2,2607.0,4,BAL|CHP|FRZ|KVI|LUM|MES,61,48,47,2,0
PDV-01306,Sudeste,SP,Ribeirão Preto,gastrobar,C,7.6,6.5,-14.5,18.4,579.0,4,KVI,74,70,47,1,0
PDV-02434,Sul,RS,Pelotas,bar premium,C,8.1,7.9,-2.5,8.0,779.0,2,BAL|CHP,62,45,47,1,0
PDV-02284,Sul,RS,Porto Alegre,pub,C,12.6,11.2,-11.1,13.0,689.0,3,KVI|LUM,72,49,47,2,0
PDV-02758,Sul,SC,Florianópolis,gastrobar,B,21.8,14.5,-33.5,18.4,1611.0,3,BAL|KVI,76,46,47,3,0
PDV-03712,Nordeste,CE,Fortaleza,bar premium,B,16.1,19.5,21.1,20.2,1455.0,3,FRZ|KVI|LUM,59,47,47,0,1
PDV-03516,Nordeste,BA,Feira de Santana,gastrobar,C,11.9,14.1,18.5,25.4,573.0,1,FRZ|LUM|MES,70,66,47,0,1
PDV-01873,Sudeste,SP,Campinas,gastrobar,B,30.2,27.3,-9.6,26.0,1304.0,5,KVI|LUM,69,50,47,0,0
PDV-03804,Nordeste,CE,Juazeiro do Norte,bar premium,C,13.0,15.9,22.3,21.1,803.0,2,CHP,72,61,28,0,0
PDV-02231,Sul,SC,Balneário Camboriú,bar premium,A,97.7,89.3,-8.6,41.2,2127.0,6,BAL|CHP|FRZ|KVI|LUM,77,76,47,1,1
PDV-01266,Sudeste,MG,Uberlândia,choperia,B,38.2,35.8,-6.3,28.5,1219.0,4,BAL|CHP|KVI|LUM,80,70,43,1,0
PDV-01126,Sudeste,RJ,Petrópolis,rooftop,A,96.3,51.6,-46.4,36.6,2253.0,4,BAL|CHP|KVI|LUM|MES,59,40,47,4,1
PDV-01986,Sudeste,SP,São José dos Campos,pub,B,29.7,27.2,-8.4,21.7,1275.0,5,BAL|CHP|FRZ|LUM,59,45,47,1,0
PDV-03438,Nordeste,CE,Fortaleza,gastrobar,C,9.3,10.8,16.1,14.3,651.0,2,CHP|FRZ|KVI,58,44,47,0,1
PDV-00796,Sudeste,MG,Juiz de Fora,bar premium,B,34.2,28.9,-15.5,28.6,1066.0,3,CHP|FRZ|MES,57,47,47,2,1
PDV-03626,Nordeste,RN,Natal,gastrobar,B,19.5,21.4,9.7,24.5,1149.0,4,BAL|FRZ|KVI|MES,71,61,26,0,1
PDV-00432,Sudeste,RJ,Petrópolis,choperia,B,25.5,18.6,-27.1,24.0,1274.0,4,BAL|FRZ|MES,54,33,47,3,0
PDV-02583,Sul,SC,Balneário Camboriú,bar premium,B,49.4,45.1,-8.7,18.7,1307.0,4,BAL|CHP|LUM,68,56,47,2,0
PDV-00484,Sudeste,SP,Santos,bar premium,C,6.1,5.4,-11.5,18.8,653.0,4,BAL|LUM,52,37,47,2,1
PDV-03174,Centro-Oeste,MS,Campo Grande,bar premium,C,6.8,6.2,-8.8,14.7,652.0,3,CHP|FRZ|MES,71,72,47,0,0
PDV-00646,Sudeste,SP,Ribeirão Preto,pub,B,25.0,26.9,7.6,17.0,1180.0,2,KVI|LUM,61,52,47,0,1
PDV-01799,Sudeste,RJ,Petrópolis,pub,C,15.2,13.0,-14.5,13.9,740.0,3,FRZ|LUM,67,57,20,1,1
PDV-01481,Sudeste,RJ,Rio de Janeiro,pub,C,14.7,11.7,-20.4,16.1,803.0,4,CHP|KVI,69,67,47,1,0
PDV-00457,Sudeste,SP,Santos,rooftop,A,84.8,73.5,-13.3,29.2,2499.0,5,CHP|FRZ|KVI|LUM|MES,66,48,27,0,0
PDV-03416,Nordeste,BA,Feira de Santana,bar premium,C,10.9,11.5,5.5,8.2,791.0,2,FRZ|MES,65,54,47,0,0
PDV-01615,Sudeste,SP,Campinas,bar premium,C,12.5,12.0,-4.0,18.6,723.0,2,FRZ|MES,58,57,47,0,1
PDV-00823,Sudeste,RJ,Niterói,restaurante,A,186.7,153.6,-17.7,26.3,2272.0,6,BAL|CHP|FRZ|KVI|LUM|MES,74,65,25,2,1
PDV-02521,Sul,PR,Curitiba,restaurante,A,125.4,111.0,-11.5,34.2,2958.0,5,CHP|FRZ|LUM|MES,77,69,41,1,0
PDV-02993,Centro-Oeste,MS,Campo Grande,gastrobar,B,52.0,46.3,-11.0,14.1,1097.0,2,KVI|LUM,87,83,47,0,1
PDV-00401,Sudeste,RJ,Petrópolis,bar premium,C,8.0,4.9,-38.7,11.6,576.0,4,CHP,64,53,47,4,0
PDV-00689,Sudeste,SP,Ribeirão Preto,restaurante,B,41.1,36.3,-11.7,18.0,1251.0,2,BAL|CHP|FRZ|LUM,68,62,47,2,1
PDV-02591,Sul,RS,Porto Alegre,rooftop,B,56.2,36.5,-35.1,17.0,1341.0,3,BAL|LUM,71,60,47,3,0
PDV-02996,Centro-Oeste,DF,Brasília,gastrobar,C,8.1,6.6,-18.5,13.6,776.0,3,FRZ|LUM|MES,60,54,32,2,0
PDV-02659,Sul,RS,Caxias do Sul,bar premium,A,135.0,124.8,-7.6,24.5,2248.0,6,CHP|KVI|MES,73,52,47,1,1
PDV-02771,Sul,RS,Caxias do Sul,bar premium,B,17.8,17.5,-1.7,20.6,1129.0,4,KVI|MES,63,48,18,1,0
PDV-02356,Sul,PR,Curitiba,choperia,C,11.2,11.7,4.5,18.3,794.0,3,BAL|FRZ,57,45,47,1,1
PDV-01326,Sudeste,RJ,Rio de Janeiro,bar premium,A,203.3,161.9,-20.4,28.1,2053.0,6,BAL|CHP|KVI|MES,55,38,47,2,0
PDV-02928,Centro-Oeste,DF,Brasília,gastrobar,B,32.9,26.9,-18.2,28.2,1402.0,4,BAL|CHP|FRZ|LUM,82,83,47,1,0
PDV-03023,Centro-Oeste,GO,Goiânia,gastrobar,A,82.1,33.9,-58.7,33.2,2198.0,7,CHP|FRZ|KVI|LUM|MES,56,38,47,4,0
PDV-03097,Centro-Oeste,DF,Brasília,restaurante,C,6.4,5.4,-15.6,16.0,566.0,4,LUM,57,56,21,2,0
PDV-02790,Sul,RS,Caxias do Sul,bar premium,A,40.2,40.4,0.5,33.0,2430.0,8,BAL|FRZ|KVI|MES,92,85,47,0,1
PDV-02064,Sul,PR,Curitiba,gastrobar,A,109.3,117.8,7.8,25.0,2194.0,6,BAL|CHP|FRZ|KVI|LUM|MES,44,22,47,1,0
PDV-00727,Sudeste,SP,Campinas,restaurante,C,9.8,9.3,-5.1,15.9,792.0,3,BAL|CHP|LUM,46,31,37,0,0
PDV-03345,Centro-Oeste,MS,Campo Grande,restaurante,A,74.9,39.6,-47.1,28.2,2013.0,5,BAL|CHP|FRZ|KVI|LUM|MES,72,49,47,4,0
PDV-00890,Sudeste,SP,Campinas,bar premium,C,7.4,7.3,-1.4,20.8,648.0,2,CHP,61,47,15,1,0
PDV-03834,Nordeste,PE,Olinda,pub,C,9.4,10.2,8.5,12.8,697.0,3,LUM,71,56,6,0,0
PDV-01576,Sudeste,SP,Santos,bar premium,C,8.7,7.2,-17.2,16.4,753.0,4,CHP,56,46,47,1,0
PDV-01410,Sudeste,SP,Santos,restaurante,B,23.9,14.4,-39.7,9.6,1131.0,4,BAL|FRZ|LUM|MES,56,51,47,4,1
PDV-03021,Centro-Oeste,DF,Brasília,choperia,B,9.5,8.5,-10.5,22.8,1204.0,4,CHP|KVI,78,78,47,1,1
PDV-03503,Nordeste,BA,Feira de Santana,bar premium,C,16.2,10.7,-34.0,12.2,782.0,3,CHP|FRZ|KVI,62,44,47,4,1
PDV-02164,Sul,RS,Pelotas,gastrobar,C,7.8,4.2,-46.2,21.8,709.0,3,CHP|LUM|MES,53,39,47,5,0
PDV-02946,Centro-Oeste,DF,Brasília,restaurante,C,11.7,10.5,-10.3,11.7,758.0,4,LUM,67,57,47,1,1
PDV-00650,Sudeste,RJ,Rio de Janeiro,pub,C,15.5,14.3,-7.7,13.2,703.0,4,BAL|CHP|LUM,67,59,47,1,0
PDV-02020,Sul,PR,Londrina,pub,C,9.3,8.0,-14.0,15.6,894.0,5,LUM|MES,68,52,47,2,1
PDV-00016,Sudeste,RJ,Rio de Janeiro,restaurante,C,21.2,19.0,-10.4,7.0,655.0,2,FRZ|KVI|MES,75,55,47,0,0
PDV-01586,Sudeste,MG,Belo Horizonte,restaurante,B,49.1,48.3,-1.6,30.2,1339.0,4,BAL|CHP|KVI|LUM,60,50,47,0,0
PDV-02384,Sul,SC,Balneário Camboriú,bar premium,C,9.6,9.5,-1.0,15.7,737.0,3,MES,53,47,47,1,0
PDV-02653,Sul,RS,Pelotas,bar premium,B,29.1,29.1,0.0,24.8,1187.0,4,BAL|FRZ|LUM,83,85,47,0,0
PDV-03300,Centro-Oeste,DF,Brasília,gastrobar,B,34.2,32.8,-4.1,23.8,1696.0,4,BAL|FRZ,79,76,14,0,0
PDV-03674,Nordeste,CE,Juazeiro do Norte,gastrobar,A,72.2,76.3,5.7,29.4,2580.0,8,BAL|CHP|FRZ|LUM,57,58,6,1,1
PDV-00398,Sudeste,SP,São José dos Campos,rooftop,A,97.8,54.4,-44.4,29.8,2239.0,5,BAL|CHP|FRZ|KVI|LUM|MES,65,46,47,4,1
PDV-03667,Nordeste,CE,Fortaleza,bar premium,C,6.0,5.5,-8.3,19.5,694.0,3,BAL|CHP,67,46,47,3,0
PDV-03586,Nordeste,BA,Feira de Santana,bar premium,C,4.0,4.6,15.0,18.7,748.0,2,CHP|LUM,76,71,47,1,0
PDV-01180,Sudeste,RJ,Petrópolis,choperia,B,36.7,22.9,-37.6,18.1,1477.0,3,CHP|FRZ,47,35,18,4,0
PDV-01102,Sudeste,SP,Santos,restaurante,C,16.7,14.7,-12.0,16.6,642.0,3,KVI|LUM,70,66,42,1,1
PDV-00429,Sudeste,SP,Santos,gastrobar,C,28.0,24.1,-13.9,25.6,635.0,3,KVI,55,43,47,2,0
PDV-00610,Sudeste,RJ,Niterói,pub,A,74.3,38.1,-48.7,33.1,2232.0,5,BAL|LUM|MES,61,39,21,3,1
PDV-00197,Sudeste,RJ,Niterói,gastrobar,B,33.8,33.5,-0.9,10.6,1268.0,2,BAL|CHP,56,49,47,0,1
PDV-01566,Sudeste,MG,Juiz de Fora,bar premium,A,39.8,31.7,-20.4,34.0,2245.0,6,BAL|CHP|FRZ|LUM,57,48,47,2,1
PDV-02985,Centro-Oeste,MS,Campo Grande,gastrobar,B,51.1,29.6,-42.1,27.5,1176.0,3,BAL|KVI|LUM|MES,40,33,47,4,0
PDV-00513,Sudeste,SP,Ribeirão Preto,restaurante,B,41.2,38.0,-7.8,28.0,1455.0,3,BAL|CHP|LUM,34,32,47,0,0
PDV-00523,Sudeste,SP,São José dos Campos,bar premium,B,45.8,28.2,-38.4,29.7,1211.0,5,BAL|FRZ,61,47,47,3,0
PDV-02887,Centro-Oeste,DF,Brasília,bar premium,B,32.6,22.2,-31.9,26.1,1237.0,4,KVI|MES,76,66,47,3,0
PDV-01728,Sudeste,SP,Santos,bar premium,C,8.5,7.2,-15.3,11.0,636.0,3,MES,85,73,47,1,1
PDV-00655,Sudeste,SP,Campinas,bar premium,A,99.6,54.1,-45.7,27.1,2576.0,5,CHP|FRZ|KVI|MES,52,40,47,5,1
PDV-01775,Sudeste,MG,Juiz de Fora,bar premium,A,118.9,97.4,-18.1,26.3,2808.0,7,BAL|FRZ|LUM,40,41,47,0,0
PDV-01504,Sudeste,RJ,Niterói,bar premium,B,32.7,27.3,-16.5,19.3,1280.0,3,CHP|FRZ|KVI|LUM,55,43,47,2,1
PDV-03050,Centro-Oeste,MS,Campo Grande,choperia,B,26.7,22.9,-14.2,17.5,1084.0,3,BAL|KVI,45,30,47,0,1
PDV-03348,Centro-Oeste,DF,Brasília,pub,C,18.6,17.6,-5.4,17.4,759.0,3,BAL|KVI|MES,70,43,12,0,0
PDV-00738,Sudeste,ES,Vitória,gastrobar,B,74.9,66.3,-11.5,17.9,1558.0,4,BAL|FRZ|KVI|LUM,72,65,35,0,0
PDV-02492,Sul,PR,Maringá,bar premium,A,141.3,133.2,-5.7,31.6,2139.0,7,BAL|CHP|FRZ|KVI|LUM|MES,48,37,14,2,0
PDV-02744,Sul,RS,Porto Alegre,bar premium,C,5.0,3.2,-36.0,17.1,781.0,3,BAL|KVI,57,42,47,3,0
PDV-01278,Sudeste,SP,Campinas,choperia,C,14.1,13.9,-1.4,7.5,725.0,3,LUM,43,39,47,1,0
PDV-00347,Sudeste,RJ,Niterói,pub,C,14.5,13.4,-7.6,14.0,739.0,3,CHP|FRZ|KVI,66,69,47,0,0
PDV-01936,Sudeste,SP,São José dos Campos,restaurante,C,12.4,10.7,-13.7,24.6,759.0,3,CHP|FRZ,70,66,47,1,0
PDV-00288,Sudeste,SP,Campinas,choperia,B,46.4,43.2,-6.9,15.9,1275.0,5,BAL|CHP|KVI|LUM,66,55,37,0,0
PDV-03677,Nordeste,PE,Olinda,bar premium,B,15.9,19.1,20.1,13.8,1216.0,5,BAL|CHP|KVI|MES,56,48,47,0,0
PDV-02943,Centro-Oeste,DF,Brasília,restaurante,B,30.3,30.9,2.0,18.5,1306.0,5,BAL|KVI,65,59,37,1,0
PDV-00877,Sudeste,SP,Santos,pub,C,9.7,8.9,-8.2,7.4,676.0,6,CHP|LUM|MES,72,56,47,0,0
PDV-00108,Sudeste,MG,Uberlândia,pub,A,61.5,33.5,-45.5,30.2,2288.0,5,BAL|CHP|FRZ|KVI|MES,68,53,14,4,0
PDV-02513,Sul,SC,Balneário Camboriú,gastrobar,B,46.2,42.5,-8.0,12.6,1263.0,4,CHP|FRZ|KVI|MES,75,55,47,1,1
PDV-03601,Nordeste,PE,Caruaru,restaurante,C,8.1,4.5,-44.4,19.4,708.0,4,CHP|FRZ,54,33,34,5,1
PDV-00609,Sudeste,SP,Ribeirão Preto,pub,C,8.6,5.9,-31.4,22.3,651.0,4,CHP|LUM,66,33,47,3,1
PDV-00560,Sudeste,SP,Campinas,gastrobar,A,163.7,76.0,-53.6,33.7,2475.0,5,CHP|FRZ|KVI|LUM|MES,75,68,38,4,1
PDV-01129,Sudeste,SP,Santos,choperia,A,96.7,61.8,-36.1,37.0,2836.0,3,BAL|CHP|FRZ|LUM,71,55,47,3,0
PDV-03506,Nordeste,PE,Caruaru,bar premium,A,42.7,44.8,4.9,28.3,2409.0,6,BAL|FRZ|LUM|MES,38,30,47,1,1
PDV-00496,Sudeste,SP,Santos,restaurante,C,8.4,8.0,-4.8,7.1,710.0,4,FRZ|LUM|MES,59,47,47,1,1
PDV-02350,Sul,RS,Porto Alegre,restaurante,A,153.7,86.8,-43.5,47.9,2385.0,4,BAL|CHP|FRZ|KVI|LUM|MES,69,57,16,3,0
PDV-03668,Nordeste,CE,Fortaleza,restaurante,A,166.9,185.8,11.3,25.1,2009.0,7,BAL|FRZ|KVI|MES,61,61,47,1,0
PDV-00809,Sudeste,SP,São José dos Campos,pub,B,41.8,42.1,0.7,18.5,1182.0,3,BAL|KVI|LUM|MES,53,41,47,1,0
PDV-01530,Sudeste,SP,Campinas,rooftop,B,61.4,57.3,-6.7,25.7,1194.0,4,CHP|LUM|MES,38,36,47,0,0
PDV-00105,Sudeste,RJ,Petrópolis,gastrobar,A,121.9,56.5,-53.7,31.4,2793.0,5,BAL|CHP|FRZ|KVI|LUM|MES,46,31,47,5,1
PDV-01354,Sudeste,SP,Ribeirão Preto,pub,C,8.2,4.6,-43.9,26.0,764.0,5,FRZ|KVI,49,38,47,5,1
PDV-02808,Sul,PR,Maringá,pub,C,6.4,5.3,-17.2,14.0,837.0,4,CHP|KVI,53,30,40,2,0
PDV-01497,Sudeste,SP,Santos,bar premium,A,136.4,109.4,-19.8,32.5,2159.0,7,BAL|CHP|FRZ|KVI|LUM|MES,50,44,47,2,0
PDV-01781,Sudeste,RJ,Rio de Janeiro,pub,B,66.1,56.0,-15.3,17.9,903.0,5,BAL|CHP|FRZ|KVI,67,52,47,1,1
PDV-01523,Sudeste,MG,Juiz de Fora,rooftop,A,120.5,114.1,-5.3,31.5,2610.0,6,BAL|FRZ|KVI|LUM,66,51,18,1,0
PDV-01085,Sudeste,SP,São Paulo,bar premium,A,71.7,60.5,-15.6,37.2,2753.0,7,BAL|CHP|FRZ|KVI|MES,53,45,47,1,1
PDV-01581,Sudeste,RJ,Niterói,gastrobar,B,73.3,49.9,-31.9,28.3,1337.0,2,CHP|FRZ|KVI|MES,65,54,47,3,0
PDV-03482,Nordeste,PE,Caruaru,bar premium,C,7.5,7.9,5.3,5.7,699.0,2,BAL|FRZ|MES,60,50,31,0,0
PDV-03336,Centro-Oeste,MT,Cuiabá,bar premium,C,17.6,9.5,-46.0,31.9,704.0,4,LUM,76,58,47,5,0
PDV-03584,Nordeste,BA,Feira de Santana,bar premium,A,49.7,33.3,-33.0,25.2,2907.0,6,CHP|LUM|MES,60,54,47,3,0
PDV-03733,Nordeste,CE,Juazeiro do Norte,pub,C,10.2,10.5,2.9,11.7,739.0,2,BAL|LUM|MES,54,51,47,0,1
PDV-01381,Sudeste,SP,Campinas,bar premium,A,80.0,68.4,-14.5,33.4,2046.0,8,BAL|CHP|FRZ|KVI|LUM|MES,56,28,32,2,0
PDV-02586,Sul,RS,Porto Alegre,gastrobar,A,185.4,105.0,-43.4,23.9,2262.0,4,BAL|CHP|FRZ|KVI|LUM|MES,48,39,47,5,1
PDV-00241,Sudeste,ES,Vitória,bar premium,B,24.0,21.5,-10.4,15.7,1159.0,6,CHP|FRZ|LUM|MES,63,58,47,1,0
PDV-03373,Centro-Oeste,DF,Brasília,bar premium,C,28.9,24.0,-17.0,14.5,667.0,3,CHP|KVI,50,23,47,1,1
PDV-03349,Centro-Oeste,GO,Goiânia,bar premium,B,37.1,25.0,-32.6,25.4,1171.0,4,BAL|CHP|KVI|MES,68,67,47,3,1
PDV-03573,Nordeste,RN,Natal,bar premium,C,14.0,15.2,8.6,20.4,695.0,2,FRZ,56,53,13,0,0
PDV-01259,Sudeste,SP,São José dos Campos,pub,B,17.2,15.9,-7.6,23.5,1115.0,4,BAL|FRZ,61,51,27,1,1
PDV-00668,Sudeste,SP,São José dos Campos,gastrobar,B,39.1,35.8,-8.4,28.5,1558.0,4,BAL|CHP,70,62,47,1,1
PDV-00950,Sudeste,MG,Juiz de Fora,bar premium,A,175.6,90.2,-48.6,30.0,2687.0,5,CHP|FRZ|KVI|LUM,51,41,47,5,1
PDV-00365,Sudeste,SP,Ribeirão Preto,gastrobar,A,86.7,46.5,-46.4,29.3,2319.0,4,BAL|FRZ|KVI|LUM|MES,62,53,47,5,1
PDV-02567,Sul,RS,Pelotas,bar premium,C,9.0,4.6,-48.9,26.6,668.0,4,MES,53,44,25,4,0
PDV-03671,Nordeste,CE,Fortaleza,restaurante,B,19.3,23.9,23.8,16.8,1052.0,5,BAL|CHP|FRZ|MES,59,51,10,0,1
PDV-03588,Nordeste,RN,Natal,rooftop,B,23.4,26.7,14.1,19.4,1247.0,5,FRZ|KVI|MES,79,74,47,0,0
PDV-03827,Nordeste,PE,Recife,pub,B,18.5,22.0,18.9,18.1,1200.0,4,BAL|MES,70,60,47,0,0
PDV-01702,Sudeste,SP,São Paulo,bar premium,B,37.7,29.3,-22.3,26.6,1537.0,3,BAL|FRZ|KVI,55,37,47,2,1
PDV-02764,Sul,PR,Curitiba,bar premium,C,16.3,11.1,-31.9,3.0,685.0,5,CHP|FRZ|MES,57,40,47,4,1
PDV-01580,Sudeste,SP,Ribeirão Preto,restaurante,B,26.8,24.4,-9.0,25.2,1183.0,5,BAL|CHP|KVI|MES,67,49,47,2,0
PDV-01538,Sudeste,MG,Belo Horizonte,gastrobar,A,112.0,96.0,-14.3,20.9,2042.0,7,BAL|CHP|KVI|LUM|MES,65,61,47,2,0
PDV-03242,Centro-Oeste,GO,Anápolis,bar premium,A,189.5,162.7,-14.1,34.7,2427.0,7,BAL|FRZ|KVI|LUM|MES,33,18,47,2,1
PDV-01078,Sudeste,RJ,Niterói,gastrobar,B,27.3,20.0,-26.7,19.1,1461.0,5,BAL|CHP|FRZ|LUM,45,40,47,3,0
PDV-01109,Sudeste,SP,Campinas,restaurante,A,173.8,151.5,-12.8,26.9,3075.0,6,CHP|FRZ|LUM,52,41,47,2,0
PDV-00185,Sudeste,MG,Uberlândia,choperia,A,33.6,19.8,-41.1,22.8,2207.0,6,BAL|CHP|FRZ|KVI|LUM|MES,64,67,47,3,0
PDV-01127,Sudeste,RJ,Rio de Janeiro,rooftop,A,99.1,76.5,-22.8,26.3,2611.0,5,BAL|CHP|FRZ|KVI,66,55,47,2,0
PDV-02893,Centro-Oeste,DF,Brasília,rooftop,C,9.5,9.3,-2.1,5.4,593.0,2,BAL|FRZ|KVI,54,51,40,2,1
PDV-00033,Sudeste,SP,Ribeirão Preto,bar premium,B,25.5,23.4,-8.2,19.3,1088.0,2,CHP|FRZ,65,57,47,1,0
PDV-01179,Sudeste,RJ,Niterói,gastrobar,A,66.9,55.2,-17.5,23.9,2595.0,6,BAL|FRZ|KVI,61,43,12,1,1
PDV-03333,Centro-Oeste,GO,Goiânia,restaurante,A,71.7,53.4,-25.5,24.1,1949.0,6,BAL|CHP|FRZ|KVI|MES,51,41,47,2,1
PDV-00674,Sudeste,MG,Belo Horizonte,bar premium,B,29.6,13.8,-53.4,23.8,1216.0,4,KVI|MES,57,44,47,5,1
PDV-00672,Sudeste,SP,São Paulo,restaurante,B,19.0,16.3,-14.2,23.9,1111.0,3,CHP|FRZ|KVI|LUM,57,39,47,1,0
PDV-03426,Nordeste,PE,Recife,choperia,C,16.3,16.4,0.6,15.9,826.0,3,KVI|LUM,64,54,37,2,0
PDV-00702,Sudeste,SP,São Paulo,restaurante,A,168.2,108.9,-35.3,27.8,2236.0,5,BAL|CHP|MES,54,37,47,3,1
PDV-00311,Sudeste,SP,Campinas,bar premium,C,8.8,8.2,-6.8,10.8,688.0,4,BAL|LUM|MES,82,66,28,0,0
PDV-03796,Nordeste,BA,Salvador,choperia,C,7.8,8.8,12.8,20.9,866.0,2,BAL|FRZ,62,48,47,1,0
PDV-00076,Sudeste,SP,São Paulo,rooftop,C,7.6,7.4,-2.6,21.3,781.0,1,CHP|KVI|MES,68,65,47,1,0
PDV-01676,Sudeste,MG,Belo Horizonte,restaurante,C,16.4,11.3,-31.1,10.4,611.0,5,FRZ|KVI,64,58,31,3,1
PDV-01066,Sudeste,SP,São José dos Campos,bar premium,C,7.8,4.2,-46.2,17.3,693.0,5,BAL|LUM,72,71,47,4,0
PDV-02282,Sul,SC,Balneário Camboriú,bar premium,A,70.3,61.4,-12.7,30.2,2404.0,7,BAL|CHP|FRZ|KVI|MES,78,68,32,1,0
PDV-02302,Sul,SC,Joinville,restaurante,B,33.1,26.6,-19.6,27.5,1169.0,3,BAL|CHP|LUM,44,35,47,4,1
PDV-02650,Sul,RS,Porto Alegre,gastrobar,A,138.9,111.4,-19.8,29.2,2723.0,6,BAL|CHP|FRZ|MES,74,61,47,2,0
PDV-02364,Sul,PR,Maringá,pub,B,26.9,27.9,3.7,18.9,1222.0,4,FRZ|KVI|LUM|MES,77,75,47,0,0
PDV-02096,Sul,SC,Florianópolis,gastrobar,A,87.0,81.5,-6.3,23.6,2590.0,6,BAL|FRZ|LUM,72,64,26,2,1
PDV-00911,Sudeste,SP,Santos,bar premium,C,13.9,11.8,-15.1,11.6,759.0,3,BAL|LUM,57,54,47,1,1
PDV-00054,Sudeste,MG,Belo Horizonte,bar premium,A,102.0,76.8,-24.7,27.8,1855.0,8,BAL|CHP|KVI|LUM,53,54,47,2,0
PDV-01553,Sudeste,MG,Juiz de Fora,bar premium,A,108.7,66.9,-38.5,23.4,2269.0,5,FRZ|KVI|LUM|MES,52,39,47,3,1
PDV-01810,Sudeste,SP,São Paulo,pub,C,8.2,5.5,-32.9,9.7,647.0,3,CHP|FRZ|KVI,61,46,24,3,0
PDV-02126,Sul,SC,Florianópolis,bar premium,B,24.3,23.4,-3.7,17.3,1066.0,5,CHP|FRZ|KVI|LUM,51,53,17,0,0
PDV-03471,Nordeste,BA,Feira de Santana,bar premium,C,9.6,10.1,5.2,10.8,706.0,2,BAL|CHP|LUM,58,56,41,0,1
PDV-03648,Nordeste,PE,Recife,choperia,B,19.5,21.9,12.3,10.0,1513.0,6,BAL|FRZ|KVI,62,57,47,1,1
PDV-01365,Sudeste,SP,Campinas,pub,A,230.2,154.5,-32.9,22.7,2401.0,7,BAL|CHP|KVI|MES,66,55,39,5,1
PDV-03137,Centro-Oeste,GO,Goiânia,rooftop,A,78.6,46.0,-41.5,28.8,2235.0,4,BAL|CHP|LUM|MES,43,33,47,4,1
PDV-03709,Nordeste,PE,Olinda,gastrobar,B,26.4,26.1,-1.1,21.0,1159.0,5,FRZ|KVI,34,25,38,0,0
PDV-00863,Sudeste,SP,São José dos Campos,restaurante,C,25.1,18.6,-25.9,26.6,672.0,4,KVI,60,42,19,1,0
PDV-01355,Sudeste,SP,São Paulo,bar premium,C,11.5,11.6,0.9,20.8,737.0,3,FRZ|LUM|MES,45,51,47,0,0
PDV-01045,Sudeste,SP,Santos,bar premium,C,11.9,5.6,-52.9,18.1,756.0,3,BAL,49,45,47,5,0
PDV-00128,Sudeste,RJ,Niterói,gastrobar,C,10.9,10.0,-8.3,5.1,729.0,4,KVI,83,81,47,0,0
PDV-02274,Sul,RS,Porto Alegre,pub,A,70.2,24.9,-64.5,25.7,2276.0,4,BAL|CHP|FRZ|KVI|LUM|MES,38,17,22,5,1
PDV-00088,Sudeste,RJ,Petrópolis,bar premium,A,122.0,113.2,-7.2,29.4,2793.0,8,BAL|CHP|KVI,92,83,47,1,1
PDV-01626,Sudeste,ES,Vila Velha,restaurante,C,13.7,9.3,-32.1,9.9,550.0,4,KVI,62,51,6,3,0
PDV-03795,Nordeste,CE,Juazeiro do Norte,bar premium,C,8.5,9.3,9.4,15.2,638.0,2,BAL,54,38,47,0,0
PDV-00124,Sudeste,SP,São José dos Campos,bar premium,A,110.2,48.8,-55.7,28.5,2670.0,4,BAL|CHP|FRZ|KVI|LUM|MES,37,17,47,5,1
PDV-02253,Sul,RS,Pelotas,bar premium,A,168.2,156.0,-7.3,22.9,2343.0,7,BAL|FRZ|KVI|MES,79,65,13,2,1
PDV-00332,Sudeste,RJ,Petrópolis,rooftop,A,97.3,86.7,-10.9,25.2,1838.0,8,BAL|CHP|KVI|LUM|MES,64,53,29,0,0
PDV-03156,Centro-Oeste,MT,Cuiabá,choperia,C,6.4,5.4,-15.6,16.7,739.0,4,CHP|FRZ|LUM,64,59,47,2,0
PDV-03274,Centro-Oeste,GO,Anápolis,restaurante,B,12.1,10.7,-11.6,24.3,1199.0,3,BAL|CHP|KVI,64,54,47,0,0
PDV-01440,Sudeste,RJ,Petrópolis,bar premium,C,17.9,15.9,-11.2,27.7,619.0,4,CHP,55,58,37,1,1
PDV-02273,Sul,SC,Joinville,bar premium,C,9.9,10.6,7.1,9.8,667.0,2,KVI,58,50,47,0,0
PDV-01662,Sudeste,ES,Vila Velha,restaurante,A,94.9,57.8,-39.1,17.6,2357.0,4,BAL|CHP|FRZ|KVI|MES,45,29,44,4,0
PDV-00993,Sudeste,SP,Campinas,rooftop,B,23.1,21.5,-6.9,24.7,1318.0,6,BAL|CHP,41,23,47,2,0
PDV-01367,Sudeste,SP,Campinas,bar premium,C,15.8,8.2,-48.1,19.0,752.0,5,CHP|MES,66,46,47,4,0
PDV-00640,Sudeste,SP,Santos,gastrobar,C,39.9,36.2,-9.3,14.9,657.0,2,BAL|KVI,59,47,47,2,1
PDV-01146,Sudeste,SP,Ribeirão Preto,gastrobar,C,11.7,8.0,-31.6,14.0,660.0,5,FRZ|KVI|MES,68,54,41,4,1
PDV-01303,Sudeste,SP,São Paulo,pub,A,91.5,79.6,-13.0,21.6,2468.0,6,BAL|CHP|MES,61,53,47,1,1
PDV-03561,Nordeste,BA,Feira de Santana,restaurante,A,87.9,98.9,12.5,32.0,2419.0,7,BAL|CHP|FRZ|KVI|MES,59,54,47,0,0
PDV-02422,Sul,SC,Joinville,gastrobar,A,103.2,109.1,5.7,23.4,2764.0,7,BAL|CHP|KVI,52,46,47,1,0
PDV-01051,Sudeste,MG,Juiz de Fora,bar premium,C,25.4,18.7,-26.4,12.4,610.0,4,LUM,50,25,22,2,0
PDV-00195,Sudeste,SP,Campinas,restaurante,C,9.4,8.0,-14.9,18.0,776.0,3,FRZ|MES,75,62,47,1,1
PDV-03620,Nordeste,CE,Fortaleza,gastrobar,B,20.2,19.7,-2.5,13.6,1046.0,5,FRZ|KVI|LUM|MES,78,66,47,1,0
PDV-03202,Centro-Oeste,GO,Anápolis,rooftop,C,10.3,7.0,-32.0,21.9,761.0,4,BAL|CHP|KVI,63,38,13,4,0
PDV-00084,Sudeste,MG,Belo Horizonte,bar premium,C,18.2,14.8,-18.7,26.6,787.0,3,BAL|KVI|MES,73,57,17,1,0
PDV-00132,Sudeste,RJ,Niterói,restaurante,B,52.0,53.3,2.5,22.3,1348.0,5,CHP|FRZ|MES,73,67,47,0,1
PDV-01833,Sudeste,MG,Juiz de Fora,choperia,C,12.4,11.5,-7.3,14.2,734.0,3,CHP|KVI|LUM,56,43,47,0,0
PDV-02021,Sul,SC,Florianópolis,pub,B,21.7,21.1,-2.8,10.9,1540.0,5,BAL|KVI|LUM|MES,78,80,23,0,0
PDV-03193,Centro-Oeste,MT,Cuiabá,bar premium,C,14.5,12.9,-11.0,14.4,696.0,3,CHP|LUM,67,53,47,0,0
PDV-00285,Sudeste,SP,São Paulo,choperia,A,95.7,89.6,-6.4,7.5,2650.0,8,BAL|CHP|FRZ|KVI|LUM|MES,51,42,47,1,0
PDV-01670,Sudeste,SP,Ribeirão Preto,pub,C,13.6,9.1,-33.1,9.1,688.0,4,BAL|LUM,58,45,47,4,0
PDV-01007,Sudeste,SP,São José dos Campos,rooftop,C,13.6,11.0,-19.1,20.4,758.0,4,KVI|MES,69,53,8,2,1
PDV-01715,Sudeste,SP,Santos,choperia,B,24.4,23.3,-4.5,20.9,1099.0,4,FRZ|KVI|MES,47,36,47,1,0
PDV-02398,Sul,SC,Florianópolis,pub,C,9.1,9.3,2.2,13.9,702.0,3,CHP|FRZ,54,50,38,0,0
PDV-02691,Sul,SC,Balneário Camboriú,rooftop,C,33.1,24.3,-26.6,17.3,747.0,4,BAL|CHP|LUM,58,32,47,3,0
PDV-02359,Sul,PR,Curitiba,gastrobar,A,71.2,71.0,-0.3,23.2,2283.0,6,CHP|KVI|MES,54,46,36,0,1
PDV-00971,Sudeste,RJ,Petrópolis,bar premium,A,102.1,78.5,-23.1,24.0,2491.0,6,BAL|KVI|LUM,77,74,47,2,1
PDV-00244,Sudeste,MG,Uberlândia,gastrobar,A,112.2,101.2,-9.8,28.1,1991.0,7,BAL|CHP|FRZ|KVI|LUM|MES,83,80,47,1,0
PDV-01152,Sudeste,SP,Santos,pub,A,108.5,78.4,-27.7,18.5,2157.0,5,BAL|CHP|KVI|LUM,52,36,39,4,0
PDV-02298,Sul,RS,Pelotas,bar premium,C,10.6,10.2,-3.8,14.9,818.0,3,BAL|FRZ|MES,55,47,47,0,0
PDV-00575,Sudeste,ES,Vitória,bar premium,C,18.3,17.4,-4.9,10.3,625.0,3,KVI,47,40,47,1,1
PDV-02605,Sul,RS,Porto Alegre,bar premium,C,8.6,8.6,0.0,17.8,654.0,3,BAL|MES,57,37,47,1,0
PDV-00465,Sudeste,SP,Ribeirão Preto,bar premium,B,50.4,41.4,-17.9,21.0,1513.0,3,KVI|MES,59,51,47,2,0
PDV-01919,Sudeste,SP,São Paulo,gastrobar,A,156.4,146.4,-6.4,30.8,2401.0,8,BAL|CHP|FRZ|LUM|MES,70,52,47,1,0
PDV-01664,Sudeste,SP,Ribeirão Preto,pub,B,31.8,27.1,-14.8,11.8,949.0,3,BAL|KVI|MES,66,54,47,1,0
PDV-01955,Sudeste,ES,Vitória,bar premium,C,12.7,10.1,-20.5,12.9,687.0,3,CHP|FRZ|LUM,71,64,45,0,0
PDV-03140,Centro-Oeste,MS,Campo Grande,rooftop,A,75.8,77.5,2.2,22.5,2324.0,7,BAL|CHP|FRZ|KVI|LUM|MES,61,38,47,1,0
PDV-00936,Sudeste,RJ,Petrópolis,restaurante,C,4.2,3.9,-7.1,11.9,605.0,2,CHP|FRZ|KVI,68,67,47,0,0
PDV-03585,Nordeste,PE,Recife,bar premium,B,23.7,26.6,12.2,18.8,1328.0,4,FRZ|KVI|MES,70,67,11,0,0
PDV-00558,Sudeste,SP,São Paulo,restaurante,A,244.9,221.9,-9.4,22.2,2544.0,6,BAL|CHP|LUM,71,64,47,1,1
PDV-03528,Nordeste,CE,Fortaleza,restaurante,C,4.7,5.5,17.0,14.1,648.0,1,BAL|FRZ,59,57,47,0,0
PDV-00783,Sudeste,RJ,Petrópolis,rooftop,B,36.9,35.3,-4.3,29.2,1432.0,4,KVI|LUM,61,58,47,1,0
PDV-01843,Sudeste,SP,Santos,gastrobar,A,86.0,71.7,-16.6,23.3,2965.0,8,BAL|CHP|FRZ|KVI|LUM|MES,66,66,47,0,1
PDV-00907,Sudeste,RJ,Petrópolis,gastrobar,A,160.4,144.5,-9.9,26.1,2283.0,6,BAL|FRZ|KVI|LUM|MES,69,44,47,1,1
PDV-02156,Sul,SC,Balneário Camboriú,pub,A,59.8,54.0,-9.7,27.0,2826.0,4,CHP|FRZ|KVI|LUM,45,50,21,1,1
PDV-00932,Sudeste,SP,São José dos Campos,bar premium,A,161.1,96.1,-40.3,35.2,2209.0,7,BAL|CHP|LUM|MES,72,73,47,3,1
PDV-00405,Sudeste,MG,Juiz de Fora,rooftop,C,9.6,10.1,5.2,3.0,743.0,4,MES,55,57,47,2,1
PDV-01532,Sudeste,MG,Uberlândia,rooftop,B,39.2,31.8,-18.9,31.2,1275.0,4,BAL|FRZ|KVI|LUM,52,55,47,2,0
PDV-03122,Centro-Oeste,GO,Goiânia,pub,A,109.4,86.1,-21.3,23.3,2306.0,6,BAL|CHP|FRZ|LUM|MES,68,39,47,2,1
PDV-00808,Sudeste,RJ,Niterói,bar premium,A,115.8,113.7,-1.8,17.0,2098.0,4,BAL|CHP|KVI|LUM|MES,70,62,47,0,1
PDV-01422,Sudeste,SP,São José dos Campos,restaurante,A,106.9,93.7,-12.3,25.9,2301.0,5,CHP|KVI|MES,52,53,46,1,0
PDV-00991,Sudeste,RJ,Niterói,restaurante,A,183.7,171.8,-6.5,25.3,2598.0,6,BAL|CHP|FRZ|LUM|MES,46,32,25,2,0
PDV-00246,Sudeste,SP,Ribeirão Preto,rooftop,C,21.3,18.0,-15.5,11.0,684.0,4,CHP,55,48,29,1,0
PDV-00412,Sudeste,SP,Campinas,bar premium,B,46.3,45.2,-2.4,26.8,1341.0,4,FRZ|LUM|MES,63,47,47,1,0
PDV-03022,Centro-Oeste,DF,Brasília,restaurante,B,34.0,29.3,-13.8,20.3,1087.0,2,BAL|KVI,68,52,47,1,0
PDV-03054,Centro-Oeste,MS,Campo Grande,restaurante,C,18.0,9.6,-46.7,8.4,704.0,4,CHP|FRZ|MES,55,43,47,3,0
PDV-01612,Sudeste,SP,Santos,rooftop,A,88.6,46.8,-47.2,35.3,1904.0,4,BAL|CHP|FRZ|MES,61,40,18,5,0
PDV-01714,Sudeste,SP,São Paulo,choperia,B,43.8,39.2,-10.5,25.2,1437.0,3,BAL|FRZ|MES,55,47,47,0,0
PDV-00374,Sudeste,SP,Ribeirão Preto,bar premium,C,20.8,19.3,-7.2,33.3,625.0,3,BAL|FRZ|MES,69,45,47,1,1
PDV-00717,Sudeste,SP,São José dos Campos,bar premium,C,10.8,10.1,-6.5,20.3,646.0,2,BAL|KVI,53,44,47,0,1
PDV-02407,Sul,PR,Maringá,rooftop,A,160.5,113.4,-29.3,31.7,2267.0,6,BAL|CHP|FRZ|KVI|LUM|MES,76,65,47,5,1
PDV-02137,Sul,PR,Londrina,pub,C,6.5,3.9,-40.0,14.2,757.0,4,BAL|CHP,65,33,11,4,0
PDV-00442,Sudeste,SP,Campinas,bar premium,B,64.5,66.6,3.3,31.0,1233.0,4,BAL|FRZ|KVI|MES,59,46,47,1,1
PDV-00271,Sudeste,SP,Ribeirão Preto,pub,B,27.7,28.4,2.5,29.9,1280.0,4,BAL|CHP|MES,71,56,47,1,0
PDV-02621,Sul,RS,Caxias do Sul,pub,C,10.7,9.9,-7.5,4.9,654.0,3,CHP,50,47,34,1,0
PDV-02301,Sul,RS,Porto Alegre,gastrobar,C,7.6,7.6,0.0,10.0,751.0,4,LUM,61,43,36,1,0
PDV-02412,Sul,SC,Joinville,bar premium,A,92.0,47.8,-48.0,32.2,2159.0,7,BAL|CHP|FRZ|KVI|LUM|MES,59,39,31,5,1
PDV-02362,Sul,RS,Porto Alegre,restaurante,C,12.9,12.0,-7.0,24.7,592.0,2,CHP,80,72,47,1,0
PDV-00772,Sudeste,MG,Belo Horizonte,rooftop,B,37.2,25.9,-30.4,22.1,1283.0,6,BAL|KVI|LUM|MES,72,54,46,3,0
PDV-03536,Nordeste,CE,Juazeiro do Norte,restaurante,C,6.3,7.5,19.0,18.9,717.0,2,MES,73,71,40,0,0
PDV-00532,Sudeste,SP,Ribeirão Preto,bar premium,A,59.8,47.4,-20.7,35.2,2730.0,6,BAL|FRZ|KVI,54,38,47,2,1
PDV-01932,Sudeste,SP,Santos,bar premium,A,87.4,69.7,-20.3,21.5,2614.0,7,BAL|KVI|LUM|MES,55,43,47,2,0
PDV-00895,Sudeste,MG,Uberlândia,gastrobar,B,21.0,20.3,-3.3,27.2,1325.0,3,BAL|FRZ|KVI|MES,69,68,33,1,1
PDV-03181,Centro-Oeste,MT,Cuiabá,gastrobar,B,52.8,28.4,-46.2,24.2,1275.0,3,BAL|KVI|LUM|MES,67,54,47,4,0
PDV-03704,Nordeste,BA,Salvador,gastrobar,B,47.2,53.8,14.0,22.7,1294.0,5,BAL|MES,61,51,36,0,0
PDV-02752,Sul,SC,Joinville,bar premium,B,14.9,10.9,-26.8,13.6,1180.0,3,BAL|CHP|KVI|MES,68,64,25,3,0
PDV-01876,Sudeste,MG,Uberlândia,restaurante,A,134.7,104.6,-22.3,37.4,2097.0,5,CHP|FRZ|LUM,59,41,47,0,1
PDV-03011,Centro-Oeste,MS,Campo Grande,gastrobar,C,15.0,8.0,-46.7,7.7,790.0,3,BAL|FRZ,58,49,47,3,1
PDV-03389,Centro-Oeste,GO,Goiânia,bar premium,B,19.0,18.1,-4.7,16.6,1260.0,4,BAL|CHP|FRZ,35,20,11,1,0
PDV-00581,Sudeste,SP,São Paulo,bar premium,B,34.5,21.5,-37.7,26.3,1470.0,3,BAL|KVI|LUM|MES,59,47,47,4,1
PDV-01556,Sudeste,MG,Uberlândia,gastrobar,A,159.2,136.1,-14.5,34.8,2399.0,5,BAL|CHP|FRZ|KVI|LUM|MES,50,51,35,1,1
PDV-02029,Sul,PR,Londrina,restaurante,B,36.0,35.6,-1.1,9.3,1366.0,5,BAL|CHP|KVI,60,46,47,2,0
PDV-01800,Sudeste,SP,Santos,bar premium,A,130.3,68.3,-47.6,26.6,2481.0,5,BAL|CHP|LUM|MES,57,50,12,5,1
PDV-03813,Nordeste,PE,Olinda,bar premium,C,7.5,9.1,21.3,13.5,800.0,3,BAL|CHP,52,49,47,1,0
PDV-03570,Nordeste,BA,Salvador,bar premium,B,23.5,26.9,14.5,27.2,1339.0,3,BAL|FRZ|MES,66,78,47,0,0
PDV-03062,Centro-Oeste,DF,Brasília,gastrobar,B,34.5,32.8,-4.9,6.4,1622.0,5,CHP|FRZ|KVI,63,48,7,1,1
PDV-02363,Sul,RS,Pelotas,pub,A,146.8,92.7,-36.9,24.5,2897.0,5,BAL|CHP|FRZ|LUM,61,45,47,3,0
PDV-02644,Sul,RS,Porto Alegre,choperia,C,11.5,11.2,-2.6,20.4,527.0,1,BAL,53,61,44,0,0
PDV-00044,Sudeste,MG,Uberlândia,bar premium,C,7.5,6.8,-9.3,6.4,688.0,5,BAL|LUM|MES,27,13,47,1,0
PDV-03313,Centro-Oeste,MS,Campo Grande,bar premium,B,30.1,16.1,-46.5,22.9,1356.0,3,BAL|FRZ|KVI|LUM,75,75,47,3,0
PDV-00403,Sudeste,SP,Ribeirão Preto,gastrobar,C,10.7,8.7,-18.7,19.7,685.0,3,FRZ|KVI|LUM,62,52,47,2,0
PDV-02304,Sul,PR,Maringá,bar premium,B,48.3,34.8,-28.0,21.2,1161.0,3,FRZ|LUM,65,53,47,3,1
PDV-01491,Sudeste,MG,Belo Horizonte,gastrobar,A,42.1,37.2,-11.6,28.2,2414.0,6,BAL|FRZ|KVI|MES,77,64,38,1,0
PDV-01629,Sudeste,SP,São José dos Campos,bar premium,A,174.2,142.6,-18.1,36.7,2188.0,5,BAL|CHP|FRZ|KVI|MES,44,18,47,2,0
PDV-03005,Centro-Oeste,MT,Cuiabá,bar premium,C,11.4,10.4,-8.8,20.9,700.0,4,CHP|KVI|LUM,47,40,47,0,0
PDV-01377,Sudeste,SP,São José dos Campos,pub,A,223.9,190.2,-15.1,24.9,2372.0,6,BAL|CHP|FRZ|KVI|MES,70,62,47,0,0
PDV-02145,Sul,PR,Maringá,bar premium,C,8.7,8.7,0.0,17.9,605.0,4,KVI,63,63,26,1,1
PDV-00283,Sudeste,SP,São José dos Campos,gastrobar,C,11.7,9.9,-15.4,13.9,679.0,3,BAL|KVI,59,40,15,1,1
PDV-02755,Sul,SC,Florianópolis,choperia,C,6.5,6.3,-3.1,14.3,668.0,4,BAL|CHP|MES,78,75,36,1,0
PDV-03842,Nordeste,BA,Salvador,bar premium,B,34.1,36.7,7.6,19.1,1123.0,5,BAL|CHP|FRZ|LUM,76,67,47,1,0
PDV-01107,Sudeste,SP,São Paulo,bar premium,B,75.5,72.3,-4.2,27.2,1050.0,5,BAL|FRZ|KVI|MES,52,52,47,1,1
PDV-03532,Nordeste,BA,Salvador,gastrobar,C,6.4,7.8,21.9,16.9,748.0,3,CHP|LUM,85,75,47,0,1
PDV-03043,Centro-Oeste,DF,Brasília,choperia,B,22.8,14.1,-38.2,25.8,1443.0,4,BAL|KVI|LUM,71,59,47,4,0
PDV-01666,Sudeste,RJ,Petrópolis,bar premium,C,5.3,2.9,-45.3,13.8,813.0,2,BAL|FRZ|KVI,68,53,47,5,1
PDV-00413,Sudeste,SP,São José dos Campos,pub,B,40.4,40.1,-0.7,19.0,1049.0,4,BAL|KVI|LUM|MES,65,51,47,0,0
PDV-02854,Centro-Oeste,GO,Goiânia,restaurante,B,27.5,24.9,-9.5,22.1,1078.0,5,BAL|CHP|KVI|LUM,58,44,47,0,0
PDV-03047,Centro-Oeste,GO,Anápolis,rooftop,B,55.9,47.7,-14.7,22.0,1399.0,3,CHP|FRZ|LUM,55,37,47,2,0
PDV-03460,Nordeste,BA,Salvador,rooftop,A,66.3,74.6,12.5,18.9,2714.0,8,CHP|KVI|LUM|MES,55,38,47,0,1
PDV-01758,Sudeste,RJ,Niterói,choperia,B,34.1,35.8,5.0,16.6,973.0,5,KVI|MES,60,55,47,1,1
PDV-02823,Sul,RS,Porto Alegre,bar premium,C,20.1,21.9,9.0,13.9,899.0,3,LUM,62,59,18,0,1
PDV-01920,Sudeste,MG,Juiz de Fora,bar premium,C,7.1,5.9,-16.9,15.5,789.0,3,CHP|LUM|MES,64,49,47,2,0
PDV-02754,Sul,SC,Joinville,bar premium,B,23.9,26.2,9.6,19.1,1299.0,3,CHP|LUM,62,56,11,1,1
PDV-00137,Sudeste,RJ,Rio de Janeiro,gastrobar,C,33.3,29.3,-12.0,19.8,632.0,4,MES,59,58,47,1,0
PDV-02351,Sul,SC,Balneário Camboriú,rooftop,B,27.4,26.0,-5.1,16.8,1224.0,5,BAL|FRZ,74,68,20,0,0
PDV-00658,Sudeste,RJ,Rio de Janeiro,restaurante,C,22.6,20.7,-8.4,10.0,623.0,3,KVI|LUM,58,47,47,2,0
PDV-00386,Sudeste,SP,São Paulo,gastrobar,B,99.2,97.9,-1.3,14.3,1130.0,4,BAL|LUM|MES,73,64,47,0,0
PDV-00865,Sudeste,RJ,Niterói,pub,A,179.0,126.8,-29.2,31.8,2260.0,7,BAL|KVI|LUM|MES,61,44,47,3,1
PDV-02708,Sul,PR,Londrina,rooftop,B,55.6,59.0,6.1,10.0,1223.0,4,CHP|LUM,84,80,8,0,0
PDV-01136,Sudeste,SP,São José dos Campos,gastrobar,C,9.7,10.2,5.2,16.7,696.0,1,BAL|CHP|MES,82,83,23,1,0
PDV-02981,Centro-Oeste,DF,Brasília,gastrobar,C,16.7,15.4,-7.8,17.4,750.0,3,MES,64,60,47,1,1
PDV-02345,Sul,PR,Curitiba,bar premium,C,15.8,14.1,-10.8,12.7,730.0,4,BAL,56,48,47,1,0
PDV-00346,Sudeste,MG,Juiz de Fora,bar premium,C,17.4,15.1,-13.2,10.6,741.0,2,FRZ|KVI|MES,53,37,47,1,0
PDV-02915,Centro-Oeste,GO,Anápolis,choperia,C,14.9,14.0,-6.0,17.5,599.0,2,BAL|MES,61,47,47,0,0
PDV-02159,Sul,SC,Joinville,bar premium,C,17.3,16.4,-5.2,18.3,578.0,5,LUM|MES,58,44,47,0,0
PDV-01974,Sudeste,MG,Juiz de Fora,gastrobar,B,41.3,36.7,-11.1,28.8,1190.0,3,BAL|CHP|KVI|MES,54,48,47,0,0
PDV-03318,Centro-Oeste,DF,Brasília,choperia,C,7.2,7.1,-1.4,15.8,782.0,4,CHP,60,43,41,0,1
PDV-02809,Sul,RS,Pelotas,restaurante,A,76.6,66.5,-13.2,20.9,2267.0,7,CHP|FRZ|KVI|LUM|MES,68,55,10,2,0
PDV-02566,Sul,RS,Porto Alegre,pub,C,17.3,11.7,-32.4,18.0,637.0,5,CHP|KVI|MES,53,34,47,5,0
PDV-01369,Sudeste,SP,Ribeirão Preto,gastrobar,B,102.0,94.4,-7.5,20.1,1133.0,3,BAL|FRZ|LUM,70,55,47,1,1
PDV-00866,Sudeste,RJ,Niterói,bar premium,B,30.3,23.5,-22.4,15.5,1344.0,4,KVI|LUM,71,55,27,1,0
PDV-02901,Centro-Oeste,DF,Brasília,rooftop,B,53.9,47.9,-11.1,23.8,1342.0,4,CHP|FRZ|KVI|LUM,63,63,47,1,0
PDV-03422,Nordeste,PE,Caruaru,bar premium,C,2.7,2.9,7.4,6.0,587.0,3,BAL,71,62,47,0,0
PDV-02507,Sul,SC,Balneário Camboriú,gastrobar,C,28.1,18.9,-32.7,17.7,672.0,5,BAL|FRZ|KVI,53,32,47,4,0
PDV-01870,Sudeste,RJ,Rio de Janeiro,bar premium,C,16.2,14.5,-10.5,15.2,824.0,3,BAL|FRZ|KVI,67,61,33,1,1
PDV-00695,Sudeste,RJ,Petrópolis,pub,A,114.8,70.7,-38.4,29.2,2412.0,5,BAL|CHP|FRZ|LUM|MES,66,51,47,3,1
PDV-01535,Sudeste,RJ,Petrópolis,bar premium,A,129.9,123.1,-5.2,23.5,2308.0,6,CHP|FRZ|KVI|LUM|MES,62,51,47,2,1
PDV-01719,Sudeste,ES,Vila Velha,bar premium,C,10.9,9.0,-17.4,7.4,693.0,4,KVI,54,51,47,1,1
PDV-03340,Centro-Oeste,GO,Anápolis,bar premium,C,26.4,25.9,-1.9,21.0,857.0,3,KVI|LUM|MES,49,35,47,0,0
PDV-03623,Nordeste,RN,Natal,choperia,C,8.8,5.0,-43.2,15.6,781.0,4,BAL|CHP|KVI,59,41,47,4,0
PDV-01866,Sudeste,MG,Juiz de Fora,gastrobar,B,64.7,47.5,-26.6,24.4,1226.0,2,FRZ|LUM|MES,70,46,47,4,0
PDV-03393,Nordeste,PE,Olinda,gastrobar,B,17.9,22.2,24.0,16.0,1244.0,4,CHP|FRZ|KVI,64,58,47,0,1
PDV-00994,Sudeste,MG,Belo Horizonte,pub,A,111.7,106.3,-4.8,30.8,2323.0,7,CHP|KVI|MES,55,54,47,1,1
PDV-02514,Sul,RS,Porto Alegre,restaurante,B,55.8,52.5,-5.9,31.0,1411.0,4,BAL|MES,49,39,47,2,0
PDV-00351,Sudeste,SP,São José dos Campos,pub,C,15.8,8.5,-46.2,17.6,659.0,3,CHP|KVI,61,52,13,4,0
PDV-02597,Sul,RS,Pelotas,rooftop,A,62.8,66.9,6.5,28.5,2291.0,8,BAL|FRZ|KVI|LUM,88,82,47,1,0
PDV-01401,Sudeste,MG,Juiz de Fora,restaurante,B,37.3,34.5,-7.5,15.9,1060.0,4,CHP|LUM,67,54,10,0,0
PDV-00186,Sudeste,SP,Santos,choperia,B,28.3,25.9,-8.5,21.6,1419.0,4,BAL|MES,47,35,16,0,0
PDV-01150,Sudeste,SP,São Paulo,pub,C,16.5,10.5,-36.4,8.2,610.0,4,CHP|LUM,51,27,47,4,0
PDV-02324,Sul,SC,Balneário Camboriú,choperia,A,104.1,79.4,-23.7,40.5,2401.0,5,BAL|FRZ|KVI|LUM|MES,71,43,47,2,0
PDV-00747,Sudeste,ES,Vila Velha,bar premium,C,17.6,16.2,-8.0,15.9,748.0,3,LUM,70,58,47,0,0
PDV-00553,Sudeste,SP,Santos,choperia,A,93.8,89.5,-4.6,31.7,2429.0,7,BAL|CHP|FRZ|KVI|LUM|MES,84,75,47,0,1
PDV-01984,Sudeste,SP,São Paulo,bar premium,B,21.9,9.6,-56.2,24.1,1106.0,3,BAL|CHP|KVI,80,71,47,4,0
PDV-03008,Centro-Oeste,GO,Anápolis,restaurante,C,10.4,10.9,4.8,16.0,696.0,2,CHP,59,50,47,0,0
PDV-01281,Sudeste,MG,Juiz de Fora,bar premium,C,14.9,8.5,-43.0,7.9,575.0,4,CHP|FRZ,87,69,47,4,0
PDV-02960,Centro-Oeste,MS,Campo Grande,bar premium,C,15.4,7.6,-50.6,28.2,653.0,4,CHP|LUM,36,29,47,4,0
PDV-01072,Sudeste,RJ,Petrópolis,rooftop,C,8.1,7.0,-13.6,14.5,568.0,3,KVI|LUM,65,53,47,0,0
PDV-00940,Sudeste,SP,São José dos Campos,bar premium,B,37.0,27.8,-24.9,29.7,1443.0,4,LUM|MES,51,45,47,2,0
PDV-00635,Sudeste,SP,Campinas,rooftop,C,8.7,8.7,0.0,9.0,605.0,4,FRZ|KVI,58,56,37,1,0
PDV-00629,Sudeste,RJ,Rio de Janeiro,bar premium,B,22.8,21.8,-4.4,17.7,1277.0,4,FRZ|LUM|MES,63,52,47,2,0
PDV-00471,Sudeste,ES,Vitória,bar premium,C,16.6,15.1,-9.0,20.2,553.0,4,FRZ,74,69,39,0,0
PDV-03695,Nordeste,CE,Fortaleza,bar premium,C,12.5,15.0,20.0,14.0,635.0,3,LUM,51,45,45,0,0
PDV-03283,Centro-Oeste,GO,Goiânia,gastrobar,A,48.4,40.7,-15.9,31.1,2436.0,8,BAL|CHP|FRZ|KVI|LUM|MES,82,76,47,1,0
PDV-03240,Centro-Oeste,DF,Brasília,gastrobar,C,24.7,23.4,-5.3,22.5,481.0,2,FRZ|LUM,63,58,47,0,1
PDV-01255,Sudeste,SP,São Paulo,pub,C,13.4,10.8,-19.4,17.2,622.0,2,FRZ,45,47,42,1,1
PDV-00119,Sudeste,SP,Santos,gastrobar,C,11.5,8.9,-22.6,26.4,816.0,3,BAL|FRZ|KVI,52,48,47,3,0
PDV-02087,Sul,RS,Pelotas,pub,A,212.7,178.1,-16.3,34.7,2442.0,7,BAL|CHP|FRZ|KVI|LUM|MES,67,44,47,2,0
PDV-01105,Sudeste,RJ,Niterói,gastrobar,A,94.0,54.9,-41.6,32.4,2254.0,4,BAL|CHP|FRZ|KVI|LUM,68,60,47,3,1
PDV-00731,Sudeste,SP,Santos,bar premium,C,16.0,12.3,-23.1,22.4,659.0,3,CHP,78,58,47,3,0
PDV-02832,Sul,RS,Porto Alegre,bar premium,A,103.3,98.9,-4.3,26.2,2707.0,7,CHP|FRZ|KVI|LUM|MES,59,48,16,1,1
PDV-02751,Sul,RS,Caxias do Sul,gastrobar,A,79.2,69.3,-12.5,26.6,2415.0,6,CHP|FRZ|KVI|MES,76,56,47,1,0
PDV-03563,Nordeste,CE,Fortaleza,rooftop,A,87.1,91.7,5.3,31.4,2323.0,7,BAL|CHP|KVI|LUM|MES,47,37,47,2,0
PDV-03171,Centro-Oeste,GO,Anápolis,choperia,C,30.6,26.2,-14.4,18.8,769.0,3,KVI|MES,54,38,36,1,0
PDV-02539,Sul,RS,Porto Alegre,bar premium,C,8.3,7.9,-4.8,12.1,601.0,3,BAL|LUM|MES,64,60,47,1,0
PDV-01555,Sudeste,RJ,Rio de Janeiro,bar premium,A,42.2,36.6,-13.3,27.3,2568.0,6,BAL|CHP|KVI|LUM|MES,72,58,47,1,0
PDV-00511,Sudeste,RJ,Rio de Janeiro,pub,A,82.6,77.7,-5.9,39.3,1644.0,6,BAL|CHP|FRZ|KVI|LUM|MES,58,39,47,1,1
PDV-00700,Sudeste,SP,Santos,gastrobar,A,381.4,268.8,-29.5,25.7,2814.0,5,BAL|FRZ|LUM|MES,36,21,8,2,0
PDV-02163,Sul,RS,Pelotas,bar premium,B,21.5,21.4,-0.5,21.4,1194.0,5,BAL|FRZ|MES,57,56,47,1,1
PDV-02919,Centro-Oeste,GO,Goiânia,bar premium,C,9.7,4.8,-50.5,18.7,625.0,5,CHP|FRZ|KVI,59,44,47,5,0
PDV-00651,Sudeste,SP,São Paulo,gastrobar,A,185.7,162.3,-12.6,21.0,2253.0,7,BAL|CHP|FRZ|KVI|LUM|MES,49,42,8,1,0
PDV-01579,Sudeste,RJ,Rio de Janeiro,bar premium,C,16.4,10.0,-39.0,6.1,795.0,4,FRZ,72,47,47,3,1
PDV-00984,Sudeste,SP,Campinas,gastrobar,C,13.0,10.1,-22.3,19.3,459.0,2,MES,47,32,47,2,0
PDV-02692,Sul,RS,Pelotas,pub,A,48.3,31.1,-35.6,22.7,2394.0,5,FRZ|KVI|LUM|MES,70,46,9,4,0
PDV-01510,Sudeste,SP,São José dos Campos,restaurante,B,39.3,33.2,-15.5,29.0,1162.0,3,BAL|CHP|KVI|MES,62,53,47,2,1
PDV-03214,Centro-Oeste,MS,Campo Grande,pub,B,21.7,12.6,-41.9,19.6,1515.0,3,KVI|MES,50,37,30,4,0
PDV-01573,Sudeste,SP,Ribeirão Preto,gastrobar,C,11.6,7.0,-39.7,11.0,625.0,3,KVI,83,69,47,3,0
PDV-00774,Sudeste,RJ,Niterói,bar premium,B,85.5,77.3,-9.6,22.0,1035.0,3,CHP|FRZ,56,47,47,0,0
PDV-01520,Sudeste,RJ,Petrópolis,rooftop,A,100.2,89.1,-11.1,27.7,2344.0,8,BAL|CHP|FRZ|LUM|MES,75,57,47,2,0
PDV-03811,Nordeste,PE,Caruaru,restaurante,C,6.7,6.1,-9.0,21.1,718.0,4,CHP|MES,75,61,47,2,0
PDV-03326,Centro-Oeste,MT,Cuiabá,restaurante,B,41.2,29.4,-28.6,29.4,1279.0,3,BAL|CHP|MES,80,75,47,2,0
PDV-00929,Sudeste,RJ,Rio de Janeiro,restaurante,A,79.9,71.0,-11.1,29.0,2619.0,6,CHP|KVI|LUM|MES,68,52,47,0,1
PDV-00388,Sudeste,SP,Campinas,gastrobar,C,13.9,6.8,-51.1,10.6,773.0,5,FRZ|LUM|MES,78,67,47,5,0
PDV-00176,Sudeste,SP,São José dos Campos,gastrobar,B,24.1,16.0,-33.6,23.6,1181.0,4,CHP|FRZ|KVI,68,48,43,3,0
PDV-01238,Sudeste,SP,São Paulo,restaurante,C,19.7,18.0,-8.6,24.3,724.0,2,FRZ|LUM|MES,74,57,47,2,1
PDV-03038,Centro-Oeste,DF,Brasília,pub,A,122.1,106.3,-12.9,28.4,2858.0,5,CHP|FRZ|KVI|MES,61,62,6,1,0
PDV-00057,Sudeste,SP,Campinas,bar premium,A,113.5,54.8,-51.7,22.9,2243.0,5,BAL|CHP|KVI|LUM,56,51,47,5,1
PDV-01154,Sudeste,RJ,Niterói,rooftop,A,82.1,74.7,-9.0,40.3,2111.0,8,BAL|CHP|KVI|LUM|MES,62,52,47,1,0
PDV-02051,Sul,SC,Joinville,choperia,A,84.9,77.3,-9.0,24.7,2200.0,7,BAL|LUM|MES,58,35,47,1,1
PDV-00608,Sudeste,MG,Uberlândia,gastrobar,C,10.1,8.7,-13.9,13.6,755.0,3,BAL|CHP,64,59,47,2,1
PDV-01858,Sudeste,SP,Campinas,restaurante,C,13.8,12.3,-10.9,13.3,729.0,4,CHP|MES,67,51,47,0,1
PDV-03385,Centro-Oeste,MT,Cuiabá,pub,B,16.6,15.1,-9.0,17.9,1153.0,4,CHP|FRZ|KVI|LUM,68,55,47,2,0
PDV-01294,Sudeste,SP,São Paulo,bar premium,B,40.2,40.0,-0.5,27.3,992.0,3,BAL|MES,90,79,22,0,1
PDV-00219,Sudeste,SP,São Paulo,pub,C,8.7,5.2,-40.2,9.2,837.0,4,FRZ,44,32,47,3,1
PDV-01918,Sudeste,SP,São José dos Campos,gastrobar,A,79.6,51.1,-35.8,31.4,2649.0,4,CHP|FRZ|LUM|MES,58,37,47,3,0
PDV-03183,Centro-Oeste,GO,Anápolis,choperia,C,7.6,7.3,-3.9,27.9,615.0,3,LUM,54,41,47,1,0
PDV-03218,Centro-Oeste,MS,Campo Grande,gastrobar,A,75.0,62.8,-16.3,21.9,2626.0,5,BAL|FRZ|KVI|LUM|MES,86,74,30,1,1
PDV-02323,Sul,SC,Joinville,bar premium,B,16.7,15.4,-7.8,25.3,1405.0,3,BAL|CHP|KVI|LUM,64,52,47,1,0
PDV-03388,Centro-Oeste,MT,Cuiabá,restaurante,C,11.0,6.6,-40.0,18.8,766.0,3,CHP|LUM|MES,69,61,47,3,1
PDV-02528,Sul,RS,Porto Alegre,bar premium,A,67.3,63.5,-5.6,43.1,2389.0,7,BAL|CHP|FRZ|KVI|LUM|MES,81,68,47,1,1
PDV-01999,Sudeste,SP,Ribeirão Preto,bar premium,B,54.7,37.4,-31.6,21.5,1130.0,3,BAL|CHP|KVI|MES,41,20,10,4,0
PDV-02547,Sul,RS,Caxias do Sul,pub,C,18.2,13.4,-26.4,10.0,738.0,4,FRZ|MES,61,55,41,3,0
PDV-01849,Sudeste,MG,Juiz de Fora,bar premium,C,30.7,29.5,-3.9,15.0,716.0,3,BAL|KVI|LUM,74,51,47,2,0
PDV-01429,Sudeste,MG,Belo Horizonte,pub,B,33.7,23.7,-29.7,23.7,965.0,4,FRZ|KVI,55,31,47,3,0
PDV-01561,Sudeste,RJ,Niterói,pub,B,35.9,36.2,0.8,24.4,1284.0,4,CHP|KVI|LUM|MES,63,63,47,1,1
PDV-02418,Sul,RS,Pelotas,gastrobar,A,90.6,88.2,-2.6,23.5,1945.0,7,BAL|CHP|KVI,77,67,8,1,0
PDV-01527,Sudeste,SP,Santos,pub,C,8.6,6.1,-29.1,18.6,667.0,4,CHP|MES,71,54,47,3,0
PDV-03779,Nordeste,CE,Juazeiro do Norte,bar premium,C,13.0,15.4,18.5,10.6,667.0,2,BAL|KVI,66,62,47,0,1
PDV-03768,Nordeste,PE,Recife,bar premium,C,13.9,15.4,10.8,7.6,675.0,1,CHP,82,76,42,0,0
PDV-01159,Sudeste,SP,Ribeirão Preto,bar premium,B,30.1,20.8,-30.9,20.2,1131.0,4,BAL|KVI,67,54,21,3,0
PDV-03074,Centro-Oeste,MS,Campo Grande,pub,A,254.3,233.6,-8.1,35.1,2516.0,5,BAL|CHP|FRZ|KVI|LUM|MES,49,29,47,1,1
PDV-03405,Nordeste,BA,Salvador,restaurante,C,12.1,14.8,22.3,14.2,636.0,1,KVI,54,48,47,0,1
PDV-03523,Nordeste,CE,Fortaleza,gastrobar,A,66.7,74.0,10.9,23.5,2158.0,8,KVI|LUM|MES,53,48,47,0,1
PDV-02933,Centro-Oeste,MS,Campo Grande,bar premium,A,171.0,106.4,-37.8,24.1,2308.0,6,BAL|FRZ|KVI|LUM|MES,60,54,47,2,1
PDV-02701,Sul,RS,Pelotas,gastrobar,C,18.1,18.1,0.0,11.7,742.0,3,BAL|CHP|LUM,57,46,24,1,1
PDV-00604,Sudeste,MG,Uberlândia,gastrobar,A,83.7,60.8,-27.4,28.1,2718.0,5,CHP|FRZ|KVI,39,24,47,3,1
PDV-00025,Sudeste,RJ,Rio de Janeiro,gastrobar,B,38.8,29.9,-22.9,24.1,1145.0,4,BAL|CHP|FRZ|LUM,73,49,47,3,0
PDV-00521,Sudeste,SP,São Paulo,gastrobar,A,146.3,126.0,-13.9,29.2,2482.0,5,BAL|CHP|FRZ|KVI|LUM|MES,65,64,47,1,1
PDV-00542,Sudeste,RJ,Petrópolis,bar premium,A,273.7,190.4,-30.4,33.8,2296.0,6,CHP|KVI|LUM,90,81,47,2,1
PDV-00453,Sudeste,SP,Santos,restaurante,C,10.7,10.9,1.9,11.0,607.0,2,CHP|KVI|LUM,54,53,47,1,0
PDV-01100,Sudeste,SP,São José dos Campos,gastrobar,B,25.2,22.4,-11.1,12.2,1414.0,4,BAL|CHP|LUM|MES,62,42,20,2,1
PDV-00111,Sudeste,SP,Santos,bar premium,A,119.9,105.0,-12.4,30.1,2772.0,6,BAL|CHP|FRZ|KVI|LUM|MES,71,81,17,0,1
PDV-01022,Sudeste,SP,Ribeirão Preto,restaurante,A,114.9,91.2,-20.6,26.7,2654.0,6,CHP|FRZ|KVI,56,44,47,2,1
PDV-01114,Sudeste,MG,Belo Horizonte,bar premium,C,11.8,5.8,-50.8,11.4,697.0,5,BAL|FRZ,65,49,39,5,0
PDV-02874,Centro-Oeste,GO,Anápolis,gastrobar,C,19.9,17.2,-13.6,16.3,648.0,2,CHP,74,58,29,2,0
PDV-03162,Centro-Oeste,MS,Campo Grande,gastrobar,C,5.7,5.1,-10.5,11.5,675.0,2,BAL|FRZ|KVI,60,56,47,0,0
PDV-00032,Sudeste,MG,Uberlândia,pub,A,90.9,43.1,-52.6,16.6,2383.0,5,BAL|CHP|FRZ|KVI|LUM|MES,52,34,47,5,0
PDV-00301,Sudeste,SP,Santos,bar premium,A,55.1,48.4,-12.2,28.8,2292.0,4,BAL|CHP|FRZ|KVI|LUM,72,65,47,0,1
PDV-02988,Centro-Oeste,DF,Brasília,choperia,A,146.6,89.1,-39.2,33.2,2601.0,4,BAL|CHP|FRZ|KVI|LUM,61,40,47,3,0
PDV-00038,Sudeste,SP,São José dos Campos,choperia,C,15.8,15.2,-3.8,17.6,636.0,3,CHP|KVI|LUM,75,65,47,1,0
PDV-02102,Sul,PR,Londrina,bar premium,B,50.4,52.9,5.0,33.1,1304.0,3,CHP|FRZ|LUM|MES,52,41,47,1,1
PDV-02575,Sul,PR,Curitiba,bar premium,B,46.0,37.4,-18.7,27.0,1417.0,4,CHP|FRZ|KVI|LUM,88,78,37,3,0
PDV-01594,Sudeste,RJ,Petrópolis,pub,B,48.5,37.8,-22.1,32.8,1088.0,3,BAL|FRZ|KVI|LUM,50,37,38,2,0
PDV-01718,Sudeste,MG,Belo Horizonte,restaurante,B,26.9,19.3,-28.3,28.4,1297.0,4,CHP|FRZ|KVI|MES,45,26,47,3,0
PDV-02056,Sul,PR,Curitiba,rooftop,C,5.7,5.4,-5.3,7.3,675.0,3,BAL|KVI|LUM,89,76,47,1,1
PDV-02587,Sul,SC,Joinville,bar premium,C,14.1,9.7,-31.2,8.5,637.0,3,FRZ|LUM,65,54,47,3,0
PDV-02574,Sul,PR,Curitiba,restaurante,C,4.9,4.9,0.0,14.0,716.0,3,CHP,62,50,47,1,0
PDV-01874,Sudeste,RJ,Niterói,restaurante,C,15.7,15.8,0.6,10.0,676.0,4,CHP|KVI,62,58,47,0,0
PDV-00396,Sudeste,RJ,Niterói,pub,A,143.0,74.3,-48.0,33.4,2216.0,6,CHP|FRZ|LUM|MES,81,62,47,5,0
PDV-03371,Centro-Oeste,GO,Anápolis,choperia,B,26.9,24.9,-7.4,28.9,1251.0,4,FRZ|MES,59,58,47,0,0
PDV-00048,Sudeste,SP,São José dos Campos,bar premium,B,25.5,21.7,-14.9,13.5,1218.0,3,BAL|LUM,50,39,47,1,0
PDV-00067,Sudeste,SP,São José dos Campos,gastrobar,C,21.2,19.5,-8.0,15.9,721.0,3,MES,84,88,47,1,0
PDV-02805,Sul,PR,Londrina,pub,B,44.9,33.4,-25.6,23.2,1223.0,4,FRZ|KVI|LUM|MES,46,28,40,4,0
PDV-02448,Sul,SC,Balneário Camboriú,restaurante,C,3.7,2.3,-37.8,24.7,681.0,5,BAL|FRZ|KVI,38,20,47,4,0
PDV-03598,Nordeste,PE,Recife,bar premium,B,29.4,25.3,-13.9,24.6,978.0,3,CHP|KVI|MES,42,32,27,2,0
PDV-02091,Sul,PR,Maringá,bar premium,B,43.8,50.1,14.4,19.4,1278.0,5,KVI|MES,64,41,47,0,1
PDV-00305,Sudeste,SP,Campinas,pub,B,61.9,38.6,-37.6,29.0,1311.0,2,BAL|CHP|FRZ|KVI,52,25,47,4,1
PDV-01095,Sudeste,RJ,Rio de Janeiro,bar premium,B,31.8,29.1,-8.5,18.1,1128.0,4,BAL|FRZ|KVI|LUM,46,47,47,1,1
PDV-01961,Sudeste,SP,Campinas,gastrobar,C,8.4,7.9,-6.0,15.9,676.0,2,FRZ,74,67,47,1,1
PDV-00624,Sudeste,SP,São Paulo,gastrobar,A,172.7,133.3,-22.8,40.6,2301.0,5,BAL|CHP|KVI|LUM|MES,55,43,47,2,1
PDV-00888,Sudeste,ES,Vitória,bar premium,C,5.1,4.6,-9.8,17.5,718.0,4,BAL|CHP|KVI,68,71,24,1,0
PDV-03354,Centro-Oeste,GO,Anápolis,gastrobar,A,50.1,44.6,-11.0,27.6,2567.0,8,CHP|FRZ|KVI|LUM|MES,43,28,47,1,1
PDV-01514,Sudeste,SP,Santos,bar premium,C,8.1,8.1,0.0,8.8,808.0,4,BAL|FRZ|MES,67,72,12,0,0
PDV-02482,Sul,PR,Curitiba,choperia,B,32.4,27.8,-14.2,18.5,1393.0,4,BAL|FRZ|KVI|MES,78,73,47,2,0
PDV-03756,Nordeste,PE,Recife,restaurante,A,117.8,51.8,-56.0,27.5,2469.0,5,BAL|CHP|FRZ|KVI|LUM|MES,51,29,27,5,1
PDV-02612,Sul,PR,Maringá,gastrobar,A,73.1,70.1,-4.1,32.8,2316.0,5,BAL|CHP|FRZ|KVI|LUM,64,52,47,0,1
PDV-02354,Sul,PR,Curitiba,choperia,B,23.9,23.9,0.0,28.0,1285.0,5,BAL|FRZ,60,39,47,0,0
PDV-00706,Sudeste,MG,Juiz de Fora,bar premium,C,25.7,24.6,-4.3,22.5,752.0,4,CHP,57,43,47,0,1
PDV-00250,Sudeste,ES,Vitória,choperia,B,28.7,25.5,-11.1,19.1,1121.0,4,BAL|KVI,73,58,47,1,0
PDV-00908,Sudeste,MG,Juiz de Fora,restaurante,A,67.7,58.5,-13.6,33.9,2225.0,5,BAL|CHP|FRZ|KVI|LUM|MES,67,45,47,2,1
PDV-01883,Sudeste,SP,São Paulo,bar premium,B,24.3,20.9,-14.0,23.0,1271.0,5,BAL|FRZ|KVI|MES,48,23,47,1,0
PDV-01627,Sudeste,RJ,Niterói,rooftop,C,34.4,29.2,-15.1,13.6,650.0,3,BAL,63,64,47,1,1
PDV-02150,Sul,PR,Maringá,bar premium,A,124.7,119.5,-4.2,32.9,2301.0,5,BAL|CHP|FRZ|LUM|MES,55,46,47,1,1
PDV-00265,Sudeste,SP,São Paulo,restaurante,B,29.0,25.3,-12.8,21.4,1242.0,4,BAL|CHP|FRZ,58,38,47,1,0
PDV-00085,Sudeste,MG,Uberlândia,restaurante,C,10.0,7.9,-21.0,16.6,588.0,3,MES,29,15,43,2,0
PDV-02009,Sul,RS,Caxias do Sul,choperia,B,32.3,27.9,-13.6,27.3,1250.0,4,BAL|CHP|LUM|MES,65,65,45,0,0
PDV-02627,Sul,SC,Joinville,restaurante,B,38.1,19.2,-49.6,16.3,1276.0,4,CHP|KVI,66,52,47,4,1
PDV-03275,Centro-Oeste,DF,Brasília,choperia,B,38.9,33.9,-12.9,19.1,1248.0,4,BAL|FRZ|KVI|MES,77,63,47,1,0
PDV-01744,Sudeste,MG,Juiz de Fora,gastrobar,A,89.1,73.8,-17.2,21.4,2630.0,5,BAL|FRZ|KVI,79,75,47,2,0
PDV-02119,Sul,SC,Florianópolis,bar premium,A,59.2,56.1,-5.2,32.1,2239.0,6,BAL|FRZ|KVI|LUM|MES,63,65,15,0,0
PDV-01517,Sudeste,MG,Juiz de Fora,bar premium,A,72.7,56.2,-22.7,30.8,2449.0,7,BAL|CHP|FRZ|KVI|LUM|MES,78,57,47,2,1
PDV-03762,Nordeste,CE,Fortaleza,pub,C,24.2,26.2,8.3,11.1,587.0,4,BAL|CHP|MES,65,63,47,0,1
PDV-02238,Sul,RS,Pelotas,rooftop,A,60.3,59.0,-2.2,34.9,2693.0,9,BAL|FRZ|KVI|LUM,58,47,47,0,1
PDV-03164,Centro-Oeste,MS,Campo Grande,pub,B,27.9,28.4,1.8,31.8,1133.0,4,BAL|FRZ|LUM,70,71,47,0,0
PDV-02441,Sul,PR,Curitiba,restaurante,A,171.9,151.6,-11.8,23.1,2745.0,6,BAL|CHP|FRZ,84,72,47,0,0
PDV-03758,Nordeste,BA,Feira de Santana,bar premium,A,83.1,84.2,1.3,30.8,1958.0,6,BAL|CHP|FRZ|KVI|LUM|MES,45,46,47,1,1
PDV-02835,Sul,SC,Balneário Camboriú,restaurante,B,12.2,12.0,-1.6,19.9,959.0,3,BAL|CHP|FRZ|KVI,79,85,47,1,0
PDV-01149,Sudeste,SP,Ribeirão Preto,gastrobar,A,112.3,57.1,-49.2,20.8,2467.0,6,KVI|LUM|MES,52,42,47,5,0
PDV-01336,Sudeste,SP,Ribeirão Preto,restaurante,C,11.7,9.8,-16.2,13.4,633.0,5,BAL|CHP|KVI,64,51,47,2,1
PDV-02935,Centro-Oeste,DF,Brasília,choperia,C,27.4,25.8,-5.8,15.2,735.0,2,KVI,50,42,30,0,0
PDV-01887,Sudeste,SP,Ribeirão Preto,pub,C,9.7,9.5,-2.1,12.6,669.0,3,CHP,60,52,47,0,0
PDV-01545,Sudeste,SP,Ribeirão Preto,bar premium,A,152.6,103.3,-32.3,24.5,2582.0,6,BAL|CHP|FRZ|LUM,49,31,7,3,1
PDV-01562,Sudeste,SP,Campinas,restaurante,C,24.7,25.4,2.8,17.4,644.0,2,BAL|CHP|FRZ,85,67,47,1,1
PDV-00735,Sudeste,RJ,Petrópolis,bar premium,A,147.6,135.5,-8.2,22.2,2548.0,7,BAL|CHP|FRZ|KVI|LUM|MES,62,48,47,2,1
PDV-00120,Sudeste,SP,Ribeirão Preto,gastrobar,B,38.3,34.2,-10.7,15.9,1276.0,4,BAL|KVI|LUM,78,74,22,0,0
PDV-00627,Sudeste,RJ,Petrópolis,pub,B,23.7,15.8,-33.3,22.1,1448.0,4,CHP|FRZ,73,60,47,3,0
PDV-01140,Sudeste,SP,Santos,gastrobar,B,66.2,27.8,-58.0,18.8,1255.0,2,BAL|FRZ,54,53,47,5,0
PDV-01867,Sudeste,SP,São José dos Campos,bar premium,C,12.8,11.2,-12.5,21.3,658.0,3,BAL|FRZ,87,75,36,1,1
PDV-03312,Centro-Oeste,DF,Brasília,pub,B,24.9,24.4,-2.0,16.6,1240.0,2,BAL|CHP|FRZ|LUM,51,39,38,1,1
PDV-01751,Sudeste,RJ,Petrópolis,restaurante,C,15.2,6.6,-56.6,18.4,616.0,3,FRZ|LUM|MES,53,27,45,5,0
PDV-01923,Sudeste,SP,Ribeirão Preto,bar premium,A,67.8,53.9,-20.5,35.7,2877.0,5,BAL|CHP|FRZ|KVI|MES,76,61,14,2,1
PDV-03415,Nordeste,PE,Olinda,gastrobar,B,40.3,44.4,10.2,15.9,1153.0,3,BAL|FRZ,68,59,31,0,0
PDV-00756,Sudeste,RJ,Niterói,bar premium,A,102.9,98.7,-4.1,26.4,2381.0,6,BAL|CHP|FRZ|KVI,68,50,47,0,1
PDV-00210,Sudeste,RJ,Petrópolis,bar premium,C,14.0,12.0,-14.3,11.3,688.0,3,BAL|CHP,52,39,29,2,0
PDV-01738,Sudeste,MG,Belo Horizonte,pub,A,106.6,72.4,-32.1,35.7,2356.0,6,BAL|CHP|KVI|LUM|MES,80,63,40,4,1
PDV-01982,Sudeste,SP,São José dos Campos,restaurante,C,12.4,11.3,-8.9,32.3,666.0,2,CHP|FRZ|KVI,68,51,6,2,0
PDV-02565,Sul,RS,Porto Alegre,gastrobar,C,7.4,7.4,0.0,15.0,710.0,2,CHP,32,24,47,0,0
PDV-00856,Sudeste,SP,São Paulo,choperia,A,83.6,54.0,-35.4,25.7,2650.0,6,CHP|FRZ|KVI|MES,52,26,7,3,1
PDV-02277,Sul,SC,Joinville,rooftop,C,8.6,5.7,-33.7,21.6,712.0,4,FRZ|KVI|LUM,89,63,47,5,0
PDV-02201,Sul,RS,Pelotas,gastrobar,C,8.1,6.6,-18.5,10.9,668.0,5,CHP,76,57,18,3,0
PDV-02171,Sul,RS,Pelotas,bar premium,C,14.2,14.8,4.2,11.0,574.0,2,KVI|LUM,77,75,47,0,1
PDV-01571,Sudeste,ES,Vila Velha,rooftop,A,152.6,141.5,-7.3,34.3,2637.0,6,BAL|KVI|LUM|MES,49,35,41,0,0
PDV-02038,Sul,SC,Florianópolis,choperia,A,88.5,74.8,-15.5,38.0,2227.0,6,BAL|CHP|FRZ|KVI|LUM|MES,56,32,38,2,1
PDV-03372,Centro-Oeste,GO,Goiânia,pub,A,83.8,78.6,-6.2,40.8,1939.0,6,BAL|CHP|FRZ|KVI|LUM|MES,68,66,47,0,0
PDV-02665,Sul,SC,Balneário Camboriú,restaurante,B,15.9,12.0,-24.5,16.1,1171.0,4,BAL|FRZ|LUM|MES,62,43,47,4,1
PDV-03298,Centro-Oeste,DF,Brasília,restaurante,A,211.0,127.9,-39.4,30.1,2877.0,5,BAL|FRZ|KVI|MES,55,38,47,4,1
PDV-02224,Sul,RS,Porto Alegre,rooftop,C,4.4,4.5,2.3,16.1,647.0,3,MES,53,44,47,1,1
PDV-01934,Sudeste,RJ,Petrópolis,restaurante,B,23.2,20.9,-9.9,20.1,1264.0,4,BAL|CHP|KVI|LUM,56,53,47,0,0
PDV-01018,Sudeste,MG,Uberlândia,bar premium,A,129.1,117.7,-8.8,25.7,2504.0,6,BAL|CHP|FRZ|KVI|MES,32,18,47,1,1
PDV-03144,Centro-Oeste,DF,Brasília,bar premium,A,149.7,98.1,-34.5,33.9,2151.0,5,BAL|CHP|FRZ|KVI|LUM,50,29,47,3,0
PDV-01721,Sudeste,MG,Belo Horizonte,bar premium,C,5.1,2.5,-51.0,6.6,714.0,6,CHP|FRZ,56,32,47,4,1
PDV-01795,Sudeste,MG,Belo Horizonte,bar premium,A,56.7,47.0,-17.1,27.3,2207.0,5,BAL|CHP|FRZ|KVI|LUM|MES,47,40,47,1,0
PDV-01889,Sudeste,MG,Uberlândia,bar premium,C,15.2,14.0,-7.9,11.6,578.0,3,FRZ|MES,86,80,47,0,0
PDV-02898,Centro-Oeste,MS,Campo Grande,bar premium,C,12.3,6.5,-47.2,24.0,659.0,3,BAL|LUM,44,18,47,5,0
PDV-02385,Sul,PR,Londrina,restaurante,C,14.2,15.6,9.9,20.3,691.0,2,MES,64,49,9,1,1
PDV-02952,Centro-Oeste,MT,Cuiabá,choperia,A,144.3,89.0,-38.3,36.6,2634.0,5,CHP|KVI|LUM|MES,60,46,47,4,0
PDV-00848,Sudeste,ES,Vitória,rooftop,B,26.8,16.4,-38.8,23.3,1554.0,4,FRZ|LUM,73,51,14,4,0
PDV-01233,Sudeste,SP,Ribeirão Preto,bar premium,A,107.7,85.4,-20.7,24.8,2316.0,6,BAL|CHP|FRZ|KVI|LUM|MES,56,39,47,2,0
PDV-02879,Centro-Oeste,DF,Brasília,restaurante,B,42.8,24.8,-42.1,18.4,1001.0,3,FRZ|KVI|LUM,68,57,11,3,0
PDV-00899,Sudeste,SP,São José dos Campos,rooftop,A,107.4,94.2,-12.3,29.8,2371.0,7,BAL|FRZ|KVI,60,55,14,2,0
PDV-01277,Sudeste,MG,Juiz de Fora,bar premium,A,189.0,179.9,-4.8,26.4,2473.0,6,BAL|CHP|FRZ|KVI,61,47,47,1,1
PDV-01193,Sudeste,SP,Santos,bar premium,A,74.1,55.0,-25.8,20.6,2554.0,6,BAL|CHP|FRZ|KVI|LUM|MES,57,48,21,2,1
PDV-02013,Sul,SC,Florianópolis,bar premium,C,15.3,11.7,-23.5,21.7,711.0,2,KVI,45,32,47,2,0
PDV-01521,Sudeste,RJ,Petrópolis,bar premium,B,24.2,21.8,-9.9,23.9,1238.0,4,CHP|KVI|MES,64,61,17,0,1
PDV-01780,Sudeste,SP,Campinas,bar premium,C,14.6,10.4,-28.8,16.2,627.0,4,CHP|MES,67,64,47,2,0
PDV-00441,Sudeste,RJ,Niterói,bar premium,B,26.5,21.2,-20.0,18.2,1316.0,4,FRZ|MES,46,35,18,0,0
PDV-00447,Sudeste,SP,São José dos Campos,bar premium,A,61.7,56.9,-7.8,15.7,2653.0,4,BAL|CHP|FRZ|KVI|LUM|MES,51,36,47,2,1
PDV-03478,Nordeste,BA,Feira de Santana,rooftop,B,32.9,36.0,9.4,28.6,1257.0,5,BAL|KVI|MES,69,49,25,0,0
PDV-01478,Sudeste,SP,Santos,restaurante,C,13.9,9.4,-32.4,13.7,644.0,3,FRZ,47,31,22,2,0
PDV-00434,Sudeste,MG,Uberlândia,pub,C,19.5,12.3,-36.9,19.9,627.0,4,FRZ,76,64,47,3,0
PDV-02451,Sul,PR,Londrina,gastrobar,C,10.0,6.3,-37.0,21.9,701.0,3,KVI,70,58,47,4,0
PDV-00077,Sudeste,RJ,Rio de Janeiro,gastrobar,C,20.1,15.9,-20.9,23.4,633.0,4,BAL|FRZ,59,56,47,2,0
PDV-01677,Sudeste,SP,Ribeirão Preto,choperia,A,119.9,53.5,-55.4,27.5,2428.0,3,BAL|CHP|FRZ|KVI|LUM|MES,64,31,47,5,0
PDV-02340,Sul,RS,Porto Alegre,bar premium,B,16.4,14.9,-9.1,16.5,971.0,5,KVI|MES,77,63,47,2,0
PDV-01432,Sudeste,MG,Belo Horizonte,restaurante,C,10.1,9.7,-4.0,23.3,687.0,3,CHP|LUM,51,39,41,1,0
PDV-02929,Centro-Oeste,MS,Campo Grande,gastrobar,A,219.6,186.4,-15.1,33.4,2576.0,5,BAL|CHP|FRZ|KVI|LUM|MES,53,41,12,0,1
PDV-02110,Sul,SC,Florianópolis,restaurante,C,10.7,9.7,-9.3,22.7,602.0,4,FRZ|MES,71,72,47,2,1
PDV-00780,Sudeste,SP,Santos,gastrobar,C,10.0,9.0,-10.0,16.0,720.0,3,BAL,43,25,47,1,0
PDV-01466,Sudeste,SP,São Paulo,bar premium,B,15.0,13.5,-10.0,22.8,1197.0,5,FRZ|KVI|LUM|MES,68,52,47,0,1
PDV-02561,Sul,PR,Maringá,pub,B,22.6,13.1,-42.0,27.7,1356.0,3,CHP|FRZ|LUM,37,16,47,5,0
PDV-01776,Sudeste,SP,Ribeirão Preto,gastrobar,C,15.6,14.8,-5.1,10.8,688.0,3,CHP|LUM,57,47,47,1,1
PDV-01911,Sudeste,RJ,Niterói,pub,B,51.8,29.4,-43.2,33.4,1119.0,2,BAL|CHP|KVI|MES,38,31,47,5,0
PDV-02500,Sul,PR,Curitiba,pub,C,15.8,15.6,-1.3,14.6,658.0,3,BAL|CHP|FRZ,73,64,47,2,1
PDV-00173,Sudeste,SP,Campinas,gastrobar,B,25.1,22.8,-9.2,26.5,1169.0,4,BAL|CHP|FRZ|MES,44,40,47,0,0
PDV-01811,Sudeste,SP,São José dos Campos,bar premium,B,39.8,38.0,-4.5,25.2,1472.0,3,BAL|FRZ|MES,46,26,14,0,0
PDV-00387,Sudeste,SP,São José dos Campos,pub,C,22.0,22.2,0.9,23.6,649.0,3,BAL|KVI,70,64,47,1,0
PDV-02662,Sul,RS,Porto Alegre,pub,A,241.7,120.1,-50.3,28.3,2239.0,5,CHP|FRZ|MES,60,47,47,4,1
PDV-00565,Sudeste,RJ,Petrópolis,restaurante,B,28.4,27.3,-3.9,21.5,1240.0,3,BAL|CHP|KVI|MES,65,67,47,1,1
PDV-00316,Sudeste,SP,São Paulo,gastrobar,B,15.6,12.8,-17.9,19.9,1272.0,6,BAL|MES,67,69,47,2,0
PDV-03700,Nordeste,PE,Recife,gastrobar,B,33.4,36.0,7.8,18.7,1165.0,4,CHP|MES,58,38,47,2,1
PDV-01733,Sudeste,SP,São José dos Campos,choperia,B,45.7,39.3,-14.0,35.8,1266.0,4,CHP|FRZ|MES,69,55,8,1,0
PDV-02794,Sul,PR,Curitiba,bar premium,A,82.4,59.6,-27.7,33.6,2565.0,5,CHP|FRZ|KVI|MES,68,62,47,4,1
PDV-01855,Sudeste,SP,São José dos Campos,bar premium,B,33.1,17.2,-48.0,22.3,1302.0,3,CHP|FRZ|KVI|LUM,70,56,6,5,0
PDV-02235,Sul,SC,Florianópolis,gastrobar,C,16.3,11.9,-27.0,24.1,726.0,4,BAL|MES,53,38,47,3,0
PDV-00026,Sudeste,RJ,Petrópolis,restaurante,A,101.9,78.4,-23.1,25.4,2531.0,6,CHP|FRZ|LUM|MES,42,31,47,1,1
PDV-03052,Centro-Oeste,MT,Cuiabá,gastrobar,C,5.7,5.4,-5.3,20.4,554.0,3,BAL|KVI|MES,84,69,47,0,0
PDV-00238,Sudeste,SP,Santos,restaurante,C,19.4,18.1,-6.7,11.3,645.0,3,CHP|LUM,54,39,47,1,1
PDV-02400,Sul,SC,Florianópolis,gastrobar,B,33.2,19.9,-40.1,24.8,1270.0,4,BAL|KVI,62,43,20,4,1
PDV-00769,Sudeste,RJ,Niterói,gastrobar,B,38.3,21.8,-43.1,20.8,1043.0,4,FRZ|KVI,57,51,15,4,0
PDV-01938,Sudeste,MG,Uberlândia,choperia,A,83.7,76.5,-8.6,21.2,2327.0,6,BAL|CHP|FRZ|LUM|MES,64,59,9,1,0
PDV-03642,Nordeste,BA,Salvador,pub,C,5.2,6.0,15.4,12.2,679.0,2,BAL,42,35,44,0,1
PDV-01959,Sudeste,RJ,Petrópolis,gastrobar,C,13.8,12.4,-10.1,8.2,715.0,3,MES,62,45,6,1,1
PDV-00156,Sudeste,MG,Juiz de Fora,pub,C,13.0,10.7,-17.7,19.3,661.0,5,LUM,42,36,47,1,0
PDV-03254,Centro-Oeste,MS,Campo Grande,pub,A,103.8,93.9,-9.5,31.7,2944.0,6,BAL|CHP|FRZ|LUM|MES,64,65,47,1,1
PDV-01412,Sudeste,SP,Santos,choperia,C,10.8,6.0,-44.4,10.8,693.0,5,BAL|CHP,63,40,12,3,1
PDV-02961,Centro-Oeste,MT,Cuiabá,rooftop,B,32.6,23.5,-27.9,20.1,1301.0,3,BAL|KVI|MES,45,34,39,2,1
PDV-03226,Centro-Oeste,MT,Cuiabá,rooftop,B,35.3,31.9,-9.6,17.6,1230.0,2,BAL|CHP|LUM,53,47,47,1,1
PDV-03135,Centro-Oeste,DF,Brasília,pub,C,7.5,5.1,-32.0,22.0,717.0,4,CHP,53,40,47,4,0
PDV-00544,Sudeste,ES,Vila Velha,bar premium,B,25.1,24.7,-1.6,19.6,1283.0,5,FRZ|KVI|MES,69,60,6,1,1
PDV-00777,Sudeste,SP,Campinas,bar premium,C,16.0,10.2,-36.3,21.7,614.0,5,CHP|KVI,57,36,47,3,1
PDV-02331,Sul,RS,Caxias do Sul,bar premium,C,5.8,5.6,-3.4,23.9,712.0,3,CHP|FRZ|LUM,71,62,47,0,1
PDV-00014,Sudeste,SP,Campinas,gastrobar,B,24.9,24.0,-3.6,19.6,1294.0,4,CHP|KVI|LUM,67,43,47,0,1
PDV-02546,Sul,PR,Maringá,bar premium,B,31.4,29.6,-5.7,25.7,1251.0,3,FRZ|KVI|LUM|MES,50,39,19,0,0
PDV-02140,Sul,SC,Florianópolis,bar premium,B,59.1,57.7,-2.4,16.9,1267.0,4,BAL|FRZ,57,44,47,0,0
PDV-01263,Sudeste,SP,Campinas,pub,C,8.3,6.4,-22.9,15.0,756.0,3,FRZ|LUM|MES,59,45,47,2,0
PDV-01529,Sudeste,SP,Campinas,rooftop,B,21.5,19.8,-7.9,26.8,934.0,5,BAL|KVI|MES,77,75,47,1,0
PDV-00183,Sudeste,RJ,Petrópolis,bar premium,C,10.1,9.1,-9.9,16.3,634.0,4,KVI|MES,64,56,36,1,0
PDV-02079,Sul,RS,Caxias do Sul,bar premium,C,8.4,7.7,-8.3,17.6,672.0,4,CHP|MES,70,61,47,0,0
PDV-01353,Sudeste,MG,Belo Horizonte,gastrobar,B,41.6,38.8,-6.7,14.5,1027.0,4,BAL|KVI,60,51,29,0,0
PDV-01486,Sudeste,SP,São José dos Campos,choperia,A,73.5,31.3,-57.4,33.3,2884.0,5,BAL|CHP|FRZ|KVI|LUM|MES,43,29,47,5,0
PDV-01997,Sudeste,MG,Belo Horizonte,restaurante,B,43.8,35.9,-18.0,24.6,1117.0,5,CHP|MES,76,60,47,1,0
PDV-03593,Nordeste,PE,Olinda,choperia,A,86.8,101.4,16.8,24.6,2633.0,8,FRZ|KVI|LUM|MES,70,51,39,1,1
PDV-02061,Sul,PR,Curitiba,choperia,C,17.0,13.1,-22.9,19.8,605.0,3,CHP,43,35,32,3,1
PDV-01319,Sudeste,RJ,Petrópolis,bar premium,A,124.2,106.6,-14.2,25.2,2070.0,7,BAL|CHP|FRZ|KVI|LUM|MES,82,76,47,0,0
PDV-03408,Nordeste,RN,Natal,gastrobar,B,23.5,28.0,19.1,22.0,1290.0,2,KVI|MES,66,53,39,0,1
PDV-00193,Sudeste,RJ,Niterói,bar premium,A,69.6,55.0,-21.0,31.3,1781.0,5,BAL|CHP|MES,63,50,47,2,1
PDV-03565,Nordeste,PE,Caruaru,restaurante,C,18.5,20.9,13.0,19.6,669.0,2,BAL|KVI,51,43,47,0,0
PDV-02314,Sul,PR,Maringá,bar premium,C,5.7,3.7,-35.1,17.9,683.0,3,CHP|FRZ|LUM,44,37,12,4,1
PDV-03696,Nordeste,BA,Feira de Santana,choperia,C,18.8,20.5,9.0,12.0,812.0,1,FRZ|MES,67,51,30,0,1
PDV-01183,Sudeste,SP,Santos,gastrobar,A,79.7,51.2,-35.8,31.8,2337.0,5,BAL|CHP|FRZ|KVI|LUM|MES,55,43,47,3,0
PDV-03315,Centro-Oeste,MT,Cuiabá,gastrobar,C,9.5,8.8,-7.4,14.4,551.0,2,BAL|KVI|LUM,40,34,47,1,0
PDV-01375,Sudeste,MG,Belo Horizonte,pub,C,7.5,6.2,-17.3,9.1,718.0,4,BAL|LUM|MES,71,73,47,1,0
PDV-03114,Centro-Oeste,GO,Goiânia,restaurante,C,14.2,13.5,-4.9,13.0,647.0,3,KVI|LUM,57,35,47,1,1
PDV-01447,Sudeste,SP,São Paulo,bar premium,B,42.6,20.4,-52.1,26.9,1213.0,2,CHP|MES,57,24,31,4,0
PDV-01657,Sudeste,RJ,Rio de Janeiro,bar premium,B,30.0,28.1,-6.3,30.8,1038.0,6,BAL|FRZ|MES,65,47,47,0,0
PDV-03692,Nordeste,CE,Fortaleza,pub,B,33.0,22.1,-33.0,25.1,1390.0,4,BAL|FRZ,75,56,47,3,0
PDV-03281,Centro-Oeste,DF,Brasília,gastrobar,A,42.4,39.5,-6.8,35.9,2094.0,8,BAL|CHP|KVI|LUM|MES,59,48,47,0,1
PDV-01099,Sudeste,RJ,Petrópolis,rooftop,A,166.0,138.2,-16.7,24.0,2360.0,7,BAL|CHP|FRZ|KVI|LUM|MES,58,43,47,1,0
PDV-01467,Sudeste,SP,Santos,bar premium,B,29.9,19.4,-35.1,29.2,1107.0,5,BAL|CHP|KVI,53,42,32,3,0
PDV-03571,Nordeste,RN,Natal,bar premium,C,6.7,7.8,16.4,7.3,655.0,1,BAL|CHP|KVI,76,62,47,0,0
PDV-00732,Sudeste,MG,Juiz de Fora,bar premium,C,15.0,9.1,-39.3,13.4,774.0,3,BAL|FRZ|KVI,77,65,47,4,0
PDV-03066,Centro-Oeste,MS,Campo Grande,gastrobar,B,38.4,36.3,-5.5,13.3,1238.0,4,CHP|FRZ|KVI|MES,41,25,47,0,0
PDV-00237,Sudeste,SP,Ribeirão Preto,gastrobar,C,14.3,12.6,-11.9,21.8,715.0,4,CHP|FRZ,51,36,47,2,1
PDV-01352,Sudeste,SP,Ribeirão Preto,rooftop,C,31.9,28.0,-12.2,14.7,577.0,3,BAL|CHP|FRZ,54,51,47,2,0
PDV-02430,Sul,RS,Caxias do Sul,bar premium,C,9.2,5.1,-44.6,29.7,726.0,4,FRZ|KVI|MES,56,42,47,3,0
PDV-01764,Sudeste,MG,Uberlândia,choperia,B,25.2,21.7,-13.9,17.2,1399.0,3,BAL|KVI|LUM|MES,62,43,47,2,1
PDV-02381,Sul,RS,Porto Alegre,bar premium,A,160.4,98.3,-38.7,32.3,2557.0,5,BAL|CHP|KVI|LUM|MES,28,6,47,4,0
PDV-02538,Sul,RS,Pelotas,choperia,B,29.5,13.8,-53.2,21.0,1246.0,3,CHP|FRZ|MES,64,41,26,4,0
PDV-01850,Sudeste,SP,Campinas,bar premium,A,67.5,70.6,4.6,39.2,2452.0,6,BAL|CHP|FRZ|KVI|LUM|MES,52,44,47,0,1
PDV-01469,Sudeste,SP,São Paulo,gastrobar,C,12.1,10.9,-9.9,8.0,614.0,3,BAL|KVI|MES,69,80,47,1,0
PDV-02549,Sul,PR,Curitiba,restaurante,B,20.5,13.2,-35.6,21.8,1130.0,4,BAL|CHP|KVI|MES,59,43,47,3,0
PDV-02428,Sul,PR,Londrina,gastrobar,C,11.3,11.1,-1.8,16.1,721.0,3,FRZ|LUM|MES,65,44,6,2,1
PDV-02210,Sul,PR,Londrina,bar premium,C,25.8,26.3,1.9,13.5,745.0,3,BAL|FRZ|LUM,48,30,47,0,1
PDV-00049,Sudeste,RJ,Petrópolis,restaurante,A,86.7,85.3,-1.6,43.0,2139.0,7,FRZ|KVI|LUM|MES,66,53,47,0,1
PDV-00715,Sudeste,ES,Vila Velha,gastrobar,C,27.4,26.5,-3.3,8.5,603.0,4,FRZ|LUM,43,36,47,1,1
PDV-00333,Sudeste,MG,Juiz de Fora,restaurante,B,39.9,42.4,6.3,34.5,1296.0,4,BAL|FRZ|LUM,57,50,47,1,0
PDV-01988,Sudeste,SP,São José dos Campos,bar premium,C,10.1,9.4,-6.9,6.7,600.0,3,KVI,61,41,47,2,1
PDV-03032,Centro-Oeste,GO,Goiânia,pub,A,68.6,47.3,-31.0,29.9,2412.0,6,BAL|CHP|FRZ|KVI,40,33,22,2,0
PDV-03689,Nordeste,BA,Feira de Santana,gastrobar,A,90.8,73.4,-19.2,32.2,2328.0,7,BAL|CHP|FRZ|KVI|MES,79,70,37,3,1
PDV-03350,Centro-Oeste,GO,Anápolis,gastrobar,C,9.9,6.6,-33.3,8.3,746.0,5,KVI,79,67,42,3,0
PDV-01783,Sudeste,MG,Belo Horizonte,pub,A,98.2,90.8,-7.5,35.2,2605.0,7,BAL|CHP|KVI|LUM|MES,71,53,47,2,1
PDV-00064,Sudeste,SP,São Paulo,gastrobar,A,88.0,68.0,-22.7,37.9,2564.0,5,BAL|CHP|FRZ|KVI|MES,46,28,47,2,0
PDV-02765,Sul,RS,Caxias do Sul,restaurante,B,38.4,37.5,-2.3,24.1,1355.0,3,FRZ|KVI|LUM,70,61,23,1,1
PDV-03682,Nordeste,BA,Salvador,bar premium,B,26.5,29.7,12.1,22.4,1450.0,3,CHP|KVI|MES,78,69,18,0,0
PDV-02784,Sul,PR,Curitiba,pub,C,16.8,16.3,-3.0,10.7,718.0,2,KVI,44,49,30,1,0
PDV-03072,Centro-Oeste,MS,Campo Grande,restaurante,B,20.8,16.4,-21.2,25.9,1022.0,4,CHP|KVI|MES,58,45,47,3,1
PDV-00107,Sudeste,RJ,Petrópolis,bar premium,B,55.9,35.5,-36.5,18.4,1228.0,4,FRZ|LUM,61,41,47,3,0
PDV-02563,Sul,SC,Balneário Camboriú,restaurante,C,6.7,6.1,-9.0,8.0,708.0,5,KVI|LUM|MES,56,45,47,0,0
PDV-01717,Sudeste,MG,Uberlândia,bar premium,C,10.7,10.6,-0.9,19.6,863.0,2,FRZ,72,61,47,1,0
PDV-02702,Sul,SC,Joinville,restaurante,B,38.9,36.4,-6.4,19.9,1340.0,3,BAL|KVI,59,57,45,0,0
PDV-02762,Sul,RS,Porto Alegre,gastrobar,A,135.2,134.2,-0.7,27.9,2413.0,6,BAL|CHP|FRZ|LUM|MES,70,67,47,0,0
PDV-01420,Sudeste,SP,Campinas,bar premium,A,78.5,72.2,-8.0,25.4,2428.0,7,CHP|FRZ|KVI|LUM|MES,75,72,8,1,0
PDV-02720,Sul,RS,Caxias do Sul,restaurante,B,21.6,21.1,-2.3,20.8,1026.0,4,BAL|CHP|FRZ|LUM,77,78,47,0,0
PDV-02054,Sul,RS,Caxias do Sul,bar premium,B,26.5,17.6,-33.6,28.3,1055.0,3,BAL|LUM,72,65,47,3,0
PDV-02063,Sul,RS,Pelotas,pub,B,10.3,10.1,-1.9,19.5,1298.0,4,CHP|FRZ|KVI|MES,52,51,47,0,0
PDV-02955,Centro-Oeste,DF,Brasília,bar premium,B,49.0,45.4,-7.3,17.4,1376.0,4,CHP|FRZ|KVI|MES,45,22,47,1,1
PDV-02390,Sul,RS,Caxias do Sul,bar premium,C,18.9,18.5,-2.1,22.6,714.0,2,CHP|FRZ|MES,55,43,47,1,0
PDV-00303,Sudeste,MG,Juiz de Fora,gastrobar,B,58.6,58.2,-0.7,13.6,1180.0,5,BAL|LUM|MES,40,32,47,1,0
PDV-01128,Sudeste,SP,Campinas,restaurante,C,12.3,12.0,-2.4,20.2,778.0,2,FRZ|KVI|LUM,61,52,47,0,0
PDV-02397,Sul,SC,Joinville,bar premium,A,69.9,67.1,-4.0,22.0,2417.0,5,BAL|CHP|KVI|LUM|MES,66,58,47,1,1
PDV-02630,Sul,PR,Maringá,restaurante,B,43.8,49.7,13.5,17.4,1278.0,5,CHP|FRZ,68,55,31,0,0
PDV-02902,Centro-Oeste,MS,Campo Grande,gastrobar,C,11.0,10.2,-7.3,13.3,640.0,2,MES,51,31,14,0,1
PDV-02526,Sul,RS,Porto Alegre,gastrobar,C,10.0,9.4,-6.0,7.3,684.0,3,CHP|FRZ|MES,71,60,47,1,1
PDV-03769,Nordeste,PE,Olinda,gastrobar,C,9.0,10.4,15.6,10.1,614.0,2,CHP|LUM,73,58,47,0,1
PDV-02968,Centro-Oeste,GO,Anápolis,gastrobar,A,49.1,31.4,-36.0,29.2,2635.0,5,BAL|FRZ|KVI|LUM|MES,71,46,47,3,0
PDV-00377,Sudeste,MG,Uberlândia,pub,A,104.4,104.6,0.2,13.9,2693.0,7,BAL|CHP|FRZ|KVI,54,56,47,0,0
PDV-03210,Centro-Oeste,MT,Cuiabá,bar premium,B,35.6,33.0,-7.3,23.8,1173.0,4,BAL|CHP|FRZ|MES,71,51,47,1,0
PDV-00945,Sudeste,SP,Campinas,gastrobar,C,22.0,19.5,-11.4,9.0,671.0,3,BAL,37,36,47,1,0
PDV-01393,Sudeste,SP,Santos,choperia,C,14.0,11.8,-15.7,19.5,694.0,2,BAL|FRZ|LUM,45,36,47,1,0
PDV-01460,Sudeste,SP,São Paulo,gastrobar,C,13.4,11.5,-14.2,15.6,612.0,3,FRZ|MES,50,44,47,1,0
PDV-03530,Nordeste,PE,Caruaru,pub,A,39.0,38.8,-0.5,32.1,2398.0,7,BAL|CHP|FRZ|MES,88,84,12,0,1
PDV-02815,Sul,SC,Joinville,restaurante,B,24.7,26.3,6.5,9.6,1360.0,5,CHP|FRZ|LUM|MES,62,66,47,0,1
PDV-01720,Sudeste,SP,Santos,pub,B,24.2,17.7,-26.9,35.3,1135.0,3,CHP|FRZ|LUM|MES,39,35,30,3,0
PDV-00580,Sudeste,MG,Juiz de Fora,bar premium,C,10.7,9.5,-11.2,13.1,770.0,3,KVI|LUM,78,68,47,1,0
PDV-00007,Sudeste,SP,Campinas,bar premium,C,24.8,13.4,-46.0,14.4,703.0,4,FRZ|KVI|LUM,62,37,7,4,1
PDV-00601,Sudeste,SP,Ribeirão Preto,bar premium,B,26.5,24.0,-9.4,6.7,1247.0,5,CHP|KVI|LUM|MES,67,60,47,0,0
PDV-01841,Sudeste,RJ,Niterói,gastrobar,C,12.3,11.6,-5.7,11.6,488.0,4,BAL|FRZ|LUM,65,57,47,1,0
PDV-03046,Centro-Oeste,MS,Campo Grande,restaurante,A,69.4,31.4,-54.8,31.6,2032.0,5,BAL|CHP|KVI|LUM,63,42,8,5,0
PDV-01332,Sudeste,RJ,Niterói,gastrobar,B,63.9,55.9,-12.5,13.4,1241.0,4,BAL|CHP|FRZ|MES,52,38,12,1,0
PDV-01598,Sudeste,SP,Santos,gastrobar,B,34.4,29.9,-13.1,22.5,1192.0,6,BAL|FRZ|KVI|MES,62,47,47,1,0
PDV-03057,Centro-Oeste,GO,Goiânia,bar premium,C,28.9,19.2,-33.6,17.6,633.0,4,CHP|LUM,62,38,47,4,0
PDV-01309,Sudeste,RJ,Petrópolis,choperia,B,37.6,34.8,-7.4,13.8,1113.0,3,FRZ|LUM|MES,76,64,47,1,0
PDV-03212,Centro-Oeste,MS,Campo Grande,restaurante,B,36.2,33.8,-6.6,32.2,1253.0,5,CHP|FRZ|KVI|LUM,25,20,47,0,0
PDV-00576,Sudeste,SP,Ribeirão Preto,pub,A,145.2,104.6,-28.0,24.3,2513.0,7,BAL|CHP|FRZ|KVI|LUM|MES,68,57,47,3,1
PDV-01805,Sudeste,SP,Ribeirão Preto,bar premium,B,64.1,59.7,-6.9,22.2,1308.0,4,BAL|KVI|LUM|MES,37,29,47,0,0
PDV-00177,Sudeste,SP,Ribeirão Preto,pub,C,10.4,10.0,-3.8,17.7,792.0,3,KVI|LUM|MES,52,35,32,0,0
PDV-03347,Centro-Oeste,MT,Cuiabá,pub,C,11.6,7.3,-37.1,24.2,781.0,3,CHP,72,63,12,3,0
PDV-01379,Sudeste,SP,São José dos Campos,gastrobar,C,9.7,9.5,-2.1,8.5,766.0,3,BAL|FRZ|KVI,63,52,47,0,0
PDV-03443,Nordeste,CE,Fortaleza,gastrobar,A,58.9,44.7,-24.1,17.8,2107.0,6,CHP|LUM|MES,55,33,47,3,1
PDV-03019,Centro-Oeste,GO,Goiânia,pub,A,152.6,132.4,-13.2,26.2,1994.0,8,KVI|LUM|MES,66,58,47,0,1
PDV-03250,Centro-Oeste,DF,Brasília,gastrobar,C,19.7,9.9,-49.7,21.4,616.0,4,CHP|KVI|LUM,52,38,47,4,0
PDV-01703,Sudeste,MG,Belo Horizonte,restaurante,C,20.3,19.1,-5.9,19.0,729.0,2,FRZ|LUM,50,35,47,1,1
PDV-03714,Nordeste,RN,Natal,restaurante,C,11.2,10.8,-3.6,15.9,670.0,3,BAL|FRZ|KVI,60,58,47,1,0
PDV-00972,Sudeste,RJ,Petrópolis,gastrobar,C,14.6,14.9,2.1,22.2,739.0,3,FRZ|KVI,61,45,47,0,0
PDV-02867,Centro-Oeste,MT,Cuiabá,bar premium,B,38.3,31.3,-18.3,36.6,1303.0,4,CHP|KVI|LUM,57,45,47,1,0
PDV-02967,Centro-Oeste,GO,Goiânia,bar premium,B,19.0,16.4,-13.7,25.2,1285.0,4,BAL|CHP,61,53,47,1,0
PDV-02922,Centro-Oeste,GO,Anápolis,restaurante,C,5.9,5.2,-11.9,11.7,762.0,3,LUM,46,34,47,0,0
PDV-02713,Sul,RS,Porto Alegre,bar premium,A,138.2,120.7,-12.7,34.5,2647.0,6,CHP|FRZ|KVI|MES,49,39,47,1,1
PDV-02008,Sul,RS,Caxias do Sul,gastrobar,C,18.7,20.1,7.5,11.8,577.0,2,KVI|LUM|MES,65,59,47,1,0
PDV-00385,Sudeste,ES,Vitória,bar premium,A,131.0,109.6,-16.3,31.0,2989.0,8,BAL|CHP|LUM,74,66,47,2,1
PDV-00687,Sudeste,SP,Campinas,pub,C,18.9,8.9,-52.9,12.5,529.0,4,FRZ|KVI,52,31,47,5,0
PDV-01483,Sudeste,SP,São Paulo,pub,A,165.2,137.7,-16.6,26.5,2229.0,5,BAL|CHP|FRZ|KVI|LUM,45,49,47,2,1
PDV-03151,Centro-Oeste,MS,Campo Grande,bar premium,C,3.9,4.0,2.6,9.4,546.0,3,BAL|FRZ|LUM,29,11,27,0,0
PDV-00564,Sudeste,SP,Campinas,pub,B,49.4,28.3,-42.7,22.6,1407.0,4,BAL|KVI|LUM,49,31,33,3,1
PDV-03088,Centro-Oeste,DF,Brasília,bar premium,C,11.8,7.5,-36.4,14.5,698.0,5,FRZ,59,55,47,3,1
PDV-03016,Centro-Oeste,DF,Brasília,gastrobar,C,10.6,6.9,-34.9,22.6,616.0,4,LUM,57,46,9,3,0
PDV-00968,Sudeste,RJ,Rio de Janeiro,bar premium,B,50.9,33.0,-35.2,29.1,1256.0,4,CHP|FRZ|KVI|LUM,62,48,47,4,0
PDV-00719,Sudeste,RJ,Petrópolis,choperia,B,28.8,24.4,-15.3,22.7,1323.0,4,LUM|MES,61,60,19,1,1
PDV-03238,Centro-Oeste,GO,Goiânia,choperia,B,59.8,55.3,-7.5,19.7,972.0,5,CHP|LUM,46,36,47,0,0
PDV-03723,Nordeste,PE,Caruaru,gastrobar,B,34.1,26.6,-22.0,16.7,1408.0,4,CHP|FRZ|KVI|MES,59,43,47,3,0
PDV-01243,Sudeste,MG,Uberlândia,gastrobar,C,20.2,21.3,5.4,12.0,818.0,3,BAL|LUM|MES,39,31,47,1,0
PDV-01643,Sudeste,SP,Campinas,choperia,A,59.6,52.0,-12.8,21.5,2538.0,7,BAL|CHP|FRZ|LUM|MES,74,54,11,2,0
PDV-01065,Sudeste,SP,São José dos Campos,gastrobar,C,20.9,18.2,-12.9,13.2,583.0,3,CHP|MES,74,59,47,2,0
PDV-02667,Sul,PR,Maringá,pub,A,137.3,107.8,-21.5,18.0,2936.0,5,CHP|FRZ|LUM|MES,53,31,47,2,1
PDV-01792,Sudeste,SP,São Paulo,gastrobar,C,8.2,7.4,-9.8,13.7,719.0,4,BAL|LUM,60,56,16,1,0
PDV-02782,Sul,SC,Balneário Camboriú,restaurante,C,11.2,11.0,-1.8,13.3,698.0,3,CHP|FRZ|MES,51,41,47,0,0
PDV-03548,Nordeste,CE,Juazeiro do Norte,restaurante,B,18.6,19.4,4.3,30.4,1285.0,4,BAL|CHP|KVI,50,49,47,0,0
PDV-02635,Sul,SC,Joinville,choperia,B,30.9,17.7,-42.7,20.6,1332.0,5,BAL|LUM,75,57,47,5,1
PDV-01090,Sudeste,RJ,Rio de Janeiro,pub,A,92.8,50.8,-45.3,22.0,2265.0,6,BAL|CHP|FRZ|KVI|LUM|MES,62,53,47,3,0
PDV-03017,Centro-Oeste,DF,Brasília,pub,B,35.9,20.7,-42.3,21.5,1472.0,2,BAL|LUM|MES,60,49,31,4,0
PDV-00135,Sudeste,RJ,Petrópolis,bar premium,B,25.4,11.8,-53.5,27.7,1417.0,2,BAL|FRZ|KVI|MES,48,31,47,5,0
PDV-03117,Centro-Oeste,GO,Goiânia,bar premium,B,41.0,37.0,-9.8,15.4,1104.0,4,CHP|KVI|LUM|MES,60,54,19,1,0
PDV-02534,Sul,SC,Joinville,rooftop,A,79.0,65.5,-17.1,39.4,2511.0,5,BAL|CHP|MES,76,59,47,2,0
PDV-03688,Nordeste,PE,Recife,pub,C,8.7,9.7,11.5,9.2,711.0,3,FRZ|MES,66,53,47,1,0
PDV-02395,Sul,RS,Pelotas,pub,A,71.8,65.7,-8.5,32.5,2064.0,5,CHP|KVI|LUM|MES,53,52,47,2,0
PDV-02564,Sul,RS,Caxias do Sul,restaurante,C,7.6,8.1,6.6,4.1,558.0,3,BAL|FRZ,85,58,47,1,1
PDV-03625,Nordeste,PE,Olinda,bar premium,B,20.5,22.5,9.8,25.7,1065.0,3,KVI|LUM,60,63,47,1,0
PDV-03496,Nordeste,PE,Caruaru,bar premium,B,27.2,25.3,-7.0,25.2,1366.0,4,CHP|FRZ|KVI|MES,57,53,36,3,0
PDV-00805,Sudeste,SP,Santos,pub,C,15.0,13.1,-12.7,12.6,668.0,4,LUM,58,44,47,2,0
PDV-00948,Sudeste,SP,Santos,pub,B,32.5,27.1,-16.6,23.1,1137.0,5,FRZ|MES,74,68,47,2,0
PDV-01585,Sudeste,SP,Santos,restaurante,B,51.6,41.8,-19.0,18.4,1413.0,5,BAL|KVI,93,92,47,3,1
PDV-03401,Nordeste,BA,Salvador,pub,A,95.6,114.0,19.2,33.4,2711.0,7,BAL|CHP|FRZ|KVI|LUM|MES,46,24,22,0,1
PDV-03753,Nordeste,BA,Feira de Santana,pub,C,10.2,11.5,12.7,11.8,529.0,4,FRZ,70,65,47,0,1
PDV-01394,Sudeste,SP,São Paulo,choperia,C,20.1,19.3,-4.0,13.7,615.0,4,CHP|MES,59,59,47,0,0
PDV-01899,Sudeste,RJ,Petrópolis,gastrobar,C,9.4,8.9,-5.3,13.2,610.0,3,BAL|LUM|MES,60,52,47,1,0
PDV-01299,Sudeste,SP,São José dos Campos,bar premium,B,31.3,28.2,-9.9,21.6,1160.0,5,FRZ|LUM,89,79,42,0,1
PDV-00518,Sudeste,MG,Uberlândia,bar premium,C,23.2,15.2,-34.5,31.1,610.0,4,CHP|LUM,82,74,47,3,0
PDV-00414,Sudeste,SP,São José dos Campos,gastrobar,A,212.0,121.7,-42.6,31.7,2731.0,5,CHP|FRZ|MES,41,30,47,5,1
PDV-00423,Sudeste,SP,São Paulo,bar premium,C,11.7,10.7,-8.5,16.2,692.0,3,CHP|MES,60,53,46,1,1
PDV-01617,Sudeste,SP,Ribeirão Preto,pub,B,47.3,32.5,-31.3,22.1,1199.0,4,BAL|CHP|FRZ|MES,62,43,47,4,0
PDV-02927,Centro-Oeste,DF,Brasília,choperia,B,28.9,18.5,-36.0,16.6,1182.0,4,BAL|LUM|MES,67,54,38,4,0
PDV-00375,Sudeste,SP,Campinas,gastrobar,A,105.8,56.7,-46.4,26.0,2935.0,4,FRZ|KVI|MES,77,71,42,3,1
PDV-00992,Sudeste,SP,Santos,bar premium,A,92.0,79.1,-14.0,36.2,2436.0,8,BAL|LUM|MES,49,35,47,0,1
PDV-01077,Sudeste,SP,São José dos Campos,pub,A,112.2,86.7,-22.7,30.8,2521.0,6,BAL|CHP|KVI|LUM|MES,52,43,47,2,0
PDV-03786,Nordeste,CE,Fortaleza,gastrobar,A,117.3,114.9,-2.0,23.9,1944.0,6,BAL|CHP|KVI|LUM|MES,43,39,44,1,0
PDV-00851,Sudeste,RJ,Niterói,choperia,C,21.4,17.8,-16.8,20.2,657.0,3,BAL|CHP|LUM,64,48,47,4,0
PDV-01164,Sudeste,SP,Santos,gastrobar,A,84.7,52.9,-37.5,35.9,2481.0,5,CHP|FRZ|MES,74,67,26,4,0
PDV-00563,Sudeste,RJ,Rio de Janeiro,pub,A,44.1,23.7,-46.3,37.4,2617.0,5,BAL|FRZ|KVI,69,55,47,5,1
PDV-00548,Sudeste,SP,Campinas,gastrobar,B,39.2,32.2,-17.9,19.8,1235.0,5,CHP|FRZ,59,58,47,1,0
PDV-01151,Sudeste,MG,Uberlândia,restaurante,C,9.9,7.7,-22.2,31.0,602.0,4,BAL|FRZ,64,53,47,2,0
PDV-00165,Sudeste,SP,São José dos Campos,gastrobar,B,34.1,32.3,-5.3,22.4,928.0,5,CHP|LUM|MES,74,74,47,0,0
PDV-01330,Sudeste,RJ,Petrópolis,choperia,C,5.9,5.5,-6.8,17.1,824.0,3,BAL|LUM,70,61,47,0,0
PDV-01249,Sudeste,SP,Campinas,restaurante,A,57.2,29.2,-49.0,30.0,2243.0,6,CHP|KVI|MES,40,19,23,5,0
PDV-01317,Sudeste,MG,Juiz de Fora,gastrobar,B,23.6,19.7,-16.5,15.5,1315.0,3,BAL|FRZ|MES,45,24,47,2,0
PDV-00930,Sudeste,RJ,Petrópolis,pub,C,18.1,16.2,-10.5,11.7,725.0,4,FRZ,59,52,8,1,1
PDV-00357,Sudeste,ES,Vitória,bar premium,A,141.0,123.7,-12.3,11.4,2610.0,7,CHP|FRZ|KVI|LUM|MES,76,76,47,1,0
PDV-00637,Sudeste,SP,Campinas,pub,B,36.5,34.7,-4.9,16.4,1076.0,6,BAL|FRZ|KVI|LUM,44,36,47,1,0
PDV-02568,Sul,PR,Curitiba,bar premium,A,67.5,55.6,-17.6,33.8,2518.0,6,BAL|CHP|FRZ|KVI|LUM,75,73,47,2,0
PDV-02636,Sul,RS,Caxias do Sul,gastrobar,B,58.0,59.9,3.3,25.9,1318.0,5,CHP|KVI,61,39,24,1,1
PDV-03517,Nordeste,PE,Recife,bar premium,A,74.7,88.5,18.5,33.2,2692.0,8,BAL|FRZ|KVI|MES,71,67,44,0,0
PDV-02846,Sul,SC,Florianópolis,gastrobar,B,32.8,33.8,3.0,19.0,1493.0,3,BAL|CHP|KVI,58,53,37,1,0
PDV-03538,Nordeste,BA,Feira de Santana,gastrobar,C,5.9,7.0,18.6,5.2,740.0,3,KVI,56,45,11,0,1
PDV-03358,Centro-Oeste,DF,Brasília,restaurante,B,22.2,21.4,-3.6,19.5,1242.0,4,BAL|KVI,57,56,32,0,1
PDV-01036,Sudeste,SP,Ribeirão Preto,bar premium,C,12.6,6.7,-46.8,15.9,554.0,4,BAL|FRZ,66,51,47,5,1
PDV-02836,Sul,SC,Balneário Camboriú,gastrobar,A,56.1,56.0,-0.2,34.3,2241.0,7,BAL|CHP|FRZ|KVI|MES,72,58,28,1,1
PDV-00953,Sudeste,RJ,Rio de Janeiro,choperia,B,24.7,18.8,-23.9,18.1,1310.0,4,FRZ|LUM|MES,62,48,47,1,1
PDV-01998,Sudeste,SP,São Paulo,gastrobar,C,6.4,6.0,-6.2,17.3,748.0,3,BAL|LUM,46,23,47,0,0
PDV-03846,Nordeste,PE,Caruaru,pub,B,17.6,18.8,6.8,21.8,1269.0,3,KVI|LUM,49,30,34,1,1
PDV-02592,Sul,RS,Caxias do Sul,restaurante,B,23.9,19.8,-17.2,23.8,1176.0,3,BAL|CHP|LUM|MES,68,63,47,3,1
PDV-02558,Sul,SC,Joinville,restaurante,A,66.8,53.2,-20.4,27.4,1766.0,6,BAL|CHP|FRZ|KVI|LUM|MES,61,45,44,1,1
PDV-02613,Sul,RS,Porto Alegre,gastrobar,C,15.2,13.6,-10.5,9.5,669.0,3,FRZ|KVI|LUM,70,61,7,1,1
PDV-02239,Sul,SC,Joinville,bar premium,C,6.6,3.6,-45.5,18.9,691.0,4,BAL|CHP|FRZ,59,43,47,5,1
PDV-01063,Sudeste,SP,Ribeirão Preto,rooftop,B,44.2,34.0,-23.1,28.7,1043.0,3,CHP|FRZ|KVI|MES,84,86,47,2,0
PDV-01308,Sudeste,SP,Campinas,restaurante,C,9.5,4.7,-50.5,15.0,702.0,3,CHP|FRZ|LUM,65,60,41,3,0
PDV-03664,Nordeste,PE,Olinda,bar premium,A,94.3,95.2,1.0,34.2,2602.0,4,BAL|CHP|FRZ|MES,66,60,47,0,1
PDV-03387,Centro-Oeste,MT,Cuiabá,pub,B,21.4,20.0,-6.5,10.4,1113.0,3,BAL|FRZ|LUM|MES,58,47,47,1,1
PDV-02180,Sul,RS,Caxias do Sul,pub,C,4.8,4.3,-10.4,19.4,689.0,5,KVI|LUM,42,30,47,2,0
PDV-01219,Sudeste,RJ,Niterói,choperia,B,29.4,23.0,-21.8,20.8,1170.0,2,FRZ|MES,54,49,47,2,0
PDV-03629,Nordeste,PE,Olinda,pub,C,6.8,7.7,13.2,6.7,646.0,3,BAL|CHP|MES,70,62,9,0,0
PDV-00519,Sudeste,MG,Belo Horizonte,rooftop,B,14.7,6.9,-53.1,28.0,1120.0,4,BAL|CHP|KVI|MES,53,34,47,5,1
PDV-01116,Sudeste,RJ,Niterói,restaurante,C,10.7,6.6,-38.3,8.8,668.0,5,KVI,60,39,40,4,0
PDV-01434,Sudeste,RJ,Rio de Janeiro,pub,C,20.2,19.8,-2.0,15.5,588.0,2,CHP,39,27,47,1,0
PDV-03163,Centro-Oeste,MS,Campo Grande,gastrobar,B,23.3,19.0,-18.5,22.3,1289.0,4,FRZ|MES,60,55,47,2,1
PDV-00587,Sudeste,RJ,Petrópolis,rooftop,B,50.5,48.3,-4.4,28.5,1242.0,4,BAL|FRZ|KVI|MES,76,70,47,0,0
PDV-01167,Sudeste,SP,Santos,gastrobar,C,15.0,8.7,-42.0,12.4,581.0,4,BAL,65,53,47,4,0
PDV-02349,Sul,PR,Maringá,bar premium,C,16.5,16.6,0.6,17.9,759.0,4,CHP|KVI|LUM,79,82,47,1,0
PDV-03446,Nordeste,PE,Caruaru,pub,C,19.8,19.4,-2.0,20.8,651.0,3,FRZ|MES,70,51,47,2,1
PDV-01366,Sudeste,RJ,Petrópolis,choperia,B,58.6,49.5,-15.5,19.7,1399.0,4,CHP|FRZ|LUM|MES,67,53,47,1,0
PDV-03098,Centro-Oeste,MS,Campo Grande,rooftop,B,54.4,29.7,-45.4,34.7,1237.0,4,BAL|CHP|MES,54,42,47,5,0
PDV-00552,Sudeste,ES,Vila Velha,restaurante,A,87.9,94.6,7.6,24.6,2649.0,8,BAL|CHP|FRZ|KVI|LUM|MES,74,72,35,1,1
PDV-03534,Nordeste,PE,Caruaru,bar premium,C,4.4,5.0,13.6,20.5,612.0,3,BAL|LUM,40,39,47,1,0
PDV-00150,Sudeste,RJ,Niterói,gastrobar,C,20.8,17.8,-14.4,21.1,550.0,3,LUM|MES,56,52,47,1,0
PDV-02917,Centro-Oeste,GO,Anápolis,pub,B,30.9,30.6,-1.0,22.8,1188.0,6,FRZ|LUM,80,65,47,0,0
PDV-02161,Sul,PR,Londrina,pub,A,61.1,51.3,-16.0,19.6,2608.0,6,BAL|CHP|KVI|LUM,66,55,47,2,1
PDV-02085,Sul,RS,Pelotas,bar premium,A,111.6,58.9,-47.2,24.9,2658.0,4,BAL|CHP|KVI|LUM|MES,58,39,47,4,1
PDV-00098,Sudeste,RJ,Petrópolis,bar premium,B,26.9,22.5,-16.4,26.6,1426.0,3,BAL|CHP|FRZ|MES,57,61,47,1,0
PDV-02652,Sul,PR,Maringá,gastrobar,B,32.7,34.6,5.8,13.2,1178.0,5,BAL|FRZ|KVI|LUM,60,55,12,0,0
PDV-03729,Nordeste,BA,Salvador,gastrobar,A,62.4,69.7,11.7,27.9,2368.0,7,BAL|CHP|FRZ|KVI|LUM,55,39,24,0,0
PDV-02788,Sul,PR,Maringá,rooftop,C,5.0,3.8,-24.0,18.3,748.0,4,BAL|KVI|LUM,61,34,47,3,0
PDV-02535,Sul,RS,Porto Alegre,restaurante,A,89.7,93.5,4.2,29.2,2680.0,5,BAL|CHP|FRZ|KVI|LUM,75,71,40,1,1
PDV-02015,Sul,SC,Balneário Camboriú,rooftop,B,37.2,40.0,7.5,33.9,1288.0,5,BAL|FRZ,80,72,22,0,1
PDV-01419,Sudeste,RJ,Petrópolis,bar premium,A,148.7,125.3,-15.7,31.0,2387.0,5,BAL|CHP|FRZ|KVI|LUM|MES,45,40,47,0,1
PDV-00336,Sudeste,SP,Ribeirão Preto,pub,B,44.7,36.4,-18.6,36.2,1145.0,3,KVI|LUM,68,51,47,3,0
PDV-02847,Sul,SC,Florianópolis,bar premium,A,90.5,56.8,-37.2,22.5,2007.0,6,CHP|FRZ|KVI|MES,71,58,29,3,0
PDV-01925,Sudeste,RJ,Niterói,restaurante,A,133.0,117.5,-11.7,31.7,2158.0,6,BAL|LUM|MES,69,67,47,1,1
PDV-00489,Sudeste,MG,Uberlândia,restaurante,C,6.2,5.6,-9.7,33.3,757.0,4,BAL|CHP|LUM,58,59,12,1,0
PDV-00495,Sudeste,RJ,Rio de Janeiro,bar premium,C,25.5,21.5,-15.7,24.5,736.0,2,CHP|FRZ|KVI,82,78,10,1,0
PDV-02120,Sul,PR,Maringá,bar premium,A,178.1,176.7,-0.8,24.2,2479.0,7,BAL|KVI|LUM,59,56,36,0,1
PDV-00728,Sudeste,SP,Campinas,bar premium,B,31.0,18.3,-41.0,22.9,1231.0,5,BAL|MES,80,65,25,4,0
PDV-01160,Sudeste,MG,Juiz de Fora,restaurante,C,19.9,20.0,0.5,13.4,731.0,2,FRZ|MES,53,38,47,1,0
PDV-02058,Sul,PR,Maringá,gastrobar,C,14.8,9.8,-33.8,3.3,693.0,4,CHP,59,36,28,3,1
PDV-02656,Sul,SC,Joinville,gastrobar,B,67.5,64.2,-4.9,34.6,1126.0,4,BAL|FRZ|MES,48,45,14,0,0
PDV-03159,Centro-Oeste,GO,Anápolis,bar premium,B,26.2,18.8,-28.2,19.8,1170.0,4,KVI|LUM,61,44,47,3,0
PDV-00299,Sudeste,MG,Belo Horizonte,bar premium,B,69.9,60.6,-13.3,23.1,1164.0,5,BAL|FRZ|KVI|LUM,68,52,10,2,0
PDV-00649,Sudeste,SP,Santos,bar premium,C,6.7,4.9,-26.9,15.3,787.0,4,BAL|CHP|KVI,76,54,47,4,1
PDV-02723,Sul,RS,Porto Alegre,bar premium,A,128.9,138.5,7.4,18.8,2748.0,7,BAL|KVI|MES,71,58,47,0,1
PDV-02518,Sul,PR,Curitiba,gastrobar,B,18.6,14.2,-23.7,16.4,1150.0,3,BAL|FRZ|KVI|MES,60,56,47,4,0
PDV-02682,Sul,RS,Porto Alegre,restaurante,B,23.8,23.3,-2.1,23.5,1135.0,3,BAL|CHP|LUM,63,55,47,1,1
PDV-01892,Sudeste,ES,Vitória,bar premium,B,23.0,20.2,-12.2,13.7,1234.0,4,CHP|FRZ|KVI|LUM,74,57,47,0,1
PDV-02706,Sul,PR,Maringá,bar premium,C,9.1,6.2,-31.9,10.5,749.0,3,CHP|FRZ,63,40,47,4,1
PDV-02043,Sul,RS,Porto Alegre,bar premium,C,19.3,11.3,-41.5,25.3,666.0,4,CHP|FRZ|MES,51,31,47,3,0
PDV-02285,Sul,PR,Curitiba,bar premium,B,34.5,16.7,-51.6,20.4,1034.0,2,FRZ|KVI|MES,53,40,21,4,0
PDV-03670,Nordeste,PE,Recife,bar premium,A,53.5,56.7,6.0,32.9,2256.0,7,CHP|FRZ|KVI|MES,69,64,47,1,0
PDV-01039,Sudeste,MG,Belo Horizonte,restaurante,B,61.0,49.7,-18.5,8.8,1098.0,4,FRZ|KVI|LUM|MES,71,70,47,2,0
PDV-00776,Sudeste,MG,Uberlândia,gastrobar,C,21.2,13.7,-35.4,24.6,681.0,4,KVI,59,41,24,3,1
PDV-03239,Centro-Oeste,DF,Brasília,bar premium,C,13.1,10.8,-17.6,17.6,815.0,4,BAL|CHP|KVI,52,44,47,1,0
PDV-03615,Nordeste,PE,Olinda,choperia,A,89.9,93.0,3.4,34.1,1971.0,7,BAL|CHP|KVI|MES,47,51,47,0,0
PDV-00501,Sudeste,SP,Ribeirão Preto,bar premium,B,25.2,24.7,-2.0,16.0,1338.0,5,BAL|FRZ|MES,22,16,47,1,0
PDV-02785,Sul,PR,Maringá,rooftop,C,7.8,8.1,3.8,19.8,752.0,4,BAL|FRZ|MES,58,54,47,1,1
PDV-00349,Sudeste,RJ,Petrópolis,bar premium,C,20.2,20.2,0.0,16.1,585.0,3,CHP|LUM|MES,67,57,6,0,0
PDV-02166,Sul,SC,Balneário Camboriú,pub,A,169.1,127.0,-24.9,22.3,2700.0,7,BAL|CHP|KVI|LUM|MES,41,32,47,2,1
PDV-00997,Sudeste,RJ,Rio de Janeiro,restaurante,C,53.1,45.1,-15.1,17.3,730.0,4,MES,51,43,47,0,0
PDV-01016,Sudeste,SP,São Paulo,restaurante,B,35.0,21.7,-38.0,14.7,969.0,4,CHP|LUM,71,54,47,4,0
PDV-00078,Sudeste,MG,Uberlândia,pub,A,73.9,55.4,-25.0,28.4,2271.0,5,BAL|FRZ|KVI|LUM|MES,80,77,47,2,1
PDV-02987,Centro-Oeste,GO,Anápolis,restaurante,C,6.0,5.5,-8.3,8.7,679.0,4,FRZ|KVI|LUM,36,24,47,0,1
PDV-00263,Sudeste,SP,São Paulo,choperia,B,32.3,17.6,-45.5,36.5,1344.0,4,KVI|LUM|MES,36,24,16,3,0
PDV-02081,Sul,SC,Joinville,rooftop,C,12.1,11.7,-3.3,18.0,520.0,3,CHP|FRZ|KVI,58,66,47,1,0
PDV-00199,Sudeste,SP,Santos,gastrobar,B,77.3,59.2,-23.4,23.2,911.0,5,CHP|FRZ|KVI|LUM,49,40,47,0,0
PDV-00586,Sudeste,SP,São Paulo,restaurante,C,14.2,7.6,-46.5,9.8,707.0,4,FRZ|LUM,96,75,47,5,1
PDV-01921,Sudeste,RJ,Rio de Janeiro,gastrobar,C,17.8,16.7,-6.2,15.5,640.0,2,CHP|FRZ,61,50,47,1,1
PDV-03643,Nordeste,CE,Juazeiro do Norte,bar premium,B,18.7,23.5,25.7,33.2,1254.0,5,BAL|FRZ|KVI,49,30,30,0,1
PDV-02310,Sul,RS,Porto Alegre,gastrobar,A,50.2,43.3,-13.7,23.3,2328.0,7,BAL|FRZ|KVI|LUM|MES,59,50,47,0,0
PDV-01907,Sudeste,MG,Uberlândia,bar premium,C,9.3,5.5,-40.9,12.1,560.0,5,LUM,77,67,47,5,0
PDV-02455,Sul,RS,Caxias do Sul,bar premium,A,121.8,112.5,-7.6,18.5,2596.0,5,BAL|CHP|FRZ|KVI|MES,75,69,47,2,0
PDV-03078,Centro-Oeste,DF,Brasília,bar premium,C,18.3,16.4,-10.4,16.9,688.0,4,BAL|LUM|MES,62,56,47,1,0
PDV-02797,Sul,PR,Londrina,pub,A,119.2,96.3,-19.2,31.6,2619.0,4,BAL|FRZ|LUM,48,38,47,2,1
PDV-03710,Nordeste,BA,Salvador,pub,A,76.5,54.8,-28.4,30.4,2658.0,5,CHP|FRZ|LUM,53,35,43,3,0
PDV-01424,Sudeste,SP,Campinas,restaurante,C,13.2,11.0,-16.7,12.6,671.0,4,KVI|LUM,52,46,47,1,0
PDV-01912,Sudeste,RJ,Rio de Janeiro,bar premium,B,21.2,21.3,0.5,21.4,1074.0,4,BAL|FRZ|KVI,61,52,47,0,0
PDV-01880,Sudeste,SP,São José dos Campos,bar premium,B,11.9,9.6,-19.3,16.9,1270.0,6,CHP|KVI,86,78,47,2,0
PDV-01770,Sudeste,SP,Campinas,gastrobar,C,31.0,29.9,-3.5,18.3,589.0,2,BAL,71,67,47,0,1
PDV-01138,Sudeste,SP,Campinas,rooftop,C,20.0,20.1,0.5,22.1,601.0,2,FRZ,63,50,47,1,1
PDV-00928,Sudeste,SP,Campinas,choperia,A,86.4,74.6,-13.7,25.6,2474.0,7,BAL|FRZ|LUM,54,44,47,0,0
PDV-03833,Nordeste,PE,Caruaru,bar premium,C,9.1,10.2,12.1,18.9,633.0,2,FRZ,71,60,24,0,0
PDV-01373,Sudeste,SP,Santos,choperia,B,36.0,29.4,-18.3,32.8,1266.0,4,KVI|MES,74,57,40,2,0
PDV-03582,Nordeste,CE,Juazeiro do Norte,pub,B,31.6,36.9,16.8,32.8,1180.0,4,CHP|MES,79,82,30,1,0
PDV-01771,Sudeste,MG,Juiz de Fora,bar premium,B,26.9,26.5,-1.5,24.2,1129.0,4,BAL|FRZ|KVI,55,48,47,0,0
PDV-02880,Centro-Oeste,MS,Campo Grande,gastrobar,B,33.7,32.3,-4.2,15.2,1568.0,4,BAL|CHP,68,63,18,1,0
PDV-02179,Sul,PR,Londrina,restaurante,B,48.0,34.4,-28.3,17.7,1315.0,3,BAL|FRZ|KVI,43,29,36,5,0
PDV-00549,Sudeste,MG,Belo Horizonte,gastrobar,C,17.4,14.9,-14.4,11.9,666.0,2,CHP|FRZ|LUM,59,49,47,0,0
PDV-01893,Sudeste,SP,Ribeirão Preto,pub,C,6.5,6.0,-7.7,11.0,663.0,4,BAL,59,32,47,2,1
PDV-01786,Sudeste,MG,Juiz de Fora,gastrobar,C,18.3,18.7,2.2,9.9,683.0,3,MES,64,56,7,1,1
PDV-00243,Sudeste,SP,São José dos Campos,gastrobar,A,87.8,76.7,-12.6,28.7,2688.0,7,BAL|CHP|FRZ|KVI|LUM|MES,76,70,47,2,1
PDV-02358,Sul,RS,Porto Alegre,bar premium,C,11.6,11.5,-0.9,14.1,538.0,2,BAL|FRZ,61,51,47,1,0
PDV-00118,Sudeste,SP,Ribeirão Preto,bar premium,A,163.6,129.2,-21.0,25.6,2291.0,6,BAL|CHP|KVI|LUM|MES,79,70,47,2,1
PDV-00212,Sudeste,SP,São José dos Campos,pub,C,30.0,23.0,-23.3,19.8,573.0,4,BAL|LUM,47,31,47,2,0
PDV-00164,Sudeste,SP,Ribeirão Preto,restaurante,A,109.7,62.1,-43.4,27.3,2432.0,6,BAL|CHP|LUM,62,42,47,3,1
PDV-00614,Sudeste,MG,Uberlândia,rooftop,B,18.4,15.5,-15.8,21.6,1068.0,4,BAL|CHP|KVI,85,67,47,2,0
PDV-02573,Sul,PR,Curitiba,bar premium,B,32.4,31.8,-1.9,22.9,1283.0,5,BAL|CHP|KVI|MES,64,60,47,1,0
PDV-02877,Centro-Oeste,MT,Cuiabá,bar premium,C,8.2,7.9,-3.7,6.0,788.0,3,CHP|KVI|LUM,62,38,47,1,1
PDV-02153,Sul,PR,Londrina,bar premium,C,6.7,7.2,7.5,18.8,585.0,2,MES,38,28,47,1,0
PDV-03435,Nordeste,CE,Juazeiro do Norte,rooftop,A,202.6,223.3,10.2,26.6,2527.0,8,BAL|FRZ|LUM|MES,70,63,38,1,1
PDV-03153,Centro-Oeste,GO,Anápolis,bar premium,B,21.2,20.5,-3.3,24.3,1444.0,5,BAL|LUM|MES,65,58,47,2,1
PDV-02027,Sul,SC,Balneário Camboriú,restaurante,B,41.5,40.8,-1.7,30.5,1075.0,1,BAL|FRZ,66,65,47,1,1
PDV-03551,Nordeste,BA,Feira de Santana,pub,C,11.1,12.8,15.3,15.9,677.0,1,FRZ|MES,50,34,12,1,0
PDV-01846,Sudeste,MG,Uberlândia,bar premium,C,12.0,11.2,-6.7,14.9,795.0,3,CHP|FRZ|KVI,58,53,47,1,0
PDV-03817,Nordeste,PE,Recife,bar premium,C,9.2,10.0,8.7,14.9,751.0,1,BAL,59,47,47,1,0
PDV-03374,Centro-Oeste,DF,Brasília,bar premium,B,36.2,30.2,-16.6,24.9,1396.0,4,BAL|FRZ|LUM|MES,62,55,47,0,1
PDV-00820,Sudeste,ES,Vila Velha,bar premium,B,74.6,29.9,-59.9,19.9,1431.0,3,BAL|KVI|LUM|MES,48,36,47,5,0
PDV-00002,Sudeste,RJ,Rio de Janeiro,gastrobar,A,155.6,125.5,-19.3,25.1,2556.0,5,BAL|CHP|FRZ|KVI|LUM,48,35,36,2,0
PDV-00139,Sudeste,RJ,Petrópolis,bar premium,C,14.7,11.4,-22.4,4.1,816.0,3,CHP|KVI,54,50,47,2,1
PDV-01856,Sudeste,SP,Ribeirão Preto,bar premium,A,115.4,52.8,-54.2,29.6,1743.0,4,BAL|CHP|FRZ|LUM,51,47,17,4,1
PDV-00230,Sudeste,SP,Santos,gastrobar,A,100.3,81.0,-19.2,29.0,2482.0,6,BAL|CHP|FRZ|KVI|LUM|MES,71,60,47,2,1
PDV-00213,Sudeste,SP,São José dos Campos,restaurante,B,29.2,19.8,-32.2,18.2,1009.0,3,FRZ|LUM,60,49,47,5,0
PDV-00226,Sudeste,SP,Campinas,bar premium,C,10.7,9.8,-8.4,17.4,796.0,2,CHP,67,57,28,1,0
PDV-02851,Centro-Oeste,MT,Cuiabá,choperia,A,97.5,86.4,-11.4,30.9,2321.0,7,BAL|CHP|MES,64,42,47,0,0
PDV-01209,Sudeste,SP,Ribeirão Preto,bar premium,C,25.1,20.2,-19.5,14.9,637.0,2,BAL|CHP|FRZ,39,29,47,2,0
PDV-03224,Centro-Oeste,GO,Goiânia,bar premium,B,41.4,32.5,-21.5,21.0,1229.0,4,BAL|FRZ|LUM,78,80,47,2,0
PDV-00832,Sudeste,SP,São Paulo,bar premium,B,26.1,27.3,4.6,20.0,1337.0,5,CHP|FRZ|KVI|LUM,53,52,47,1,0
PDV-02529,Sul,SC,Joinville,choperia,B,52.6,26.5,-49.6,24.6,1077.0,2,CHP|FRZ|KVI,71,61,47,4,0
PDV-02660,Sul,PR,Maringá,choperia,C,5.7,6.2,8.8,12.9,682.0,1,LUM,54,53,47,0,1
PDV-02724,Sul,RS,Pelotas,choperia,C,15.9,13.3,-16.4,13.3,659.0,4,BAL|CHP|MES,54,32,40,4,1
PDV-02141,Sul,RS,Caxias do Sul,rooftop,C,8.5,9.0,5.9,15.7,615.0,2,BAL|FRZ,56,37,42,2,1
PDV-03291,Centro-Oeste,DF,Brasília,choperia,B,54.7,47.8,-12.6,17.2,1516.0,5,CHP|FRZ|KVI|MES,61,38,47,0,0
PDV-00686,Sudeste,SP,São Paulo,bar premium,C,3.9,3.6,-7.7,28.0,661.0,3,CHP|FRZ|LUM,67,58,47,1,1
PDV-02869,Centro-Oeste,GO,Goiânia,bar premium,A,104.4,89.7,-14.1,34.3,2554.0,5,CHP|KVI|LUM,60,60,47,1,0
PDV-00337,Sudeste,SP,São Paulo,bar premium,B,47.3,24.1,-49.0,26.6,1532.0,2,BAL|CHP|MES,62,55,31,3,0
PDV-01935,Sudeste,RJ,Niterói,bar premium,B,15.3,15.2,-0.7,23.3,1152.0,6,BAL|MES,73,62,47,0,1
PDV-00389,Sudeste,SP,Ribeirão Preto,bar premium,B,63.5,46.5,-26.8,26.6,1416.0,4,KVI|MES,62,56,47,2,0
PDV-02232,Sul,RS,Pelotas,choperia,A,90.0,89.0,-1.1,34.4,2364.0,7,BAL|KVI|LUM|MES,59,47,47,1,1
PDV-02821,Sul,SC,Joinville,gastrobar,A,94.7,70.4,-25.7,29.2,2194.0,8,CHP|FRZ|KVI|LUM,74,46,47,4,1
PDV-00313,Sudeste,MG,Uberlândia,bar premium,B,10.5,9.4,-10.5,14.7,975.0,4,BAL|CHP|MES,52,35,47,1,0
PDV-01712,Sudeste,RJ,Petrópolis,gastrobar,A,110.9,86.9,-21.6,31.0,2914.0,4,CHP|FRZ|KVI,53,55,47,2,1
PDV-03136,Centro-Oeste,GO,Goiânia,bar premium,B,42.3,39.7,-6.1,23.3,1296.0,5,BAL|FRZ|KVI|LUM,83,73,47,0,1
PDV-02344,Sul,PR,Curitiba,bar premium,C,17.8,20.2,13.5,14.6,588.0,1,CHP|FRZ|MES,66,57,16,0,0
PDV-03775,Nordeste,CE,Fortaleza,restaurante,A,100.2,111.0,10.8,34.9,2315.0,6,BAL|CHP|FRZ|KVI|LUM|MES,73,72,41,0,1
PDV-00676,Sudeste,MG,Juiz de Fora,bar premium,C,10.0,9.4,-6.0,10.5,684.0,2,BAL|FRZ,52,34,47,1,0
PDV-01457,Sudeste,SP,Ribeirão Preto,bar premium,A,219.4,175.6,-20.0,32.8,2351.0,5,BAL|CHP|FRZ|MES,82,69,21,1,0
PDV-00537,Sudeste,SP,Santos,pub,A,92.1,76.6,-16.8,26.1,2468.0,9,CHP|FRZ|KVI|LUM|MES,64,39,47,2,0
PDV-00096,Sudeste,SP,Campinas,pub,A,110.0,52.1,-52.6,28.4,1695.0,4,BAL|CHP|FRZ|KVI|LUM,60,50,47,4,1
PDV-00494,Sudeste,MG,Uberlândia,gastrobar,B,28.9,13.6,-52.9,24.6,1239.0,2,BAL|CHP|FRZ|LUM,79,73,47,4,0
PDV-00799,Sudeste,RJ,Rio de Janeiro,choperia,A,58.5,50.3,-14.0,26.7,2671.0,5,BAL|CHP|FRZ|MES,64,50,47,1,1
PDV-01464,Sudeste,ES,Vila Velha,restaurante,C,23.1,11.5,-50.2,17.1,614.0,6,LUM,82,71,41,4,0
PDV-01344,Sudeste,MG,Uberlândia,restaurante,C,9.3,8.6,-7.5,16.9,824.0,2,BAL|CHP|LUM,67,65,47,0,0
PDV-03245,Centro-Oeste,MT,Cuiabá,rooftop,B,33.8,27.3,-19.2,13.6,1279.0,4,FRZ|MES,67,54,47,2,0
PDV-02806,Sul,PR,Curitiba,pub,B,42.9,43.4,1.2,23.3,1182.0,6,CHP|FRZ,58,49,47,0,0
PDV-02610,Sul,SC,Balneário Camboriú,gastrobar,B,31.4,27.9,-11.1,25.0,1218.0,4,BAL|KVI|LUM,55,46,47,2,0
PDV-03033,Centro-Oeste,DF,Brasília,rooftop,B,44.3,22.3,-49.7,28.6,1181.0,3,BAL|CHP|KVI,40,20,47,4,0
PDV-01533,Sudeste,SP,São José dos Campos,choperia,B,29.8,28.4,-4.7,21.1,1239.0,5,CHP|LUM,79,63,16,2,1
PDV-00113,Sudeste,MG,Juiz de Fora,restaurante,A,157.9,145.2,-8.0,39.7,2176.0,9,CHP|FRZ|LUM|MES,54,44,47,0,1
PDV-01465,Sudeste,SP,Campinas,bar premium,C,8.6,7.0,-18.6,10.8,570.0,3,FRZ,63,55,47,3,0
PDV-02745,Sul,RS,Caxias do Sul,gastrobar,C,19.8,13.7,-30.8,14.7,607.0,5,FRZ|LUM,70,67,42,3,0
PDV-03459,Nordeste,BA,Salvador,restaurante,C,9.5,11.0,15.8,17.2,827.0,2,CHP|KVI|LUM,67,56,47,0,0
PDV-00516,Sudeste,ES,Vila Velha,bar premium,A,68.3,67.9,-0.6,34.5,2007.0,7,BAL|CHP|FRZ|KVI|LUM|MES,69,78,26,1,1
PDV-00352,Sudeste,MG,Uberlândia,bar premium,B,21.1,18.2,-13.7,24.0,1071.0,2,CHP|KVI|LUM,47,47,47,1,1
PDV-01258,Sudeste,MG,Uberlândia,gastrobar,B,24.3,17.2,-29.2,24.5,1064.0,3,BAL|CHP|KVI|LUM,74,75,47,2,0
PDV-01622,Sudeste,SP,Campinas,bar premium,A,74.4,43.4,-41.7,40.9,2855.0,5,BAL|CHP|FRZ|KVI|LUM,55,36,47,3,0
PDV-03301,Centro-Oeste,MT,Cuiabá,bar premium,A,151.5,55.6,-63.3,24.6,2790.0,4,CHP|FRZ|KVI,55,26,27,4,0
PDV-03221,Centro-Oeste,DF,Brasília,restaurante,C,14.8,12.7,-14.2,16.7,696.0,3,FRZ,58,51,11,2,1
PDV-00510,Sudeste,SP,Santos,pub,B,21.5,18.7,-13.0,18.5,1184.0,5,BAL|CHP|KVI|MES,60,47,47,1,0
PDV-02913,Centro-Oeste,DF,Brasília,pub,A,93.2,67.9,-27.1,14.8,2451.0,6,BAL|CHP|FRZ|KVI|LUM|MES,51,45,32,2,1
PDV-03525,Nordeste,PE,Olinda,rooftop,B,45.3,54.6,20.5,19.9,1426.0,4,CHP|KVI|MES,27,14,47,0,0
PDV-00630,Sudeste,SP,Santos,bar premium,A,179.1,139.0,-22.4,26.3,2311.0,6,BAL|FRZ|KVI|LUM|MES,60,51,42,2,0
PDV-01170,Sudeste,SP,São Paulo,rooftop,B,27.4,27.4,0.0,25.0,1186.0,6,BAL|KVI|LUM|MES,31,35,34,1,1
PDV-00858,Sudeste,SP,Campinas,restaurante,A,62.4,34.3,-45.0,21.1,2210.0,5,CHP|LUM|MES,54,29,47,5,1
PDV-03716,Nordeste,RN,Natal,bar premium,B,20.6,22.5,9.2,17.2,1467.0,3,CHP|FRZ,50,46,47,0,0
PDV-03711,Nordeste,PE,Recife,bar premium,B,20.9,22.4,7.2,30.7,1003.0,6,BAL|FRZ|KVI,66,50,47,1,0
PDV-02811,Sul,SC,Joinville,choperia,C,12.2,12.4,1.6,5.3,637.0,2,BAL|CHP|KVI,60,53,47,0,0
PDV-03509,Nordeste,BA,Feira de Santana,gastrobar,B,24.9,26.2,5.2,17.9,1054.0,4,BAL|LUM,70,65,47,0,0
PDV-02517,Sul,PR,Curitiba,restaurante,A,159.9,177.7,11.1,25.0,2217.0,7,BAL|CHP|FRZ|KVI|LUM|MES,86,81,47,0,0
PDV-00791,Sudeste,SP,Ribeirão Preto,restaurante,B,25.6,18.1,-29.3,23.1,1256.0,3,FRZ|KVI|LUM|MES,83,70,47,3,0
PDV-01690,Sudeste,SP,Campinas,restaurante,B,69.6,64.2,-7.8,21.1,1248.0,4,BAL|FRZ|KVI|LUM,58,54,47,1,0
PDV-00764,Sudeste,SP,Campinas,bar premium,A,79.2,66.1,-16.5,34.0,2230.0,8,BAL|CHP|FRZ|KVI|LUM|MES,76,63,47,2,0
PDV-03186,Centro-Oeste,DF,Brasília,restaurante,B,37.1,29.5,-20.5,17.3,1116.0,3,BAL|FRZ|KVI|MES,69,53,47,2,0
PDV-00786,Sudeste,SP,São José dos Campos,bar premium,A,94.0,83.0,-11.7,31.6,2373.0,8,BAL|CHP|LUM,60,56,16,2,1
PDV-02312,Sul,PR,Maringá,restaurante,A,109.5,71.0,-35.2,32.2,2700.0,5,CHP|FRZ|LUM|MES,62,46,47,4,1
PDV-00409,Sudeste,MG,Belo Horizonte,gastrobar,A,253.9,210.1,-17.3,34.1,2858.0,8,BAL|CHP|FRZ|KVI|LUM|MES,67,54,47,1,1
PDV-01584,Sudeste,SP,Campinas,bar premium,B,34.7,33.8,-2.6,19.8,953.0,4,BAL|CHP|KVI|LUM,73,56,47,0,1
PDV-01793,Sudeste,MG,Belo Horizonte,bar premium,B,39.6,17.1,-56.8,23.6,1191.0,3,FRZ|LUM|MES,70,68,47,5,1
PDV-02218,Sul,SC,Florianópolis,bar premium,B,13.4,14.6,9.0,20.1,1261.0,5,CHP|KVI|MES,58,43,47,0,0
PDV-03282,Centro-Oeste,DF,Brasília,bar premium,A,156.1,131.1,-16.0,36.4,2597.0,6,BAL|FRZ|KVI|LUM,72,58,47,2,0
PDV-00976,Sudeste,RJ,Rio de Janeiro,bar premium,C,12.4,10.3,-16.9,11.9,770.0,4,LUM,44,38,13,1,0
PDV-01064,Sudeste,RJ,Niterói,gastrobar,C,9.7,8.5,-12.4,8.2,744.0,3,CHP|FRZ,52,41,47,1,0
PDV-01901,Sudeste,SP,São Paulo,bar premium,A,146.7,127.4,-13.2,34.0,1884.0,7,BAL|CHP|FRZ,56,47,10,0,1
PDV-01310,Sudeste,SP,Santos,choperia,B,64.2,57.8,-10.0,33.9,1250.0,4,CHP|FRZ|KVI|MES,56,33,47,1,0
PDV-01088,Sudeste,RJ,Rio de Janeiro,gastrobar,C,10.9,10.0,-8.3,14.0,648.0,2,BAL|FRZ|KVI,47,40,31,0,0
PDV-02616,Sul,RS,Caxias do Sul,bar premium,A,115.3,99.1,-14.1,23.7,2658.0,5,CHP|KVI|MES,58,50,47,2,0
PDV-02258,Sul,PR,Curitiba,gastrobar,C,11.8,12.0,1.7,17.4,729.0,2,LUM,60,48,47,0,0
PDV-02704,Sul,SC,Florianópolis,pub,B,16.0,18.2,13.7,20.2,1151.0,5,FRZ|LUM|MES,69,67,47,0,0
PDV-00996,Sudeste,RJ,Niterói,gastrobar,B,22.8,21.9,-3.9,22.7,1267.0,4,CHP|KVI,69,68,47,1,1
PDV-00910,Sudeste,SP,Santos,restaurante,C,5.5,2.7,-50.9,10.7,780.0,4,FRZ|MES,53,40,33,4,0
PDV-01640,Sudeste,SP,Campinas,gastrobar,C,18.0,17.1,-5.0,21.3,676.0,4,BAL|KVI,72,64,47,1,0
PDV-02436,Sul,RS,Caxias do Sul,pub,C,10.3,9.4,-8.7,18.3,637.0,2,CHP|LUM,61,58,13,1,0
PDV-03759,Nordeste,PE,Olinda,bar premium,A,86.4,95.7,10.8,23.2,2614.0,7,BAL|FRZ|KVI|LUM|MES,57,48,13,0,1
PDV-00463,Sudeste,SP,Ribeirão Preto,rooftop,C,16.6,13.6,-18.1,17.1,601.0,3,BAL|FRZ,56,56,47,1,0
PDV-00775,Sudeste,RJ,Niterói,pub,A,151.1,133.3,-11.8,20.4,2260.0,6,CHP|FRZ|KVI,83,72,47,1,1
PDV-01759,Sudeste,MG,Belo Horizonte,pub,A,144.1,119.8,-16.9,40.2,2343.0,5,BAL|KVI|LUM,73,70,47,0,1
PDV-01684,Sudeste,RJ,Petrópolis,choperia,C,12.7,10.1,-20.5,13.8,771.0,3,FRZ,65,43,44,2,0
PDV-00788,Sudeste,SP,Santos,bar premium,B,72.5,64.8,-10.6,19.4,1294.0,3,CHP|FRZ|LUM|MES,51,29,47,1,1
PDV-03310,Centro-Oeste,MS,Campo Grande,restaurante,B,24.3,24.8,2.1,23.3,1342.0,4,BAL|CHP|KVI,64,51,47,1,1
PDV-00323,Sudeste,SP,Santos,pub,C,12.8,12.5,-2.3,35.4,742.0,3,CHP|KVI,71,59,47,2,1
PDV-01415,Sudeste,RJ,Rio de Janeiro,bar premium,C,13.9,12.5,-10.1,20.2,741.0,4,KVI|LUM|MES,59,45,47,1,1
PDV-01526,Sudeste,ES,Vila Velha,bar premium,A,158.5,89.0,-43.8,31.3,2366.0,4,BAL|CHP|FRZ|KVI|LUM|MES,69,56,47,5,1
PDV-01922,Sudeste,SP,Santos,restaurante,B,23.4,19.2,-17.9,19.5,1512.0,4,BAL|CHP|FRZ|LUM,63,49,47,1,0
PDV-01906,Sudeste,MG,Uberlândia,pub,B,30.1,17.8,-40.9,18.8,1300.0,3,BAL|KVI,51,45,47,3,0
PDV-02249,Sul,SC,Balneário Camboriú,gastrobar,B,35.0,35.0,0.0,14.6,1252.0,4,CHP|LUM,87,77,29,1,1
PDV-01433,Sudeste,SP,São Paulo,restaurante,C,15.0,11.5,-23.3,23.3,695.0,1,BAL,54,46,47,3,0
PDV-02034,Sul,RS,Caxias do Sul,bar premium,C,9.1,6.6,-27.5,14.0,770.0,3,LUM|MES,68,56,43,3,1
PDV-02189,Sul,PR,Londrina,restaurante,C,7.8,7.3,-6.4,13.0,647.0,2,BAL|FRZ,64,63,47,0,1
PDV-00813,Sudeste,SP,São José dos Campos,bar premium,B,26.6,24.6,-7.5,20.8,1195.0,4,CHP|LUM,48,46,47,0,0
PDV-01400,Sudeste,SP,Santos,restaurante,B,24.8,13.4,-46.0,16.4,1507.0,5,BAL|CHP,43,41,47,5,1
PDV-00675,Sudeste,ES,Vitória,bar premium,C,14.9,13.2,-11.4,20.1,574.0,4,BAL|FRZ,41,31,11,0,0
PDV-03339,Centro-Oeste,MS,Campo Grande,pub,B,33.3,29.8,-10.5,18.4,1146.0,4,CHP|FRZ|KVI|LUM,71,56,47,1,0
PDV-01777,Sudeste,SP,São José dos Campos,bar premium,A,138.2,126.5,-8.5,37.7,2142.0,5,BAL|FRZ|KVI,59,47,47,1,1
PDV-02600,Sul,PR,Maringá,restaurante,C,7.3,6.3,-13.7,14.6,744.0,4,CHP|MES,60,56,47,2,1
PDV-03073,Centro-Oeste,MS,Campo Grande,rooftop,B,64.1,54.7,-14.7,26.6,1151.0,5,CHP|KVI|LUM,79,79,47,1,0
PDV-02004,Sul,SC,Balneário Camboriú,bar premium,A,125.5,82.0,-34.7,27.9,2436.0,6,BAL|CHP|FRZ|KVI|LUM|MES,43,7,47,3,1
PDV-02883,Centro-Oeste,DF,Brasília,gastrobar,B,37.8,35.4,-6.3,33.5,996.0,5,BAL|KVI|MES,69,46,46,1,0
PDV-03799,Nordeste,CE,Fortaleza,restaurante,A,53.7,44.0,-18.1,34.4,2582.0,5,BAL|CHP|FRZ|KVI|LUM|MES,69,60,47,2,1
PDV-01485,Sudeste,RJ,Rio de Janeiro,pub,C,20.7,19.8,-4.3,10.4,795.0,3,KVI,47,32,47,0,1
PDV-03319,Centro-Oeste,DF,Brasília,choperia,A,81.0,44.1,-45.6,34.1,2253.0,5,BAL|CHP|FRZ|KVI|LUM|MES,72,57,31,3,0
PDV-02396,Sul,PR,Maringá,gastrobar,A,118.1,73.8,-37.5,29.4,2704.0,5,BAL|CHP|FRZ|KVI|LUM|MES,69,52,47,3,1
PDV-00179,Sudeste,MG,Juiz de Fora,bar premium,A,75.6,28.9,-61.8,9.7,2005.0,5,FRZ|KVI|LUM|MES,60,61,47,5,0
PDV-01473,Sudeste,MG,Belo Horizonte,choperia,A,65.7,57.7,-12.2,21.9,2383.0,4,BAL|CHP|KVI|LUM|MES,50,40,9,1,1
PDV-02694,Sul,PR,Londrina,bar premium,A,108.9,65.8,-39.6,33.7,2700.0,6,CHP|FRZ|LUM,51,25,47,3,0
PDV-01244,Sudeste,SP,Campinas,rooftop,C,15.9,13.6,-14.5,23.4,734.0,3,BAL|LUM|MES,63,53,47,1,0
PDV-02353,Sul,PR,Maringá,pub,C,18.1,19.0,5.0,16.0,700.0,1,BAL|KVI|LUM,71,62,47,0,0
PDV-01318,Sudeste,SP,Santos,restaurante,B,48.3,42.4,-12.2,37.3,1228.0,6,CHP|LUM,46,36,47,2,0
PDV-00006,Sudeste,SP,São Paulo,restaurante,A,38.6,31.8,-17.6,28.3,2381.0,7,BAL|CHP|FRZ|KVI|LUM|MES,71,63,47,2,0
PDV-01461,Sudeste,RJ,Petrópolis,restaurante,A,159.9,132.3,-17.3,37.9,2865.0,6,BAL|FRZ|KVI|MES,38,28,47,1,1
PDV-01735,Sudeste,SP,São Paulo,restaurante,C,6.3,5.5,-12.7,13.1,662.0,3,CHP|KVI,87,67,47,1,0
PDV-03307,Centro-Oeste,MT,Cuiabá,gastrobar,B,24.9,24.9,0.0,12.8,1158.0,3,BAL|CHP|KVI|LUM,54,58,46,0,1
PDV-01674,Sudeste,SP,Santos,bar premium,B,39.5,19.3,-51.1,23.6,1406.0,3,BAL|CHP|FRZ|MES,70,46,47,5,0
PDV-03419,Nordeste,PE,Recife,gastrobar,C,7.4,9.8,32.4,7.9,728.0,2,LUM,74,71,47,1,0
PDV-01641,Sudeste,SP,São José dos Campos,bar premium,A,168.3,153.2,-9.0,28.6,2750.0,5,BAL|CHP|FRZ,82,81,47,1,1
PDV-01080,Sudeste,SP,Santos,pub,B,31.8,16.0,-49.7,19.0,1200.0,4,BAL|FRZ|KVI|LUM,34,29,46,3,0
PDV-00681,Sudeste,MG,Juiz de Fora,gastrobar,A,49.7,29.5,-40.6,26.0,2995.0,5,BAL|CHP|FRZ|KVI|LUM|MES,60,46,30,2,0
PDV-02770,Sul,PR,Maringá,restaurante,B,53.4,54.3,1.7,25.3,1382.0,4,BAL|CHP|FRZ|MES,68,58,47,0,0
PDV-00178,Sudeste,RJ,Petrópolis,restaurante,C,13.5,7.0,-48.1,26.0,754.0,5,BAL|CHP|MES,47,25,41,4,0
PDV-00406,Sudeste,SP,Ribeirão Preto,bar premium,C,25.2,18.0,-28.6,12.9,599.0,3,BAL|FRZ|LUM,56,53,47,2,1
PDV-02440,Sul,PR,Curitiba,restaurante,A,157.8,77.8,-50.7,25.3,1961.0,5,FRZ|KVI|LUM|MES,39,14,47,4,0
PDV-00795,Sudeste,SP,Ribeirão Preto,bar premium,B,37.8,38.8,2.6,12.1,1243.0,5,BAL|LUM,66,74,39,1,0
PDV-02926,Centro-Oeste,DF,Brasília,bar premium,B,18.7,15.2,-18.7,29.3,1365.0,3,KVI|LUM|MES,74,70,47,2,0
PDV-01145,Sudeste,SP,Campinas,gastrobar,A,69.7,46.0,-34.0,36.3,1965.0,6,BAL|CHP|FRZ|KVI|LUM|MES,50,31,47,3,1
PDV-01383,Sudeste,SP,Campinas,rooftop,A,155.3,75.0,-51.7,33.3,2561.0,6,BAL|CHP|FRZ|KVI|LUM|MES,72,54,47,4,1
PDV-02000,Sudeste,SP,Campinas,restaurante,A,109.8,61.9,-43.6,27.1,2491.0,5,BAL|CHP|FRZ|MES,63,44,40,3,0
PDV-03100,Centro-Oeste,GO,Goiânia,gastrobar,B,36.9,36.4,-1.4,25.9,1448.0,4,CHP|FRZ|LUM|MES,50,52,47,0,0
PDV-02834,Sul,RS,Pelotas,bar premium,C,19.1,13.2,-30.9,14.5,664.0,6,FRZ,65,62,47,3,0
PDV-00101,Sudeste,RJ,Rio de Janeiro,bar premium,A,220.5,150.5,-31.7,39.3,2530.0,6,BAL|CHP|FRZ|KVI|LUM|MES,65,51,47,3,0
PDV-03427,Nordeste,BA,Feira de Santana,gastrobar,C,10.1,11.6,14.9,14.8,643.0,4,FRZ,54,51,47,0,0
PDV-00585,Sudeste,SP,Ribeirão Preto,choperia,A,79.1,68.2,-13.8,32.9,3033.0,5,BAL|LUM|MES,65,62,47,1,0
PDV-02190,Sul,PR,Londrina,pub,A,157.8,133.1,-15.7,26.0,1955.0,6,BAL|CHP|FRZ|KVI|LUM|MES,59,42,47,3,0
PDV-01333,Sudeste,SP,Ribeirão Preto,gastrobar,C,15.5,13.3,-14.2,23.0,741.0,5,CHP,63,65,47,0,0
PDV-02957,Centro-Oeste,DF,Brasília,bar premium,C,13.1,10.1,-22.9,21.9,665.0,5,BAL|FRZ|LUM,81,79,47,2,0
PDV-00031,Sudeste,MG,Belo Horizonte,gastrobar,B,34.8,24.7,-29.0,25.7,1487.0,4,BAL|FRZ|LUM|MES,79,75,47,4,1
PDV-02327,Sul,RS,Pelotas,rooftop,B,40.3,42.3,5.0,20.5,1312.0,5,BAL|KVI|LUM,52,36,28,0,0
PDV-01200,Sudeste,SP,Campinas,bar premium,C,29.1,26.5,-8.9,23.9,621.0,3,MES,90,91,32,1,0
PDV-03270,Centro-Oeste,DF,Brasília,bar premium,C,11.0,11.7,6.4,13.4,624.0,1,FRZ|LUM,71,62,39,0,0
PDV-03755,Nordeste,BA,Salvador,bar premium,B,36.8,38.5,4.6,21.7,1365.0,4,BAL|CHP|MES,62,53,47,0,0
PDV-03390,Centro-Oeste,GO,Anápolis,gastrobar,A,58.3,35.7,-38.8,36.8,2522.0,5,CHP|FRZ|KVI|LUM,65,50,47,3,0
PDV-00806,Sudeste,SP,Ribeirão Preto,rooftop,C,10.1,8.8,-12.9,21.0,749.0,4,BAL|LUM,39,23,47,2,0
PDV-01726,Sudeste,MG,Uberlândia,bar premium,B,34.1,31.6,-7.3,18.2,1055.0,5,CHP|FRZ|KVI,76,56,36,1,1
PDV-00320,Sudeste,MG,Belo Horizonte,bar premium,A,131.9,77.5,-41.2,35.6,2440.0,6,BAL|CHP|FRZ|KVI|MES,53,37,35,3,1
PDV-02814,Sul,RS,Porto Alegre,restaurante,A,83.4,72.7,-12.8,34.7,2986.0,5,BAL|CHP|FRZ|KVI|LUM|MES,54,41,40,2,0
PDV-01956,Sudeste,SP,Campinas,restaurante,A,134.5,122.7,-8.8,20.8,2239.0,7,BAL|CHP|KVI|LUM,70,68,47,1,0
PDV-00353,Sudeste,SP,Campinas,gastrobar,B,27.6,16.2,-41.3,24.4,849.0,2,BAL|CHP|MES,43,27,41,4,0
PDV-01163,Sudeste,SP,Santos,choperia,B,37.8,36.8,-2.6,11.9,1369.0,5,BAL|LUM,56,48,47,1,0
PDV-02028,Sul,RS,Porto Alegre,rooftop,B,37.6,38.2,1.6,14.6,1157.0,4,BAL|CHP|KVI|LUM,52,56,47,1,0
PDV-00834,Sudeste,SP,Ribeirão Preto,choperia,B,19.6,19.3,-1.5,19.4,1254.0,5,FRZ|KVI|MES,58,46,47,1,0
PDV-00978,Sudeste,SP,Ribeirão Preto,choperia,C,18.8,19.2,2.1,9.5,841.0,3,KVI,59,54,39,0,1
PDV-02833,Sul,PR,Maringá,bar premium,C,13.6,9.3,-31.6,22.8,789.0,4,FRZ|MES,51,37,47,4,0
PDV-00169,Sudeste,RJ,Rio de Janeiro,gastrobar,B,40.4,35.8,-11.4,30.4,1331.0,3,BAL|CHP|FRZ|MES,50,44,47,1,0
PDV-00567,Sudeste,RJ,Petrópolis,bar premium,B,21.1,8.6,-59.2,30.3,1150.0,3,CHP|FRZ|KVI|LUM,69,63,47,5,0
PDV-02071,Sul,RS,Pelotas,pub,B,22.5,21.8,-3.1,25.7,1256.0,5,KVI|LUM,72,62,47,2,0
PDV-00557,Sudeste,SP,Santos,choperia,C,19.7,21.1,7.1,13.9,707.0,4,CHP|FRZ|KVI,57,38,8,0,0
PDV-01966,Sudeste,RJ,Rio de Janeiro,bar premium,C,14.3,12.7,-11.2,8.2,757.0,3,FRZ|LUM,65,64,47,1,0
PDV-00644,Sudeste,MG,Uberlândia,gastrobar,A,111.1,96.3,-13.3,27.3,2054.0,7,CHP|FRZ|KVI|MES,72,49,47,0,0
PDV-03090,Centro-Oeste,GO,Anápolis,choperia,B,53.0,49.6,-6.4,26.7,1209.0,4,BAL|CHP|LUM|MES,75,65,47,1,0
PDV-02404,Sul,PR,Curitiba,restaurante,A,124.2,129.7,4.4,33.8,2398.0,7,BAL|FRZ|LUM|MES,81,56,26,0,0
PDV-02415,Sul,PR,Curitiba,bar premium,C,12.2,12.3,0.8,20.2,690.0,4,LUM,35,18,22,0,0
PDV-02151,Sul,RS,Porto Alegre,bar premium,A,195.7,167.2,-14.6,38.3,2535.0,8,BAL|FRZ|KVI|LUM|MES,67,57,31,2,1
PDV-03099,Centro-Oeste,GO,Goiânia,pub,A,73.1,39.8,-45.6,36.6,2747.0,4,BAL|FRZ|KVI|LUM|MES,70,63,15,4,1
PDV-03266,Centro-Oeste,GO,Goiânia,rooftop,A,97.7,91.1,-6.8,24.7,2479.0,7,FRZ|LUM|MES,54,42,47,1,0
PDV-01610,Sudeste,ES,Vila Velha,choperia,C,11.1,10.9,-1.8,10.1,592.0,5,LUM,47,43,47,0,1
PDV-01552,Sudeste,RJ,Rio de Janeiro,bar premium,C,22.8,23.8,4.4,12.5,591.0,3,CHP,47,31,32,0,1
PDV-03200,Centro-Oeste,DF,Brasília,bar premium,C,10.3,10.2,-1.0,13.9,761.0,5,KVI|LUM,61,38,46,2,1
PDV-02199,Sul,PR,Maringá,bar premium,A,68.8,38.7,-43.7,38.2,2176.0,6,BAL|FRZ|KVI|LUM,72,57,17,3,1
PDV-03068,Centro-Oeste,GO,Anápolis,restaurante,C,25.9,22.5,-13.1,21.7,618.0,2,KVI,59,48,47,0,0
PDV-03828,Nordeste,PE,Caruaru,gastrobar,C,12.3,13.7,11.4,8.8,729.0,3,BAL|CHP|LUM,36,23,28,0,1
PDV-00491,Sudeste,SP,Campinas,bar premium,B,34.2,16.9,-50.6,26.5,1288.0,3,KVI|MES,60,39,44,4,0
PDV-02417,Sul,SC,Balneário Camboriú,gastrobar,A,48.7,47.0,-3.5,33.1,1724.0,7,CHP|FRZ|KVI|LUM|MES,57,54,47,0,1
PDV-03624,Nordeste,BA,Feira de Santana,pub,A,75.4,62.9,-16.6,34.4,2289.0,6,BAL|CHP|FRZ|KVI|LUM|MES,71,50,47,2,0
PDV-01052,Sudeste,SP,Ribeirão Preto,pub,B,53.2,49.6,-6.8,21.9,1190.0,2,BAL|CHP|FRZ,67,60,47,0,0
PDV-03028,Centro-Oeste,GO,Goiânia,bar premium,A,125.7,74.5,-40.7,15.2,2848.0,6,BAL|KVI|LUM|MES,52,32,47,4,0
PDV-01842,Sudeste,SP,Campinas,bar premium,A,173.1,131.7,-23.9,27.4,2199.0,6,CHP|FRZ|LUM,82,75,47,0,0
PDV-02134,Sul,RS,Caxias do Sul,bar premium,C,6.3,6.0,-4.8,10.5,657.0,4,CHP|KVI,71,61,47,0,0
PDV-01293,Sudeste,MG,Juiz de Fora,restaurante,A,51.7,34.9,-32.5,33.3,2648.0,5,BAL|CHP|FRZ|KVI|LUM|MES,76,61,17,2,1
PDV-00146,Sudeste,SP,Santos,bar premium,A,117.9,66.8,-43.3,24.5,2225.0,6,BAL|CHP|KVI|LUM|MES,62,46,47,4,0
PDV-03148,Centro-Oeste,DF,Brasília,pub,B,32.5,29.6,-8.9,13.2,1029.0,4,BAL|LUM,48,47,47,0,0
PDV-00253,Sudeste,SP,São José dos Campos,bar premium,C,9.3,8.8,-5.4,23.2,745.0,2,BAL|CHP|KVI,57,44,7,0,1
PDV-03637,Nordeste,CE,Fortaleza,bar premium,C,13.0,14.0,7.7,17.4,721.0,4,BAL,58,53,47,0,0
PDV-01206,Sudeste,ES,Vitória,choperia,C,14.5,13.8,-4.8,25.5,909.0,4,BAL|CHP|MES,56,59,47,0,0
PDV-02550,Sul,SC,Joinville,bar premium,A,108.6,79.5,-26.8,30.8,2033.0,6,BAL|FRZ|MES,52,35,47,3,1
PDV-02990,Centro-Oeste,MS,Campo Grande,bar premium,A,103.6,93.6,-9.7,32.9,2290.0,7,BAL|CHP|KVI|LUM|MES,62,60,42,2,1
PDV-03060,Centro-Oeste,GO,Anápolis,rooftop,C,14.2,13.0,-8.5,23.5,612.0,4,KVI|LUM|MES,64,61,47,0,0
PDV-02268,Sul,PR,Curitiba,choperia,A,42.9,43.8,2.1,27.9,2525.0,7,FRZ|KVI|LUM|MES,76,73,47,0,1
PDV-00916,Sudeste,RJ,Niterói,pub,B,27.1,22.8,-15.9,17.3,1166.0,4,CHP|MES,58,39,47,1,0
PDV-00280,Sudeste,MG,Juiz de Fora,gastrobar,C,8.1,8.3,2.5,17.5,755.0,4,BAL|FRZ,55,40,47,0,1
PDV-00382,Sudeste,SP,Santos,rooftop,B,49.8,51.5,3.4,18.2,1298.0,4,CHP|KVI|LUM|MES,78,78,47,0,0
PDV-03800,Nordeste,PE,Olinda,gastrobar,A,32.0,20.4,-36.3,33.4,2158.0,6,BAL|CHP|FRZ|KVI|LUM|MES,77,69,47,5,0
PDV-00794,Sudeste,SP,Santos,pub,B,44.7,43.2,-3.4,29.2,1483.0,4,BAL|CHP|FRZ,78,78,37,0,1
PDV-01590,Sudeste,SP,Campinas,bar premium,B,48.8,45.6,-6.6,30.9,1260.0,3,BAL|LUM|MES,95,82,47,2,0
PDV-00050,Sudeste,MG,Belo Horizonte,gastrobar,C,22.7,20.9,-7.9,11.0,766.0,2,CHP|KVI|LUM,63,60,47,1,0
PDV-03628,Nordeste,PE,Olinda,bar premium,B,39.6,44.6,12.6,14.6,937.0,5,CHP|FRZ,68,72,47,0,0
PDV-01106,Sudeste,SP,Campinas,choperia,C,11.7,12.4,6.0,12.6,870.0,3,CHP|LUM|MES,50,36,28,0,1
PDV-00307,Sudeste,RJ,Niterói,restaurante,C,16.7,15.6,-6.6,13.9,572.0,3,MES,65,55,47,0,1
PDV-00140,Sudeste,SP,São Paulo,gastrobar,C,15.4,9.2,-40.3,10.4,567.0,4,LUM,70,58,47,4,0
PDV-01020,Sudeste,SP,Santos,bar premium,C,14.4,12.0,-16.7,17.9,914.0,3,BAL|KVI|LUM,60,48,47,1,0
PDV-00380,Sudeste,MG,Uberlândia,pub,B,49.3,26.5,-46.2,23.4,1348.0,5,BAL|FRZ|KVI|MES,67,47,45,5,0
PDV-02719,Sul,PR,Curitiba,gastrobar,C,12.5,12.8,2.4,7.4,728.0,3,BAL|KVI|LUM,66,59,47,0,1
PDV-02409,Sul,SC,Balneário Camboriú,bar premium,C,20.7,20.3,-1.9,22.1,705.0,4,KVI,66,55,47,1,0
PDV-00344,Sudeste,MG,Juiz de Fora,gastrobar,C,5.1,4.8,-5.9,19.3,759.0,2,BAL|LUM,68,59,29,1,0
PDV-00367,Sudeste,SP,Campinas,restaurante,C,4.5,4.5,0.0,20.8,697.0,2,FRZ|LUM,53,30,47,0,0
PDV-00222,Sudeste,ES,Vila Velha,choperia,B,36.9,35.3,-4.3,20.5,1411.0,4,CHP|FRZ|KVI|MES,66,61,47,1,0
PDV-00999,Sudeste,SP,Campinas,bar premium,B,46.5,29.7,-36.1,28.4,1147.0,3,BAL|CHP|LUM|MES,72,59,47,4,1
PDV-01575,Sudeste,ES,Vitória,pub,B,80.6,71.7,-11.0,19.3,1280.0,5,CHP|KVI,75,59,47,2,0
PDV-00051,Sudeste,MG,Juiz de Fora,restaurante,C,17.2,14.9,-13.4,13.3,654.0,3,CHP|LUM,58,35,47,2,1
PDV-03735,Nordeste,BA,Feira de Santana,gastrobar,A,87.7,82.1,-6.4,43.3,2396.0,7,BAL|CHP|FRZ,65,52,47,1,0
PDV-01098,Sudeste,SP,Santos,restaurante,B,83.7,53.2,-36.4,21.2,1152.0,6,CHP|FRZ|KVI|MES,73,49,47,4,1
PDV-00956,Sudeste,SP,Ribeirão Preto,gastrobar,A,265.7,160.4,-39.6,32.9,2224.0,5,BAL|CHP|FRZ|KVI|LUM,92,73,26,3,0
PDV-02965,Centro-Oeste,GO,Goiânia,gastrobar,A,63.5,53.1,-16.4,23.6,3050.0,7,BAL|CHP|FRZ|LUM,39,26,47,1,0
PDV-02504,Sul,RS,Caxias do Sul,bar premium,B,20.3,17.7,-12.8,25.2,1220.0,1,CHP|MES,54,38,37,2,0
PDV-02532,Sul,PR,Curitiba,restaurante,A,83.7,36.6,-56.3,16.2,2128.0,6,BAL|FRZ|KVI|LUM,71,35,47,5,0
PDV-00625,Sudeste,MG,Belo Horizonte,choperia,C,4.2,4.0,-4.8,3.0,612.0,3,BAL|CHP,78,63,47,0,0
PDV-00027,Sudeste,ES,Vila Velha,pub,B,46.1,29.8,-35.4,13.1,1217.0,4,KVI|LUM,73,61,47,3,1
PDV-01515,Sudeste,RJ,Rio de Janeiro,rooftop,A,123.6,106.5,-13.8,24.2,2037.0,7,BAL|CHP|LUM|MES,35,16,47,0,0
PDV-03630,Nordeste,CE,Fortaleza,gastrobar,A,87.9,91.5,4.1,37.1,2669.0,5,BAL|CHP|MES,68,58,47,0,1
PDV-03085,Centro-Oeste,DF,Brasília,choperia,C,20.3,18.3,-9.9,14.7,845.0,4,LUM|MES,77,59,47,1,0
PDV-02229,Sul,RS,Porto Alegre,restaurante,B,41.1,41.0,-0.2,25.0,1327.0,5,CHP|KVI|LUM|MES,57,50,47,0,1
PDV-00595,Sudeste,SP,São Paulo,bar premium,C,9.9,7.3,-26.3,14.4,814.0,3,BAL|FRZ|KVI,55,39,47,3,0
PDV-01881,Sudeste,RJ,Rio de Janeiro,bar premium,C,15.4,13.9,-9.7,15.7,775.0,4,BAL|CHP,50,43,47,1,0
PDV-03187,Centro-Oeste,GO,Goiânia,choperia,C,10.9,10.9,0.0,14.9,557.0,3,FRZ|LUM,63,59,47,1,1
PDV-03185,Centro-Oeste,DF,Brasília,bar premium,C,25.9,24.8,-4.2,16.6,664.0,2,CHP|FRZ|LUM,60,56,47,1,1
PDV-00891,Sudeste,RJ,Niterói,restaurante,B,47.5,33.2,-30.1,29.9,1318.0,4,FRZ|KVI|MES,85,58,47,4,0
PDV-00639,Sudeste,RJ,Niterói,bar premium,A,180.0,101.8,-43.4,39.2,2764.0,5,BAL|CHP|FRZ|KVI|LUM|MES,60,46,47,4,1
PDV-02352,Sul,SC,Joinville,gastrobar,B,24.9,24.2,-2.8,22.3,1024.0,5,BAL|KVI,42,47,19,2,0
PDV-01015,Sudeste,SP,Santos,choperia,C,10.5,8.3,-21.0,27.3,707.0,4,KVI|LUM,56,44,18,2,1
PDV-00345,Sudeste,SP,São Paulo,pub,B,27.2,27.2,0.0,21.1,1428.0,4,BAL|FRZ|LUM,79,64,42,0,0
PDV-01474,Sudeste,RJ,Niterói,bar premium,B,39.1,35.7,-8.7,25.7,1322.0,3,FRZ|MES,79,79,47,1,1
PDV-00483,Sudeste,RJ,Niterói,pub,A,127.2,111.7,-12.2,36.7,2244.0,6,BAL|CHP|KVI|MES,69,60,47,0,0
PDV-02206,Sul,PR,Maringá,bar premium,C,26.3,25.6,-2.7,11.8,710.0,4,FRZ,53,55,47,1,0
PDV-01368,Sudeste,SP,São Paulo,bar premium,B,53.5,42.7,-20.2,29.4,1226.0,3,CHP|FRZ,60,56,47,3,0
PDV-02647,Sul,PR,Maringá,gastrobar,A,60.9,58.9,-3.3,23.9,2689.0,7,CHP|FRZ|LUM,41,26,39,0,0
PDV-00322,Sudeste,SP,São Paulo,restaurante,C,10.2,7.8,-23.5,25.7,721.0,2,CHP|LUM,79,66,47,2,0
PDV-01927,Sudeste,SP,Ribeirão Preto,choperia,C,11.9,10.8,-9.2,18.2,865.0,3,KVI|MES,41,37,47,1,0
PDV-03302,Centro-Oeste,DF,Brasília,bar premium,B,38.4,22.0,-42.7,33.7,967.0,4,BAL|CHP,63,53,23,3,0
PDV-02900,Centro-Oeste,MS,Campo Grande,gastrobar,B,29.4,29.8,1.4,32.1,1296.0,5,KVI|LUM,47,53,16,1,0
PDV-03188,Centro-Oeste,MS,Campo Grande,pub,B,54.8,50.4,-8.0,27.2,842.0,5,BAL|FRZ,60,38,47,0,0
PDV-01265,Sudeste,SP,Ribeirão Preto,bar premium,B,58.1,52.3,-10.0,20.8,1172.0,5,BAL|CHP|LUM,73,81,47,1,0
PDV-02128,Sul,PR,Maringá,restaurante,C,23.1,25.9,12.1,9.3,571.0,2,BAL|FRZ|LUM,45,38,47,0,1
PDV-00070,Sudeste,RJ,Niterói,restaurante,C,26.5,14.9,-43.8,10.7,578.0,4,CHP|LUM|MES,77,53,6,3,0
PDV-03376,Centro-Oeste,DF,Brasília,choperia,A,109.4,90.0,-17.7,30.6,2487.0,3,BAL|CHP|FRZ|KVI|LUM|MES,57,49,47,2,1
PDV-02773,Sul,RS,Pelotas,choperia,A,109.7,106.9,-2.6,32.7,2540.0,5,CHP|FRZ|KVI|LUM|MES,61,58,47,1,0
PDV-00411,Sudeste,SP,São Paulo,gastrobar,C,11.2,6.8,-39.3,9.5,700.0,3,BAL|MES,56,38,47,4,1
PDV-03787,Nordeste,CE,Fortaleza,rooftop,C,14.8,17.0,14.9,10.1,762.0,1,BAL|CHP,63,60,47,0,0
PDV-03505,Nordeste,PE,Recife,bar premium,B,32.7,33.7,3.1,20.7,1020.0,5,CHP|KVI|LUM|MES,64,63,47,0,0
PDV-01231,Sudeste,SP,São Paulo,bar premium,C,15.3,9.8,-35.9,14.6,676.0,3,BAL|LUM,70,55,47,4,0
PDV-03597,Nordeste,BA,Feira de Santana,bar premium,C,12.4,15.5,25.0,11.2,603.0,2,CHP|LUM,73,69,24,0,0
PDV-02657,Sul,RS,Caxias do Sul,choperia,B,49.1,31.3,-36.3,16.7,1235.0,4,BAL|CHP|LUM|MES,71,54,17,3,0
PDV-03110,Centro-Oeste,MT,Cuiabá,gastrobar,C,6.5,4.1,-36.9,11.3,830.0,4,FRZ,52,40,37,5,0
PDV-01174,Sudeste,ES,Vila Velha,bar premium,C,11.0,8.7,-20.9,7.5,575.0,3,BAL,71,64,35,3,1
PDV-02473,Sul,PR,Curitiba,pub,C,14.6,8.7,-40.4,15.5,688.0,3,MES,73,50,8,4,0
PDV-03381,Centro-Oeste,MS,Campo Grande,bar premium,A,138.7,122.3,-11.8,28.1,2205.0,6,BAL|CHP|FRZ|KVI|LUM|MES,62,63,35,0,1
PDV-00074,Sudeste,MG,Uberlândia,bar premium,B,45.3,36.4,-19.6,15.7,1047.0,3,FRZ|MES,75,61,47,1,0
PDV-03583,Nordeste,BA,Feira de Santana,bar premium,A,51.7,47.1,-8.9,30.6,2293.0,7,BAL|CHP|FRZ|KVI|LUM|MES,68,58,47,1,0
PDV-00217,Sudeste,ES,Vila Velha,bar premium,B,21.3,13.6,-36.2,16.9,1139.0,5,KVI|LUM|MES,44,38,47,4,0
PDV-02360,Sul,PR,Curitiba,rooftop,A,129.5,105.3,-18.7,40.4,2531.0,6,BAL|CHP|FRZ|KVI|LUM|MES,93,85,47,2,0
PDV-03436,Nordeste,PE,Olinda,bar premium,B,33.7,35.8,6.2,22.4,1251.0,5,BAL|FRZ|KVI|LUM,79,66,47,0,0
PDV-02743,Sul,SC,Florianópolis,restaurante,C,10.9,7.3,-33.0,22.0,713.0,5,CHP|FRZ|KVI,64,61,35,3,0
PDV-01989,Sudeste,ES,Vila Velha,gastrobar,A,81.3,80.4,-1.1,17.8,2468.0,6,BAL|CHP|FRZ|KVI|LUM|MES,47,40,22,0,1
PDV-02173,Sul,RS,Pelotas,bar premium,C,9.0,9.6,6.7,15.1,772.0,3,FRZ|KVI,37,38,47,1,0
PDV-00663,Sudeste,SP,São Paulo,bar premium,B,41.3,32.6,-21.1,12.5,1245.0,4,KVI|LUM,46,37,47,2,0
PDV-03577,Nordeste,PE,Caruaru,rooftop,B,21.8,21.5,-1.4,18.5,1396.0,4,BAL|FRZ,59,45,15,2,0
PDV-00528,Sudeste,MG,Belo Horizonte,restaurante,B,53.9,54.2,0.6,33.7,1176.0,5,FRZ|KVI|LUM,68,60,29,0,1
PDV-00531,Sudeste,SP,São José dos Campos,bar premium,C,15.6,15.3,-1.9,20.4,737.0,2,CHP|FRZ|LUM,55,36,47,1,0
PDV-01605,Sudeste,SP,São José dos Campos,bar premium,C,25.9,10.4,-59.8,15.8,645.0,6,CHP|FRZ,50,22,47,4,1
PDV-00660,Sudeste,SP,Ribeirão Preto,bar premium,A,154.6,72.3,-53.2,24.7,2492.0,5,BAL|CHP|FRZ|KVI|LUM|MES,73,63,47,3,0
PDV-02414,Sul,SC,Balneário Camboriú,pub,B,24.1,21.3,-11.6,15.2,1181.0,3,CHP|LUM|MES,53,43,47,2,1
PDV-00028,Sudeste,RJ,Niterói,choperia,C,5.8,3.3,-43.1,20.7,655.0,4,BAL|KVI,50,30,47,5,0
PDV-01435,Sudeste,RJ,Petrópolis,choperia,A,129.6,128.5,-0.8,32.7,2438.0,6,CHP|FRZ|KVI|LUM,64,60,24,1,1
PDV-02779,Sul,RS,Porto Alegre,pub,A,117.1,101.5,-13.3,14.9,2142.0,8,BAL|CHP|FRZ|KVI|LUM|MES,84,77,47,0,1
PDV-00922,Sudeste,SP,São José dos Campos,bar premium,A,118.1,84.3,-28.6,33.2,2476.0,5,BAL|CHP|FRZ|KVI|LUM|MES,63,52,47,3,1
PDV-03789,Nordeste,CE,Fortaleza,bar premium,C,9.0,9.9,10.0,20.9,811.0,3,BAL,71,66,47,0,0
PDV-01008,Sudeste,SP,Campinas,rooftop,A,103.7,82.5,-20.4,25.7,2501.0,6,BAL|CHP|FRZ|KVI|LUM|MES,67,55,35,2,1
PDV-01217,Sudeste,SP,Santos,restaurante,C,11.9,11.2,-5.9,21.7,705.0,3,MES,55,45,47,0,0
PDV-01201,Sudeste,SP,São Paulo,restaurante,C,9.3,8.2,-11.8,19.6,709.0,3,BAL,52,43,47,1,1
PDV-01774,Sudeste,SP,São José dos Campos,choperia,A,108.8,77.7,-28.6,30.0,2492.0,6,CHP|LUM|MES,68,54,47,2,1
PDV-02680,Sul,RS,Porto Alegre,bar premium,B,66.1,62.6,-5.3,17.9,1363.0,3,CHP|KVI|LUM,72,56,39,2,0
PDV-00582,Sudeste,RJ,Niterói,bar premium,A,71.3,60.6,-15.0,19.5,1982.0,7,CHP|KVI|LUM,45,37,47,1,1
PDV-01117,Sudeste,SP,Ribeirão Preto,bar premium,C,7.3,7.6,4.1,11.0,717.0,2,CHP|FRZ,58,51,46,0,1
PDV-02894,Centro-Oeste,GO,Goiânia,rooftop,B,22.7,18.3,-19.4,19.0,1242.0,4,CHP|LUM,42,32,47,0,0
PDV-01996,Sudeste,MG,Uberlândia,bar premium,C,9.5,8.3,-12.6,7.5,633.0,3,LUM,50,46,47,0,0
PDV-02227,Sul,RS,Caxias do Sul,bar premium,A,71.4,61.8,-13.4,33.7,2417.0,6,BAL|CHP|FRZ|KVI|LUM|MES,73,52,47,2,0
PDV-01789,Sudeste,SP,São Paulo,bar premium,C,12.8,6.3,-50.8,21.6,694.0,3,BAL|FRZ,62,61,47,4,0
PDV-03507,Nordeste,BA,Feira de Santana,choperia,C,4.5,4.5,0.0,13.9,540.0,2,BAL|LUM|MES,56,47,47,0,0
PDV-01251,Sudeste,SP,Campinas,bar premium,A,284.3,250.7,-11.8,27.7,2308.0,7,BAL|CHP|KVI|LUM|MES,71,59,47,2,1
PDV-02598,Sul,SC,Joinville,bar premium,C,9.4,9.8,4.3,17.8,662.0,1,KVI,68,77,47,1,1
PDV-02083,Sul,PR,Londrina,choperia,C,3.2,3.6,12.5,14.2,743.0,3,CHP,58,47,47,0,1
PDV-02016,Sul,PR,Curitiba,bar premium,C,4.9,2.4,-51.0,22.8,674.0,5,FRZ|LUM|MES,76,53,47,4,0
PDV-02474,Sul,SC,Joinville,rooftop,C,16.0,15.4,-3.7,20.1,722.0,4,MES,38,23,47,2,0
PDV-03391,Nordeste,PE,Recife,pub,A,98.2,101.5,3.4,41.9,2204.0,7,BAL|CHP|FRZ|KVI|LUM|MES,63,52,47,1,1
PDV-00021,Sudeste,MG,Uberlândia,pub,A,56.0,50.5,-9.8,39.6,2127.0,6,BAL|CHP|KVI|LUM|MES,67,54,23,2,1
PDV-02198,Sul,SC,Joinville,bar premium,C,15.3,12.1,-20.9,25.9,637.0,3,MES,79,73,47,2,0
PDV-03750,Nordeste,CE,Fortaleza,gastrobar,C,19.6,24.1,23.0,21.9,710.0,2,CHP|FRZ,76,69,14,0,1
PDV-02391,Sul,RS,Pelotas,restaurante,C,18.6,20.2,8.6,8.6,619.0,2,CHP|FRZ|KVI,59,46,47,0,0
PDV-01525,Sudeste,SP,Santos,bar premium,A,368.0,318.9,-13.3,24.4,1891.0,7,CHP|KVI|LUM,53,35,47,2,0
PDV-01547,Sudeste,SP,Santos,rooftop,C,16.5,15.8,-4.2,18.8,667.0,2,FRZ,55,52,47,0,0
PDV-00725,Sudeste,SP,São José dos Campos,bar premium,A,125.3,77.0,-38.5,28.6,2262.0,6,BAL|CHP|FRZ|KVI|LUM,62,50,47,5,1
PDV-01762,Sudeste,RJ,Petrópolis,restaurante,C,7.5,6.7,-10.7,21.8,863.0,3,BAL|FRZ,56,54,47,0,0
PDV-00562,Sudeste,SP,São Paulo,choperia,A,175.4,73.2,-58.3,23.1,2696.0,5,BAL|CHP|FRZ|KVI|LUM|MES,56,44,14,4,0
PDV-03267,Centro-Oeste,MS,Campo Grande,pub,A,89.1,75.9,-14.8,32.0,2537.0,7,BAL|CHP|FRZ|KVI|LUM|MES,68,60,47,1,1
PDV-01250,Sudeste,RJ,Petrópolis,bar premium,B,117.5,113.8,-3.1,27.4,1360.0,3,CHP|FRZ|MES,57,42,47,1,0
PDV-01808,Sudeste,SP,São José dos Campos,pub,A,270.5,136.2,-49.6,35.6,2456.0,4,BAL|CHP|FRZ|KVI|MES,61,39,47,4,1
PDV-01619,Sudeste,SP,Campinas,bar premium,C,21.3,18.6,-12.7,11.5,624.0,2,KVI|LUM|MES,72,61,43,1,1
PDV-03370,Centro-Oeste,MS,Campo Grande,gastrobar,C,7.0,6.4,-8.6,3.0,777.0,3,LUM|MES,54,32,39,0,0
PDV-03317,Centro-Oeste,MS,Campo Grande,bar premium,B,43.7,38.5,-11.9,10.1,1197.0,4,BAL|MES,55,47,14,1,1
PDV-01301,Sudeste,SP,São Paulo,pub,B,33.3,31.8,-4.5,22.3,1295.0,4,BAL|CHP|FRZ,45,28,47,1,1
PDV-00083,Sudeste,SP,Ribeirão Preto,bar premium,C,10.8,9.7,-10.2,5.8,681.0,3,CHP,61,54,47,2,0
PDV-01823,Sudeste,RJ,Petrópolis,pub,A,102.3,89.5,-12.5,28.6,2273.0,7,BAL|CHP|KVI|LUM|MES,75,74,13,0,0
PDV-01186,Sudeste,MG,Juiz de Fora,bar premium,B,34.5,30.4,-11.9,17.5,1121.0,2,BAL|FRZ|LUM|MES,85,81,47,1,0
PDV-00251,Sudeste,SP,Ribeirão Preto,restaurante,C,15.2,11.3,-25.7,21.1,698.0,2,FRZ,70,57,22,3,1
PDV-01331,Sudeste,RJ,Rio de Janeiro,gastrobar,A,138.2,132.3,-4.3,39.5,2369.0,6,BAL|FRZ|LUM|MES,57,50,47,1,1
PDV-02269,Sul,PR,Curitiba,rooftop,C,13.6,12.3,-9.6,20.1,775.0,3,CHP|MES,88,68,47,1,0
PDV-01816,Sudeste,MG,Belo Horizonte,pub,C,10.0,7.3,-27.0,3.0,747.0,3,CHP|MES,44,34,47,3,0
PDV-03830,Nordeste,BA,Salvador,rooftop,B,20.9,22.3,6.7,24.5,1461.0,4,CHP|FRZ|KVI|MES,56,42,47,0,0
PDV-03815,Nordeste,BA,Feira de Santana,restaurante,B,22.0,26.4,20.0,34.0,1264.0,4,KVI|LUM,72,62,20,0,0
PDV-03146,Centro-Oeste,DF,Brasília,bar premium,C,13.7,7.0,-48.9,11.8,659.0,4,KVI|LUM|MES,67,56,47,3,0
PDV-02738,Sul,RS,Caxias do Sul,gastrobar,C,8.1,7.7,-4.9,21.7,738.0,3,CHP|FRZ|MES,63,30,32,1,1
PDV-03547,Nordeste,PE,Olinda,bar premium,A,69.3,83.6,20.6,38.6,2443.0,8,BAL|FRZ|KVI|LUM|MES,66,54,47,0,1
PDV-01408,Sudeste,MG,Juiz de Fora,restaurante,A,191.4,122.1,-36.2,31.9,2754.0,4,CHP|FRZ|MES,73,60,47,4,0
PDV-01439,Sudeste,SP,São Paulo,restaurante,B,46.8,41.8,-10.7,18.1,1022.0,4,BAL|CHP|KVI,64,58,47,1,0
PDV-01165,Sudeste,SP,São José dos Campos,choperia,A,125.2,124.8,-0.3,30.5,2200.0,7,BAL|CHP|FRZ|KVI|LUM|MES,43,27,47,1,1
PDV-01280,Sudeste,SP,São Paulo,bar premium,C,17.1,15.0,-12.3,5.2,578.0,3,KVI|MES,76,60,47,1,1
PDV-01234,Sudeste,SP,São José dos Campos,gastrobar,A,61.3,39.1,-36.2,32.3,2377.0,6,CHP|LUM|MES,63,51,47,3,0
PDV-01592,Sudeste,MG,Juiz de Fora,bar premium,C,13.4,11.3,-15.7,15.0,695.0,3,BAL|LUM|MES,65,54,47,2,1
PDV-00298,Sudeste,MG,Juiz de Fora,bar premium,C,10.0,9.0,-10.0,24.4,737.0,3,KVI|MES,88,96,47,0,0
PDV-00160,Sudeste,MG,Juiz de Fora,bar premium,B,33.3,28.0,-15.9,25.0,1314.0,4,CHP|LUM,81,70,33,2,0
PDV-01980,Sudeste,SP,Campinas,bar premium,A,145.8,113.1,-22.4,23.9,2121.0,7,BAL|FRZ|KVI|LUM|MES,44,33,47,2,1
PDV-00514,Sudeste,SP,Ribeirão Preto,pub,B,56.9,32.0,-43.8,20.1,1093.0,2,CHP|MES,69,45,47,4,0
PDV-01697,Sudeste,SP,Campinas,restaurante,B,51.4,36.5,-29.0,22.6,1401.0,3,BAL|KVI|LUM|MES,54,43,47,3,0
PDV-00556,Sudeste,MG,Juiz de Fora,rooftop,A,81.0,76.3,-5.8,36.6,2368.0,7,BAL|FRZ|LUM,72,53,47,1,1
PDV-03608,Nordeste,PE,Olinda,pub,B,28.2,30.4,7.8,20.2,1131.0,4,BAL|CHP,87,73,47,0,0
PDV-00257,Sudeste,MG,Juiz de Fora,bar premium,C,8.0,7.3,-8.8,13.0,658.0,4,BAL,71,67,47,1,0
PDV-01067,Sudeste,RJ,Petrópolis,choperia,B,21.5,17.4,-19.1,32.0,1351.0,5,BAL|CHP,62,56,47,1,0
PDV-00814,Sudeste,ES,Vitória,choperia,C,22.0,13.0,-40.9,18.4,748.0,3,FRZ,51,34,47,4,0
PDV-01879,Sudeste,MG,Juiz de Fora,rooftop,B,34.4,31.7,-7.8,27.8,952.0,5,CHP|KVI|LUM|MES,67,69,47,1,1
PDV-03611,Nordeste,BA,Salvador,gastrobar,B,50.8,54.6,7.5,31.0,1240.0,4,CHP|FRZ,83,63,47,1,0
PDV-01242,Sudeste,RJ,Niterói,bar premium,A,211.0,191.8,-9.1,32.2,2172.0,4,BAL|CHP|FRZ|KVI|LUM|MES,71,74,47,1,1
PDV-03252,Centro-Oeste,DF,Brasília,restaurante,A,132.4,121.8,-8.0,33.3,2209.0,9,CHP|KVI|LUM,54,53,47,0,0
PDV-01245,Sudeste,SP,Ribeirão Preto,gastrobar,C,7.5,6.4,-14.7,26.6,789.0,4,KVI|LUM,54,52,47,0,0
PDV-01940,Sudeste,MG,Belo Horizonte,bar premium,B,27.0,28.3,4.8,23.4,1403.0,5,BAL|FRZ|LUM|MES,59,52,46,1,1
PDV-02975,Centro-Oeste,MS,Campo Grande,bar premium,B,40.2,25.6,-36.3,13.1,1037.0,4,CHP|FRZ|KVI|LUM,63,35,47,3,0
PDV-03763,Nordeste,PE,Olinda,bar premium,B,35.6,36.9,3.7,19.8,1194.0,5,CHP|FRZ|LUM|MES,72,69,9,1,0
PDV-01321,Sudeste,ES,Vila Velha,restaurante,B,20.9,10.4,-50.2,16.7,1383.0,3,LUM|MES,65,49,47,5,1
PDV-01603,Sudeste,RJ,Niterói,pub,B,31.4,20.6,-34.4,23.1,1225.0,4,BAL|CHP|LUM|MES,53,44,47,3,0
PDV-03770,Nordeste,CE,Juazeiro do Norte,bar premium,C,10.8,11.5,6.5,6.1,730.0,4,LUM|MES,64,53,10,0,0
PDV-00765,Sudeste,SP,Campinas,restaurante,A,107.3,90.1,-16.0,39.2,2569.0,5,CHP|FRZ|KVI|LUM|MES,56,48,47,1,0
PDV-02380,Sul,PR,Londrina,bar premium,C,8.2,8.1,-1.2,16.8,704.0,3,LUM,55,57,43,0,0
PDV-00359,Sudeste,SP,Santos,bar premium,B,27.6,26.7,-3.3,26.5,1180.0,4,CHP|LUM,51,31,13,1,0
PDV-00452,Sudeste,SP,Santos,pub,B,22.4,20.4,-8.9,18.7,1331.0,4,CHP|LUM,67,60,47,1,1
PDV-03069,Centro-Oeste,GO,Goiânia,bar premium,C,12.2,12.0,-1.6,24.3,729.0,4,CHP|FRZ|KVI,71,55,47,1,0
PDV-00708,Sudeste,SP,Campinas,pub,C,6.0,5.9,-1.7,20.5,761.0,3,KVI,66,52,47,1,1
PDV-02499,Sul,SC,Florianópolis,restaurante,A,58.0,34.9,-39.8,30.5,2342.0,6,CHP|FRZ|MES,71,55,21,4,0
PDV-01450,Sudeste,SP,Ribeirão Preto,restaurante,A,110.5,106.2,-3.9,26.1,2223.0,7,CHP|FRZ|LUM|MES,51,45,47,1,0
PDV-03676,Nordeste,BA,Feira de Santana,restaurante,A,84.3,89.1,5.7,28.6,2247.0,6,BAL|CHP|FRZ|KVI|LUM|MES,74,61,47,1,0
PDV-00845,Sudeste,MG,Belo Horizonte,restaurante,C,21.4,18.3,-14.5,20.1,709.0,5,CHP|FRZ|LUM,63,57,47,1,0
PDV-03292,Centro-Oeste,MT,Cuiabá,pub,B,26.2,16.1,-38.5,25.7,1327.0,3,FRZ|LUM,69,57,47,3,1
PDV-03705,Nordeste,PE,Caruaru,gastrobar,C,7.9,7.9,0.0,9.0,581.0,2,FRZ,52,40,47,2,1
PDV-03498,Nordeste,PE,Olinda,bar premium,A,44.6,51.6,15.7,22.8,2729.0,6,BAL|CHP|FRZ|KVI|LUM|MES,76,73,44,1,0
PDV-03707,Nordeste,CE,Fortaleza,bar premium,C,8.0,9.7,21.2,12.2,824.0,2,LUM|MES,62,56,47,0,1
PDV-00924,Sudeste,SP,São Paulo,rooftop,A,172.5,159.6,-7.5,30.4,2898.0,6,BAL|KVI|MES,66,64,47,1,0
PDV-00867,Sudeste,SP,São Paulo,bar premium,B,47.1,45.1,-4.2,24.3,1307.0,4,CHP|MES,76,65,33,1,1
PDV-00951,Sudeste,RJ,Niterói,rooftop,C,29.5,29.0,-1.7,26.5,760.0,1,CHP,75,58,47,0,0
PDV-02679,Sul,PR,Maringá,bar premium,C,9.3,9.4,1.1,11.5,725.0,5,MES,55,51,47,0,0
PDV-02073,Sul,RS,Porto Alegre,restaurante,A,99.5,94.1,-5.4,31.0,2783.0,7,BAL|FRZ|KVI|LUM,29,32,47,1,1
PDV-02306,Sul,SC,Joinville,restaurante,C,12.0,10.8,-10.0,24.9,697.0,2,CHP,47,45,47,1,0
PDV-00975,Sudeste,MG,Belo Horizonte,pub,C,12.6,10.8,-14.3,9.6,524.0,2,BAL,55,59,47,2,0
PDV-02979,Centro-Oeste,GO,Anápolis,pub,C,15.0,10.5,-30.0,11.7,586.0,5,CHP,66,53,47,5,1
PDV-01436,Sudeste,SP,Ribeirão Preto,bar premium,B,66.1,56.2,-15.0,18.3,778.0,4,BAL|CHP|FRZ|MES,64,51,47,0,1
PDV-02204,Sul,PR,Curitiba,pub,C,5.6,3.9,-30.4,6.5,577.0,3,BAL|FRZ|MES,61,47,47,3,0
PDV-01335,Sudeste,MG,Juiz de Fora,rooftop,C,25.2,15.9,-36.9,15.7,832.0,5,LUM,70,52,47,4,1
PDV-00082,Sudeste,SP,São José dos Campos,gastrobar,A,124.4,113.6,-8.7,22.7,2746.0,7,CHP|FRZ|KVI|LUM|MES,57,38,47,2,1
PDV-00570,Sudeste,RJ,Petrópolis,bar premium,A,134.9,117.5,-12.9,30.1,2365.0,7,BAL|CHP|FRZ|KVI|LUM|MES,71,68,47,0,0
PDV-00789,Sudeste,RJ,Petrópolis,pub,B,43.9,37.9,-13.7,43.1,1276.0,5,BAL|MES,66,66,47,2,0
PDV-02031,Sul,SC,Joinville,pub,C,6.1,4.9,-19.7,10.1,712.0,5,BAL|LUM|MES,50,29,35,2,0
PDV-02059,Sul,PR,Maringá,choperia,B,17.8,17.3,-2.8,18.1,1132.0,4,FRZ|MES,48,48,47,0,0
PDV-03067,Centro-Oeste,GO,Anápolis,restaurante,B,29.3,25.5,-13.0,16.3,1422.0,3,BAL|LUM,66,63,20,0,0
PDV-00920,Sudeste,SP,São José dos Campos,bar premium,C,14.9,13.8,-7.4,30.3,675.0,3,FRZ|LUM|MES,71,67,47,0,0
PDV-03213,Centro-Oeste,MS,Campo Grande,restaurante,A,54.3,44.9,-17.3,31.6,2259.0,7,BAL|KVI|MES,65,49,37,1,0
PDV-02813,Sul,SC,Balneário Camboriú,choperia,B,79.3,83.6,5.4,28.4,1257.0,5,FRZ|LUM|MES,56,53,47,0,1
PDV-00227,Sudeste,SP,São Paulo,pub,C,10.7,6.2,-42.1,11.3,601.0,4,LUM,50,41,30,4,0
PDV-00343,Sudeste,RJ,Niterói,bar premium,A,143.4,115.8,-19.2,36.0,2055.0,6,BAL|CHP|FRZ|KVI|LUM|MES,61,51,11,2,1
PDV-00419,Sudeste,MG,Uberlândia,bar premium,C,13.5,13.2,-2.2,15.3,592.0,3,FRZ,34,25,47,1,1
PDV-03002,Centro-Oeste,DF,Brasília,restaurante,A,132.5,106.1,-19.9,20.5,1957.0,6,CHP|KVI|LUM|MES,64,57,47,0,0
PDV-00099,Sudeste,RJ,Niterói,rooftop,C,7.4,6.7,-9.5,13.8,559.0,2,BAL|FRZ,63,53,47,1,0
PDV-01216,Sudeste,MG,Juiz de Fora,pub,C,14.4,13.1,-9.0,15.5,607.0,5,FRZ|LUM,41,15,47,2,0
PDV-00522,Sudeste,MG,Belo Horizonte,bar premium,C,10.5,9.3,-11.4,16.0,696.0,4,KVI|MES,61,51,47,1,1
PDV-02477,Sul,PR,Londrina,rooftop,C,24.4,12.0,-50.8,13.2,487.0,4,KVI|MES,71,62,47,5,0
PDV-01364,Sudeste,RJ,Rio de Janeiro,bar premium,B,22.9,21.7,-5.2,15.1,1223.0,5,KVI|LUM,41,30,47,1,0
PDV-01746,Sudeste,SP,Santos,bar premium,B,38.3,34.3,-10.4,21.6,1139.0,5,BAL|CHP|FRZ|MES,53,50,47,0,0
PDV-02341,Sul,RS,Pelotas,pub,C,9.7,10.2,5.2,18.2,719.0,2,CHP|KVI,66,61,36,0,0
PDV-02888,Centro-Oeste,DF,Brasília,pub,A,94.0,58.6,-37.7,33.8,2527.0,6,BAL|FRZ|KVI|LUM|MES,57,46,47,3,0
PDV-00214,Sudeste,RJ,Niterói,pub,C,20.2,12.4,-38.6,10.7,583.0,6,BAL|CHP|LUM,54,32,47,3,0
PDV-00652,Sudeste,SP,Campinas,pub,B,34.9,34.7,-0.6,30.0,1287.0,4,CHP|FRZ|KVI|LUM,66,62,19,0,0
PDV-00350,Sudeste,RJ,Niterói,bar premium,B,26.5,22.8,-14.0,13.9,1090.0,4,BAL|CHP|KVI|MES,87,78,17,0,0
PDV-00417,Sudeste,SP,Campinas,restaurante,A,157.6,97.0,-38.5,21.8,2504.0,6,BAL|KVI|MES,47,42,47,3,0
PDV-03409,Nordeste,CE,Juazeiro do Norte,pub,C,2.0,2.1,5.0,18.3,761.0,2,MES,78,71,36,1,0
PDV-01631,Sudeste,SP,Campinas,gastrobar,A,68.6,45.0,-34.4,35.8,2648.0,5,BAL|FRZ|KVI|LUM,53,45,47,3,1
PDV-02116,Sul,PR,Maringá,gastrobar,A,90.6,85.2,-6.0,21.8,2475.0,6,KVI|LUM|MES,40,43,47,1,0
PDV-02491,Sul,PR,Curitiba,gastrobar,C,8.8,5.3,-39.8,24.4,805.0,4,FRZ|LUM|MES,67,51,47,4,0
PDV-00664,Sudeste,SP,Campinas,restaurante,C,14.2,9.3,-34.5,13.1,650.0,4,MES,76,56,47,5,1
PDV-03141,Centro-Oeste,MT,Cuiabá,bar premium,C,10.5,10.0,-4.8,22.8,717.0,3,KVI,43,22,47,0,0
PDV-01607,Sudeste,SP,Campinas,bar premium,B,66.4,61.3,-7.7,15.8,1292.0,5,CHP|LUM,39,21,47,0,0
PDV-03398,Nordeste,PE,Caruaru,bar premium,B,33.3,34.1,2.4,14.1,1233.0,5,BAL|CHP|KVI,72,59,47,0,0
PDV-03722,Nordeste,BA,Salvador,restaurante,A,77.8,88.3,13.5,16.8,1878.0,7,BAL|CHP|KVI|LUM|MES,69,59,47,1,1
PDV-03051,Centro-Oeste,GO,Goiânia,pub,B,63.4,57.0,-10.1,28.0,1299.0,3,BAL|MES,63,52,47,1,0
PDV-00290,Sudeste,SP,Ribeirão Preto,bar premium,C,28.5,25.1,-11.9,7.5,853.0,4,CHP|FRZ|KVI,88,75,47,1,0
PDV-03720,Nordeste,RN,Natal,bar premium,B,9.5,10.1,6.3,12.1,1296.0,3,FRZ|MES,53,35,17,0,0
PDV-03454,Nordeste,BA,Feira de Santana,pub,A,89.3,89.2,-0.1,27.9,2464.0,5,BAL|KVI|LUM|MES,57,48,47,0,0
PDV-01716,Sudeste,SP,Ribeirão Preto,bar premium,A,113.1,55.2,-51.2,32.8,2217.0,4,CHP|LUM|MES,66,56,47,5,0
PDV-01569,Sudeste,MG,Uberlândia,gastrobar,C,8.0,4.9,-38.7,22.0,759.0,5,KVI|MES,74,68,27,4,1
PDV-01188,Sudeste,RJ,Niterói,restaurante,A,112.5,92.0,-18.2,35.2,1872.0,6,BAL|CHP|LUM,43,26,47,2,0
PDV-01707,Sudeste,RJ,Petrópolis,restaurante,A,95.3,79.9,-16.2,33.9,2031.0,8,BAL|CHP|FRZ|KVI|LUM|MES,42,23,47,0,0
PDV-00334,Sudeste,SP,Santos,gastrobar,B,22.2,18.3,-17.6,25.3,1370.0,4,BAL|FRZ|KVI|MES,37,30,47,2,1
PDV-01769,Sudeste,SP,São José dos Campos,bar premium,A,155.1,103.5,-33.3,40.2,2630.0,5,BAL|CHP|FRZ|KVI|LUM|MES,66,55,47,3,0
PDV-02810,Sul,SC,Florianópolis,restaurante,C,5.2,4.9,-5.8,11.9,747.0,4,CHP|MES,60,52,11,0,1
PDV-00091,Sudeste,MG,Belo Horizonte,restaurante,B,32.6,26.5,-18.7,19.2,1258.0,3,CHP|KVI|LUM,68,62,33,1,0
PDV-01257,Sudeste,SP,Campinas,bar premium,A,168.2,69.3,-58.8,21.9,2205.0,6,CHP|KVI|LUM,71,63,45,5,1
PDV-01895,Sudeste,SP,São José dos Campos,bar premium,B,46.5,31.1,-33.1,22.8,1101.0,4,CHP|FRZ|LUM,69,63,47,3,0
PDV-02419,Sul,SC,Joinville,gastrobar,A,181.4,170.0,-6.3,35.6,2547.0,8,BAL|CHP|FRZ|KVI|MES,63,49,24,0,1
PDV-01074,Sudeste,SP,Ribeirão Preto,gastrobar,C,8.5,5.1,-40.0,13.6,687.0,3,BAL|LUM|MES,57,38,47,4,1
PDV-01926,Sudeste,SP,Campinas,restaurante,C,12.7,11.4,-10.2,17.8,648.0,4,CHP,68,57,47,1,0
PDV-02992,Centro-Oeste,DF,Brasília,bar premium,C,10.9,10.2,-6.4,5.1,839.0,4,LUM|MES,87,76,47,0,0
PDV-00926,Sudeste,MG,Belo Horizonte,bar premium,A,96.8,67.5,-30.3,25.9,2106.0,4,BAL|CHP|KVI|LUM,59,61,19,2,0
PDV-02067,Sul,PR,Maringá,bar premium,A,70.4,68.2,-3.1,20.3,2011.0,8,BAL|CHP|FRZ|KVI|MES,44,29,47,1,0
PDV-02831,Sul,PR,Londrina,bar premium,C,2.7,1.6,-40.7,14.1,742.0,5,FRZ|MES,54,42,27,3,0
PDV-00893,Sudeste,SP,Ribeirão Preto,gastrobar,B,36.8,34.2,-7.1,19.0,1367.0,4,CHP|MES,41,31,47,0,0
PDV-02748,Sul,RS,Caxias do Sul,pub,B,21.8,21.4,-1.8,25.5,1358.0,5,BAL|CHP|LUM,63,53,47,0,0
PDV-01804,Sudeste,SP,Campinas,restaurante,A,240.3,155.4,-35.3,17.9,1746.0,5,BAL|CHP|FRZ|KVI|MES,67,64,8,3,1
PDV-01790,Sudeste,SP,São José dos Campos,pub,B,36.6,28.8,-21.3,19.6,1196.0,5,FRZ|MES,38,27,47,2,0
PDV-00909,Sudeste,RJ,Niterói,gastrobar,B,46.2,33.2,-28.1,24.8,1090.0,3,BAL|CHP|LUM|MES,52,38,47,3,1
PDV-03222,Centro-Oeste,DF,Brasília,restaurante,C,11.8,11.2,-5.1,14.8,736.0,4,MES,82,78,47,0,0
PDV-01595,Sudeste,SP,Ribeirão Preto,pub,C,6.0,4.9,-18.3,15.0,607.0,3,CHP|FRZ|KVI,67,44,47,2,0
PDV-00830,Sudeste,RJ,Petrópolis,bar premium,B,37.3,34.9,-6.4,14.3,1200.0,5,CHP|KVI|LUM|MES,48,53,47,0,1
PDV-03155,Centro-Oeste,GO,Goiânia,restaurante,B,20.6,6.9,-66.5,15.7,1132.0,3,BAL|CHP|LUM|MES,53,50,47,4,0
PDV-03766,Nordeste,PE,Olinda,gastrobar,B,22.2,24.0,8.1,19.3,1156.0,3,KVI|MES,53,47,26,0,1
PDV-03177,Centro-Oeste,GO,Goiânia,pub,B,44.8,25.2,-43.8,26.8,1328.0,1,BAL|CHP|KVI|LUM,63,46,47,4,1
PDV-02413,Sul,SC,Joinville,bar premium,C,22.0,17.0,-22.7,11.7,747.0,2,CHP|KVI|MES,55,41,36,3,0
PDV-01421,Sudeste,RJ,Rio de Janeiro,gastrobar,B,34.8,32.7,-6.0,28.3,1290.0,6,CHP|KVI|LUM|MES,62,56,38,0,1
PDV-02551,Sul,PR,Maringá,pub,A,145.1,115.0,-20.7,24.9,2607.0,7,BAL|CHP|FRZ|MES,65,42,22,1,0
PDV-01572,Sudeste,RJ,Petrópolis,gastrobar,B,82.7,78.1,-5.6,20.4,1153.0,5,BAL|CHP|LUM,56,46,47,0,0
PDV-02065,Sul,RS,Porto Alegre,pub,C,22.4,17.7,-21.0,6.9,706.0,5,FRZ|MES,54,38,47,3,1
PDV-02860,Centro-Oeste,MS,Campo Grande,pub,C,10.7,7.5,-29.9,25.0,664.0,3,FRZ|MES,54,50,47,2,1
PDV-00847,Sudeste,SP,Santos,gastrobar,A,79.5,67.3,-15.3,31.0,2292.0,4,BAL|CHP|FRZ,58,48,47,2,0
PDV-01687,Sudeste,SP,Ribeirão Preto,gastrobar,C,16.8,15.7,-6.5,9.3,733.0,4,CHP|FRZ,53,51,47,1,0
PDV-01599,Sudeste,SP,São Paulo,bar premium,A,185.9,114.6,-38.4,27.6,2466.0,7,BAL|CHP|FRZ|KVI|LUM|MES,66,50,47,4,0
PDV-02921,Centro-Oeste,DF,Brasília,pub,C,6.1,5.5,-9.8,13.0,594.0,2,CHP|KVI,93,81,24,1,1
PDV-00981,Sudeste,SP,Santos,pub,A,66.6,60.0,-9.9,32.8,2449.0,6,BAL|CHP|FRZ|KVI|LUM,61,45,47,0,0
PDV-02819,Sul,PR,Maringá,gastrobar,C,9.5,10.2,7.4,17.0,555.0,3,CHP|KVI,73,66,47,0,1
PDV-01691,Sudeste,RJ,Rio de Janeiro,bar premium,B,71.0,59.7,-15.9,17.4,1283.0,2,CHP|KVI|LUM|MES,57,44,47,2,0
PDV-03007,Centro-Oeste,GO,Goiânia,bar premium,A,89.2,85.1,-4.6,32.2,1997.0,8,BAL|FRZ|MES,65,58,47,2,0
PDV-01900,Sudeste,RJ,Niterói,rooftop,A,156.6,146.4,-6.5,35.1,2220.0,8,BAL|CHP|FRZ|KVI|LUM|MES,57,47,47,0,1
PDV-02774,Sul,RS,Pelotas,pub,B,26.6,26.2,-1.5,17.5,1127.0,4,BAL|KVI,66,56,47,1,0
PDV-03560,Nordeste,PE,Olinda,gastrobar,C,10.4,10.2,-1.9,19.7,662.0,5,BAL|FRZ|MES,71,68,47,2,0
PDV-03036,Centro-Oeste,GO,Anápolis,gastrobar,B,18.1,9.1,-49.7,21.2,1209.0,3,BAL|FRZ|LUM|MES,66,52,47,5,1
PDV-03041,Centro-Oeste,GO,Anápolis,bar premium,B,20.9,19.7,-5.7,19.4,1270.0,2,CHP|KVI|LUM,17,6,11,1,1
PDV-00127,Sudeste,RJ,Petrópolis,pub,B,40.4,39.9,-1.2,11.8,1087.0,2,KVI|LUM,57,52,41,1,0
PDV-01256,Sudeste,RJ,Rio de Janeiro,bar premium,B,16.1,14.4,-10.6,21.5,1273.0,3,CHP|FRZ|KVI|LUM,63,53,47,1,0
PDV-02263,Sul,RS,Porto Alegre,pub,A,123.0,114.5,-6.9,30.8,2431.0,6,BAL|KVI|MES,52,46,26,1,0
PDV-02907,Centro-Oeste,GO,Anápolis,bar premium,B,31.3,27.7,-11.5,21.3,877.0,5,BAL|LUM,58,54,47,1,0
PDV-01871,Sudeste,MG,Uberlândia,bar premium,C,16.4,13.5,-17.7,18.0,622.0,3,BAL|CHP,50,43,15,2,1
PDV-00520,Sudeste,SP,São José dos Campos,choperia,C,20.8,18.3,-12.0,16.7,668.0,3,CHP,50,46,47,1,0
PDV-03211,Centro-Oeste,MS,Campo Grande,gastrobar,A,169.9,82.3,-51.6,31.0,2583.0,5,BAL|CHP|FRZ|KVI|LUM|MES,81,70,47,3,0
PDV-01807,Sudeste,MG,Belo Horizonte,gastrobar,C,28.5,24.3,-14.7,12.2,570.0,3,MES,72,60,47,1,1
PDV-03277,Centro-Oeste,DF,Brasília,choperia,B,25.0,17.7,-29.2,30.6,1227.0,3,CHP|FRZ,60,51,47,3,0
PDV-00505,Sudeste,SP,Campinas,rooftop,B,27.5,23.8,-13.5,3.6,1164.0,5,BAL|CHP|FRZ|MES,52,42,47,2,0
PDV-00112,Sudeste,SP,Campinas,bar premium,B,32.4,32.0,-1.2,15.9,1383.0,4,CHP|LUM|MES,51,37,47,1,0
PDV-02070,Sul,PR,Curitiba,gastrobar,A,120.4,115.4,-4.2,30.1,2508.0,6,BAL|CHP|FRZ|MES,65,46,47,2,0
PDV-00886,Sudeste,MG,Belo Horizonte,pub,C,24.5,23.8,-2.9,9.8,627.0,2,FRZ|KVI|LUM,56,54,47,1,0
PDV-02374,Sul,SC,Joinville,gastrobar,C,7.8,7.9,1.3,17.5,698.0,2,FRZ|KVI|LUM,51,53,40,0,1
PDV-00861,Sudeste,SP,Ribeirão Preto,gastrobar,B,37.3,33.3,-10.7,26.1,1202.0,4,CHP|FRZ|KVI|LUM,68,57,22,0,0
PDV-00468,Sudeste,MG,Uberlândia,restaurante,C,30.0,29.0,-3.3,20.8,542.0,4,FRZ,66,55,47,0,0
PDV-03294,Centro-Oeste,GO,Anápolis,restaurante,B,22.6,20.8,-8.0,30.4,1042.0,4,BAL|CHP|FRZ|KVI,55,42,40,0,0
PDV-00171,Sudeste,SP,Santos,bar premium,B,28.6,15.5,-45.8,29.8,1088.0,3,KVI|MES,71,43,47,3,0
PDV-03217,Centro-Oeste,GO,Goiânia,restaurante,C,26.7,19.7,-26.2,19.0,674.0,2,CHP,43,40,47,3,1
PDV-00648,Sudeste,SP,São José dos Campos,gastrobar,C,11.1,10.9,-1.8,12.4,751.0,3,KVI|LUM,82,73,42,0,0
PDV-00871,Sudeste,RJ,Petrópolis,gastrobar,B,32.6,25.4,-22.1,31.6,1322.0,4,BAL|FRZ,70,67,47,1,0
PDV-00679,Sudeste,SP,Campinas,gastrobar,C,25.0,22.1,-11.6,20.1,566.0,3,CHP|LUM,48,39,47,1,0
PDV-00236,Sudeste,SP,Ribeirão Preto,gastrobar,C,6.6,4.0,-39.4,11.2,685.0,3,BAL|FRZ|KVI,61,50,47,4,0
PDV-01992,Sudeste,SP,Campinas,pub,C,12.5,10.1,-19.2,27.8,566.0,5,KVI|LUM|MES,46,44,47,1,1
PDV-00612,Sudeste,RJ,Niterói,bar premium,C,12.6,7.0,-44.4,18.2,746.0,4,CHP|KVI,71,57,19,4,1
PDV-01830,Sudeste,RJ,Rio de Janeiro,bar premium,B,28.5,23.3,-18.2,19.8,1108.0,5,CHP|KVI|MES,73,76,19,1,0
PDV-02864,Centro-Oeste,MT,Cuiabá,bar premium,C,10.3,5.3,-48.5,14.3,632.0,2,FRZ|MES,50,37,47,3,0
PDV-01414,Sudeste,RJ,Niterói,gastrobar,A,136.3,105.2,-22.8,31.6,2673.0,5,BAL|CHP|FRZ|KVI|LUM|MES,52,47,47,1,0
PDV-01766,Sudeste,SP,Santos,pub,C,29.2,27.0,-7.5,13.5,653.0,1,KVI,57,58,32,0,1
PDV-00682,Sudeste,RJ,Niterói,gastrobar,A,219.8,204.6,-6.9,30.4,1877.0,6,BAL|CHP|KVI|LUM,42,29,47,2,1
PDV-03325,Centro-Oeste,MT,Cuiabá,pub,A,77.8,53.7,-31.0,21.4,2416.0,7,BAL|CHP|FRZ|KVI|LUM|MES,75,73,47,4,0
PDV-02516,Sul,RS,Pelotas,gastrobar,C,15.8,10.3,-34.8,26.9,691.0,5,LUM,63,52,47,3,1
PDV-00145,Sudeste,SP,Campinas,bar premium,A,132.4,121.9,-7.9,31.6,2392.0,6,BAL|CHP|LUM,80,67,47,1,0
PDV-00683,Sudeste,RJ,Rio de Janeiro,rooftop,A,151.2,82.9,-45.2,17.4,2562.0,3,BAL|CHP|FRZ|KVI|LUM|MES,68,57,46,4,1
PDV-02036,Sul,RS,Pelotas,rooftop,B,17.5,17.0,-2.9,30.4,1309.0,4,CHP|FRZ|LUM|MES,60,54,47,0,0
PDV-01837,Sudeste,MG,Belo Horizonte,bar premium,C,16.7,15.9,-4.8,9.6,834.0,3,BAL|LUM,63,40,47,1,1
PDV-03645,Nordeste,PE,Caruaru,bar premium,A,99.7,111.6,11.9,25.6,2259.0,7,BAL|CHP|FRZ|KVI|LUM|MES,77,68,47,0,0
PDV-03831,Nordeste,RN,Natal,restaurante,C,6.6,4.1,-37.9,8.9,648.0,5,BAL|CHP|LUM,71,63,47,5,0
PDV-01220,Sudeste,RJ,Petrópolis,bar premium,A,127.3,113.2,-11.1,27.2,2062.0,8,FRZ|KVI|MES,65,59,47,1,0
PDV-01910,Sudeste,MG,Uberlândia,bar premium,B,46.2,25.0,-45.9,21.8,1042.0,3,BAL|CHP|LUM|MES,58,51,47,4,1
PDV-02333,Sul,RS,Caxias do Sul,bar premium,C,23.2,24.3,4.7,22.9,617.0,4,BAL|CHP,73,60,47,0,0
PDV-00428,Sudeste,SP,Campinas,restaurante,A,120.9,45.0,-62.8,22.5,2511.0,5,BAL|CHP|FRZ|KVI|LUM,54,36,47,5,0
PDV-02334,Sul,SC,Joinville,bar premium,C,6.3,5.9,-6.3,15.4,487.0,2,BAL|CHP,61,49,47,2,1
PDV-00436,Sudeste,SP,São Paulo,pub,C,22.1,19.8,-10.4,19.5,739.0,3,CHP|FRZ,61,45,47,1,0
PDV-01688,Sudeste,SP,Campinas,gastrobar,B,31.2,32.9,5.4,23.5,1421.0,4,CHP|MES,64,58,47,1,1
PDV-01092,Sudeste,SP,Campinas,pub,B,30.2,14.0,-53.6,18.1,1376.0,4,BAL|CHP|KVI|MES,63,46,47,3,0
PDV-00223,Sudeste,SP,Campinas,gastrobar,B,25.4,22.8,-10.2,15.8,1194.0,5,CHP|KVI|LUM|MES,69,63,47,1,1
PDV-03669,Nordeste,PE,Olinda,bar premium,A,151.7,164.2,8.2,26.3,2083.0,7,BAL|CHP|KVI|LUM|MES,63,51,47,1,0
PDV-00611,Sudeste,RJ,Niterói,bar premium,A,107.6,69.7,-35.2,26.2,2120.0,5,BAL|CHP|FRZ|KVI|LUM,46,32,14,3,1
PDV-03489,Nordeste,BA,Salvador,gastrobar,C,7.1,4.7,-33.8,14.9,734.0,5,CHP|FRZ,52,44,47,3,0
PDV-03734,Nordeste,PE,Olinda,choperia,B,19.9,21.3,7.0,28.3,1166.0,5,BAL|MES,75,61,47,0,0
PDV-03595,Nordeste,BA,Feira de Santana,bar premium,B,38.7,33.5,-13.4,26.5,948.0,3,BAL|CHP|FRZ|KVI,57,66,47,2,0
PDV-00072,Sudeste,SP,São Paulo,restaurante,B,63.0,60.2,-4.4,23.7,1126.0,5,BAL|CHP|FRZ|LUM,62,48,47,2,0
PDV-00840,Sudeste,MG,Juiz de Fora,restaurante,C,9.8,5.8,-40.8,23.1,641.0,4,MES,58,50,47,4,0
PDV-01476,Sudeste,SP,Campinas,bar premium,C,10.3,9.7,-5.8,14.4,669.0,2,BAL|CHP|LUM,72,58,47,0,0
PDV-02705,Sul,RS,Caxias do Sul,pub,B,30.0,31.4,4.7,15.4,1127.0,4,BAL|LUM,55,55,47,0,0
PDV-03520,Nordeste,PE,Recife,bar premium,B,30.3,31.2,3.0,17.8,1384.0,4,BAL|FRZ|KVI,68,55,47,0,0
PDV-02838,Sul,PR,Curitiba,gastrobar,C,14.1,13.1,-7.1,7.6,798.0,3,BAL|FRZ|KVI,71,59,47,0,0
PDV-00264,Sudeste,RJ,Niterói,gastrobar,A,115.3,65.3,-43.4,20.2,2888.0,5,BAL|CHP|KVI|LUM|MES,69,68,47,3,1
PDV-01878,Sudeste,SP,São Paulo,bar premium,C,6.9,4.9,-29.0,13.8,596.0,3,BAL|FRZ|KVI,76,50,47,3,0
PDV-00551,Sudeste,SP,São Paulo,choperia,C,6.2,5.5,-11.3,8.1,635.0,4,CHP|LUM,50,33,25,2,1
PDV-03822,Nordeste,BA,Salvador,gastrobar,C,8.3,9.0,8.4,22.3,562.0,4,CHP|KVI,68,67,47,0,1
PDV-00704,Sudeste,RJ,Rio de Janeiro,bar premium,B,75.8,70.6,-6.9,12.4,1071.0,5,BAL|CHP|FRZ|LUM,76,65,17,0,0
PDV-02041,Sul,RS,Porto Alegre,pub,C,6.5,3.8,-41.5,18.6,624.0,5,FRZ|LUM|MES,76,57,26,4,0
PDV-01267,Sudeste,SP,Santos,bar premium,C,12.7,11.7,-7.9,17.4,635.0,3,LUM|MES,50,44,47,1,1
PDV-01003,Sudeste,SP,São José dos Campos,gastrobar,A,178.3,121.1,-32.1,32.7,2581.0,5,FRZ|KVI|MES,59,34,47,4,0
PDV-03659,Nordeste,CE,Juazeiro do Norte,pub,A,39.3,39.3,0.0,27.3,2156.0,6,BAL|CHP|FRZ|LUM,57,42,38,1,0
PDV-02581,Sul,SC,Florianópolis,bar premium,B,24.7,26.1,5.7,22.0,990.0,4,BAL|FRZ|KVI|LUM,51,37,47,0,0
PDV-02245,Sul,RS,Porto Alegre,bar premium,C,20.0,19.1,-4.5,4.1,664.0,3,CHP|FRZ|KVI,50,49,47,1,0
PDV-01040,Sudeste,MG,Belo Horizonte,gastrobar,A,112.5,105.0,-6.7,32.4,2390.0,7,BAL|CHP|FRZ|LUM|MES,93,91,46,1,1
PDV-00561,Sudeste,SP,Ribeirão Preto,bar premium,C,15.0,13.4,-10.7,8.3,676.0,2,MES,55,49,37,1,0
PDV-03351,Centro-Oeste,GO,Goiânia,choperia,A,52.4,44.7,-14.7,19.9,2185.0,6,FRZ|KVI|LUM,63,69,47,1,0
PDV-01155,Sudeste,MG,Belo Horizonte,choperia,B,29.5,28.6,-3.1,18.6,1294.0,5,CHP|LUM,29,25,47,1,0
PDV-01459,Sudeste,SP,São Paulo,bar premium,B,77.5,78.3,1.0,23.4,834.0,4,BAL|CHP|FRZ|LUM,55,46,25,1,0
PDV-01454,Sudeste,RJ,Rio de Janeiro,gastrobar,C,12.2,8.2,-32.8,21.3,687.0,4,FRZ,62,46,42,3,0
PDV-02406,Sul,SC,Joinville,bar premium,B,19.9,22.1,11.1,23.3,1144.0,5,BAL|FRZ|LUM|MES,73,64,19,0,0
PDV-03841,Nordeste,BA,Feira de Santana,restaurante,C,5.2,5.8,11.5,18.7,731.0,1,KVI,54,48,17,0,1
PDV-02664,Sul,SC,Joinville,bar premium,A,59.1,36.3,-38.6,30.7,2311.0,7,FRZ|KVI|MES,54,55,44,5,0
PDV-01477,Sudeste,SP,São José dos Campos,bar premium,C,22.4,22.4,0.0,17.0,675.0,3,FRZ,71,71,47,1,0
PDV-03327,Centro-Oeste,GO,Anápolis,pub,A,103.0,91.7,-11.0,27.5,1913.0,6,BAL|FRZ|LUM|MES,64,67,47,1,1
PDV-02932,Centro-Oeste,DF,Brasília,rooftop,C,8.1,5.0,-38.3,12.4,620.0,4,LUM,78,56,47,4,1
PDV-01062,Sudeste,SP,Santos,choperia,C,17.2,9.4,-45.3,16.7,788.0,6,KVI,60,49,28,5,0
PDV-01405,Sudeste,RJ,Petrópolis,pub,C,18.9,10.8,-42.9,14.6,640.0,4,FRZ|KVI|LUM,42,26,44,5,0
PDV-00470,Sudeste,RJ,Rio de Janeiro,gastrobar,C,9.2,4.6,-50.0,11.1,648.0,4,BAL|CHP|FRZ,61,43,47,5,0
PDV-00923,Sudeste,SP,São Paulo,gastrobar,B,29.3,13.2,-54.9,19.0,1234.0,2,BAL|FRZ|KVI,70,60,15,4,0
PDV-02075,Sul,RS,Porto Alegre,bar premium,B,20.3,20.2,-0.5,26.8,1336.0,4,FRZ|KVI|LUM|MES,77,67,47,0,0
PDV-00203,Sudeste,MG,Belo Horizonte,restaurante,A,115.0,60.8,-47.1,25.1,2635.0,6,FRZ|KVI|MES,60,45,46,4,1
PDV-03027,Centro-Oeste,MS,Campo Grande,bar premium,A,86.5,54.1,-37.5,28.8,2436.0,5,BAL|CHP|FRZ|KVI|LUM,66,38,34,3,0
PDV-02839,Sul,SC,Joinville,gastrobar,C,11.8,12.5,5.9,19.3,675.0,2,BAL|KVI|MES,36,14,47,0,0
PDV-00721,Sudeste,SP,São José dos Campos,choperia,C,6.7,6.9,3.0,16.3,700.0,2,BAL|CHP|FRZ,68,62,37,0,1
PDV-00408,Sudeste,SP,São José dos Campos,gastrobar,A,83.9,43.2,-48.5,18.0,2500.0,4,BAL|CHP|FRZ|KVI|LUM,57,49,31,3,1
PDV-03049,Centro-Oeste,MT,Cuiabá,pub,C,6.1,4.6,-24.6,25.9,619.0,5,CHP|FRZ|MES,68,46,36,3,1
PDV-01141,Sudeste,RJ,Niterói,bar premium,A,82.5,71.1,-13.8,31.2,2148.0,8,KVI|LUM|MES,66,52,40,2,1
PDV-03784,Nordeste,PE,Caruaru,bar premium,A,66.2,70.7,6.8,31.0,2771.0,8,KVI|LUM|MES,60,47,46,0,0
PDV-02420,Sul,PR,Maringá,gastrobar,C,17.6,15.1,-14.2,22.8,632.0,5,CHP,69,67,39,2,0
PDV-02115,Sul,RS,Caxias do Sul,bar premium,B,23.8,24.3,2.1,21.4,1276.0,4,BAL|CHP|KVI,64,54,47,0,0
PDV-00757,Sudeste,SP,Santos,restaurante,C,21.9,19.2,-12.3,9.0,843.0,4,FRZ|KVI,56,43,47,2,0
PDV-01836,Sudeste,SP,Ribeirão Preto,bar premium,B,32.5,16.5,-49.2,20.3,1278.0,2,BAL|CHP,55,41,9,4,0
PDV-01325,Sudeste,MG,Uberlândia,restaurante,C,9.4,5.3,-43.6,11.3,617.0,4,FRZ|KVI|MES,70,56,47,4,0
PDV-03680,Nordeste,BA,Salvador,restaurante,B,37.1,40.8,10.0,25.1,1018.0,5,BAL|CHP|KVI|MES,66,57,47,1,1
PDV-03425,Nordeste,PE,Olinda,bar premium,C,10.1,12.1,19.8,11.5,779.0,2,BAL|FRZ|LUM,54,38,47,0,0
PDV-01611,Sudeste,MG,Uberlândia,pub,C,24.9,22.8,-8.4,19.4,761.0,3,CHP,73,57,47,2,0
PDV-03783,Nordeste,CE,Juazeiro do Norte,pub,B,14.4,14.9,3.5,25.6,1179.0,4,CHP|MES,54,52,47,1,0
PDV-03603,Nordeste,PE,Recife,pub,C,11.1,14.1,27.0,10.2,690.0,2,CHP|FRZ,53,53,47,0,0
PDV-03081,Centro-Oeste,GO,Goiânia,choperia,B,20.5,15.0,-26.8,22.5,1077.0,3,FRZ|LUM,86,69,47,2,0
PDV-03160,Centro-Oeste,GO,Anápolis,restaurante,B,13.3,11.8,-11.3,20.1,1340.0,4,BAL|KVI|LUM|MES,40,23,18,1,0
PDV-03580,Nordeste,BA,Salvador,choperia,B,30.6,31.4,2.6,21.8,976.0,6,BAL|CHP|KVI|MES,67,64,47,1,1
PDV-03271,Centro-Oeste,GO,Anápolis,pub,B,67.5,41.2,-39.0,24.9,1306.0,3,BAL|CHP|MES,53,32,47,5,0
PDV-01888,Sudeste,SP,São José dos Campos,pub,C,13.0,8.3,-36.2,22.3,703.0,3,BAL|CHP|LUM,52,49,47,4,1
PDV-03808,Nordeste,BA,Feira de Santana,bar premium,C,16.0,18.2,13.7,15.8,632.0,2,BAL,41,34,47,0,0
PDV-02032,Sul,RS,Caxias do Sul,restaurante,C,11.6,11.7,0.9,17.2,718.0,3,FRZ|MES,63,56,18,1,1
PDV-02786,Sul,SC,Florianópolis,bar premium,B,38.1,33.4,-12.3,16.1,1313.0,2,CHP|MES,74,47,47,2,0
PDV-01069,Sudeste,RJ,Petrópolis,gastrobar,B,31.1,26.3,-15.4,26.8,1145.0,3,BAL|CHP|FRZ,75,80,47,1,0
PDV-00880,Sudeste,MG,Belo Horizonte,restaurante,C,10.9,10.8,-0.9,16.8,721.0,3,MES,57,52,47,1,0
PDV-01976,Sudeste,MG,Juiz de Fora,gastrobar,B,29.0,26.5,-8.6,18.5,1283.0,3,BAL|CHP|MES,50,41,47,0,0
PDV-03118,Centro-Oeste,MS,Campo Grande,bar premium,C,8.1,7.1,-12.3,3.0,933.0,3,FRZ|KVI,71,58,8,1,0
PDV-00782,Sudeste,RJ,Rio de Janeiro,pub,C,36.8,29.5,-19.8,7.1,698.0,3,BAL|FRZ|MES,66,59,47,2,0
PDV-03414,Nordeste,BA,Salvador,gastrobar,C,9.1,12.0,31.9,8.4,582.0,2,KVI,73,60,47,1,0
PDV-03284,Centro-Oeste,MT,Cuiabá,gastrobar,C,9.4,4.5,-52.1,11.3,763.0,4,CHP|KVI,50,33,47,5,1
PDV-03031,Centro-Oeste,GO,Anápolis,gastrobar,B,30.0,28.4,-5.3,27.3,1341.0,6,LUM|MES,55,54,47,1,0
PDV-02241,Sul,PR,Curitiba,choperia,C,16.7,17.3,3.6,19.5,840.0,3,BAL|MES,75,70,15,0,0
PDV-00770,Sudeste,SP,São José dos Campos,gastrobar,A,98.6,53.9,-45.3,35.5,2383.0,5,BAL|FRZ|KVI|LUM|MES,39,20,47,5,1
PDV-01386,Sudeste,RJ,Niterói,bar premium,B,35.3,32.2,-8.8,23.9,1166.0,4,KVI|MES,60,38,47,0,0
PDV-01156,Sudeste,MG,Belo Horizonte,gastrobar,C,20.8,19.5,-6.2,7.7,563.0,3,FRZ,74,66,34,1,0
PDV-02177,Sul,SC,Balneário Camboriú,bar premium,A,64.2,63.6,-0.9,20.3,2280.0,7,BAL|CHP|KVI|LUM,61,44,47,0,0
PDV-01724,Sudeste,RJ,Petrópolis,bar premium,B,25.9,25.4,-1.9,24.5,1171.0,2,CHP|KVI|LUM|MES,56,48,47,0,1
PDV-02651,Sul,RS,Porto Alegre,bar premium,A,65.1,57.0,-12.4,27.5,2322.0,5,FRZ|KVI|MES,67,64,47,1,1
PDV-01557,Sudeste,MG,Uberlândia,pub,B,22.8,13.8,-39.5,21.1,1196.0,6,BAL|CHP|KVI|LUM,63,54,47,5,1
PDV-03698,Nordeste,RN,Natal,bar premium,A,103.4,113.2,9.5,26.9,2078.0,7,BAL|CHP|FRZ|KVI|MES,66,66,38,0,1
PDV-01488,Sudeste,SP,São José dos Campos,choperia,A,81.6,69.1,-15.3,40.5,2715.0,6,BAL|FRZ|KVI|MES,72,68,47,1,0
PDV-01894,Sudeste,RJ,Petrópolis,pub,C,16.0,14.5,-9.4,3.0,638.0,2,FRZ,65,59,31,1,0
PDV-01463,Sudeste,SP,Campinas,restaurante,B,36.8,36.0,-2.2,19.2,980.0,4,BAL|CHP|KVI|LUM,69,61,40,1,0
PDV-01853,Sudeste,RJ,Rio de Janeiro,rooftop,A,138.8,93.3,-32.8,23.2,2220.0,7,BAL|CHP|FRZ|KVI|LUM|MES,77,69,47,3,0
PDV-00480,Sudeste,SP,São José dos Campos,rooftop,C,12.2,7.9,-35.2,27.8,663.0,3,KVI,72,55,27,4,0
PDV-03475,Nordeste,RN,Natal,pub,C,7.6,8.1,6.6,14.7,677.0,2,CHP,67,74,47,0,0
PDV-01446,Sudeste,RJ,Niterói,bar premium,A,80.2,41.0,-48.9,30.3,2438.0,7,CHP|FRZ|KVI,75,58,47,3,0
PDV-02966,Centro-Oeste,MT,Cuiabá,bar premium,A,155.5,118.3,-23.9,24.4,2188.0,6,CHP|FRZ|KVI|LUM|MES,75,60,47,2,0
PDV-00430,Sudeste,RJ,Rio de Janeiro,restaurante,C,13.5,12.2,-9.6,22.4,649.0,3,KVI,41,31,47,1,1
PDV-02281,Sul,RS,Caxias do Sul,restaurante,B,22.8,15.0,-34.2,15.6,1478.0,4,BAL|CHP|KVI,50,34,47,3,1
PDV-03404,Nordeste,BA,Feira de Santana,pub,B,16.0,18.3,14.4,19.5,1328.0,5,BAL|CHP|KVI|MES,64,64,36,0,0
PDV-03843,Nordeste,CE,Fortaleza,restaurante,B,21.6,23.4,8.3,23.5,1195.0,4,FRZ|KVI|LUM|MES,72,66,47,0,1
PDV-01679,Sudeste,SP,São José dos Campos,bar premium,B,39.7,38.0,-4.3,18.0,1256.0,4,CHP|KVI,59,51,47,1,1
PDV-03845,Nordeste,PE,Caruaru,bar premium,B,20.1,21.6,7.5,5.1,1368.0,4,BAL|CHP|LUM|MES,64,58,47,1,0
PDV-02548,Sul,SC,Joinville,restaurante,A,89.1,88.2,-1.0,33.6,2666.0,5,BAL|FRZ|KVI|LUM|MES,46,34,47,1,1
PDV-02183,Sul,PR,Maringá,bar premium,B,42.4,34.9,-17.7,26.3,1239.0,5,BAL|CHP,74,65,47,1,0
PDV-01550,Sudeste,SP,São Paulo,bar premium,B,61.0,44.6,-26.9,18.0,1110.0,3,CHP|KVI|LUM|MES,81,72,47,3,0
PDV-00204,Sudeste,MG,Juiz de Fora,gastrobar,B,31.7,25.0,-21.1,30.2,1425.0,3,BAL|FRZ|KVI|MES,61,53,47,2,1
PDV-03180,Centro-Oeste,GO,Goiânia,pub,A,65.4,48.5,-25.8,16.7,2027.0,7,BAL|FRZ|KVI|LUM|MES,75,77,38,2,0
PDV-00915,Sudeste,RJ,Niterói,gastrobar,B,49.6,32.1,-35.3,15.0,1131.0,4,LUM|MES,48,30,24,4,1
PDV-01334,Sudeste,SP,Santos,restaurante,A,23.2,21.2,-8.6,32.4,2820.0,8,BAL|CHP|FRZ|KVI|LUM|MES,54,49,14,0,1
PDV-00174,Sudeste,RJ,Rio de Janeiro,rooftop,C,16.5,13.4,-18.8,3.0,689.0,2,FRZ|MES,77,64,44,0,1
PDV-03071,Centro-Oeste,MT,Cuiabá,restaurante,B,24.2,23.2,-4.1,16.4,1143.0,4,CHP|FRZ|KVI|MES,63,66,47,0,1
PDV-00328,Sudeste,RJ,Rio de Janeiro,choperia,B,36.1,23.1,-36.0,30.1,1027.0,4,CHP|KVI,65,53,47,3,1
PDV-02261,Sul,SC,Joinville,rooftop,B,23.3,23.5,0.9,21.2,1382.0,5,BAL|FRZ|LUM|MES,44,36,47,0,1
PDV-00875,Sudeste,SP,Campinas,bar premium,B,65.9,58.4,-11.4,17.8,1216.0,3,BAL|CHP|FRZ,82,84,39,0,0
PDV-00692,Sudeste,MG,Belo Horizonte,restaurante,A,80.0,64.1,-19.9,35.9,2676.0,3,BAL|KVI|MES,55,47,47,1,0
PDV-03820,Nordeste,PE,Caruaru,bar premium,B,14.6,17.4,19.2,22.4,1353.0,5,BAL|CHP|KVI|LUM,55,47,47,1,0
PDV-00594,Sudeste,RJ,Petrópolis,rooftop,B,33.9,14.0,-58.7,23.7,1395.0,3,BAL|CHP|FRZ|LUM,72,56,47,5,0
PDV-00503,Sudeste,SP,Ribeirão Preto,bar premium,C,20.9,20.7,-1.0,11.0,713.0,3,FRZ|LUM,74,72,47,0,1
PDV-00892,Sudeste,RJ,Niterói,restaurante,A,149.8,117.0,-21.9,36.7,2591.0,6,BAL|CHP|KVI|LUM|MES,61,53,9,0,0
PDV-03656,Nordeste,BA,Salvador,bar premium,C,4.8,5.7,18.8,7.3,684.0,2,BAL|FRZ|LUM,53,28,47,0,0
PDV-03543,Nordeste,PE,Recife,restaurante,C,7.9,8.8,11.4,11.9,665.0,2,BAL,78,62,28,0,0
PDV-03341,Centro-Oeste,GO,Anápolis,gastrobar,A,196.2,162.4,-17.2,37.8,2237.0,6,BAL|CHP|FRZ|KVI|LUM,65,61,15,1,0
PDV-03737,Nordeste,BA,Salvador,gastrobar,C,9.1,10.7,17.6,8.6,723.0,3,FRZ|MES,75,77,47,0,0
PDV-01947,Sudeste,SP,Campinas,bar premium,C,13.6,12.2,-10.3,20.9,568.0,3,LUM,57,48,47,0,0
PDV-01132,Sudeste,SP,Santos,bar premium,A,169.2,99.6,-41.1,34.4,1857.0,5,BAL|CHP|FRZ|KVI|LUM|MES,50,31,47,5,1
PDV-01734,Sudeste,SP,São José dos Campos,pub,C,10.3,9.0,-12.6,23.9,546.0,3,BAL|FRZ|LUM,89,85,47,2,0
PDV-02775,Sul,RS,Caxias do Sul,choperia,C,11.5,11.4,-0.9,9.4,833.0,4,BAL|CHP|LUM,65,68,31,1,0
PDV-00800,Sudeste,SP,São Paulo,bar premium,A,104.1,61.1,-41.3,30.9,1861.0,5,CHP|FRZ|KVI|LUM,84,75,47,5,1
PDV-02944,Centro-Oeste,GO,Goiânia,gastrobar,C,11.6,11.3,-2.6,13.9,778.0,3,LUM|MES,67,68,47,0,1
PDV-03558,Nordeste,BA,Salvador,gastrobar,B,31.0,34.6,11.6,19.6,1173.0,5,BAL|LUM|MES,74,73,47,0,0
PDV-03464,Nordeste,PE,Olinda,bar premium,B,13.9,16.1,15.8,21.3,1209.0,4,FRZ|LUM|MES,69,59,47,0,0
PDV-00837,Sudeste,MG,Juiz de Fora,bar premium,A,83.1,72.5,-12.8,35.9,2119.0,5,BAL|CHP|FRZ|KVI|LUM|MES,76,82,47,1,0
PDV-00754,Sudeste,MG,Juiz de Fora,bar premium,A,177.5,80.4,-54.7,24.1,2561.0,3,CHP|KVI|LUM|MES,62,36,47,5,0
PDV-02519,Sul,PR,Maringá,gastrobar,A,113.6,97.2,-14.4,11.5,2014.0,7,KVI|LUM|MES,49,42,47,1,0
PDV-02244,Sul,RS,Pelotas,bar premium,C,15.3,16.1,5.2,15.4,582.0,4,CHP|FRZ,59,46,47,1,1
PDV-03216,Centro-Oeste,GO,Goiânia,gastrobar,C,14.1,11.8,-16.3,12.6,636.0,3,KVI,50,25,47,2,0
PDV-00659,Sudeste,RJ,Petrópolis,gastrobar,A,156.3,89.9,-42.5,31.9,2847.0,5,BAL|FRZ|MES,71,49,45,5,0
PDV-02899,Centro-Oeste,DF,Brasília,rooftop,B,52.3,52.9,1.1,25.8,1273.0,3,CHP|KVI|MES,68,66,47,1,1
PDV-03492,Nordeste,PE,Olinda,restaurante,C,4.4,4.8,9.1,6.2,709.0,3,CHP|FRZ,77,72,47,0,0
PDV-01570,Sudeste,SP,Santos,choperia,B,35.1,20.4,-41.9,18.8,990.0,4,BAL|FRZ|MES,42,33,47,4,1
PDV-00540,Sudeste,SP,São Paulo,restaurante,C,18.3,19.0,3.8,24.2,649.0,3,KVI,64,51,47,1,0
PDV-00850,Sudeste,SP,São Paulo,restaurante,A,78.2,48.2,-38.4,29.1,2699.0,5,BAL|CHP|FRZ|KVI|LUM|MES,52,37,40,4,1
PDV-00003,Sudeste,SP,Campinas,gastrobar,A,127.2,75.9,-40.3,20.5,2388.0,5,BAL|LUM|MES,78,72,47,3,0
PDV-02248,Sul,PR,Curitiba,gastrobar,B,21.1,11.8,-44.1,28.5,1286.0,6,CHP|FRZ|MES,72,47,12,4,0
PDV-03453,Nordeste,BA,Feira de Santana,restaurante,B,28.9,32.8,13.5,21.5,1326.0,6,BAL|FRZ|KVI|LUM,61,47,15,0,0
PDV-03235,Centro-Oeste,MS,Campo Grande,gastrobar,B,33.5,27.6,-17.6,26.9,1229.0,5,CHP|FRZ|MES,58,48,47,2,0
PDV-01946,Sudeste,RJ,Rio de Janeiro,bar premium,B,29.5,28.5,-3.4,24.2,1327.0,5,KVI|LUM,64,52,47,1,0
PDV-02037,Sul,PR,Maringá,pub,C,10.7,6.6,-38.3,23.1,714.0,3,BAL|LUM|MES,51,36,47,3,0
PDV-01320,Sudeste,SP,Campinas,gastrobar,C,15.6,14.5,-7.1,12.5,576.0,4,CHP,93,79,27,1,1
PDV-02399,Sul,RS,Pelotas,gastrobar,A,63.5,44.4,-30.1,26.1,2109.0,4,BAL|CHP|FRZ|KVI|LUM|MES,65,43,21,4,1
PDV-00512,Sudeste,SP,São José dos Campos,restaurante,C,7.8,7.2,-7.7,17.6,701.0,2,CHP,54,47,47,1,0
PDV-01696,Sudeste,RJ,Petrópolis,gastrobar,A,194.2,188.0,-3.2,37.7,2341.0,8,BAL|CHP|FRZ|KVI|LUM|MES,76,76,47,2,0
PDV-03075,Centro-Oeste,DF,Brasília,restaurante,A,46.6,43.1,-7.5,21.7,2061.0,6,BAL|CHP|KVI|LUM|MES,38,31,25,2,1
PDV-00670,Sudeste,SP,Campinas,bar premium,C,7.0,4.1,-41.4,18.0,771.0,4,FRZ|LUM,81,72,47,4,1
PDV-00039,Sudeste,MG,Juiz de Fora,bar premium,C,12.8,12.0,-6.2,13.1,676.0,3,BAL|LUM,55,46,47,1,0
PDV-03058,Centro-Oeste,DF,Brasília,choperia,A,89.9,88.5,-1.6,26.0,1972.0,6,BAL|CHP|FRZ|KVI|LUM|MES,56,46,47,0,0
PDV-01650,Sudeste,MG,Juiz de Fora,pub,A,73.3,70.0,-4.5,34.8,2048.0,5,BAL|CHP|FRZ|KVI|LUM|MES,52,35,28,1,1
PDV-02130,Sul,RS,Pelotas,bar premium,A,91.2,55.9,-38.7,29.8,2214.0,5,CHP|FRZ|KVI|LUM,58,51,35,3,0
PDV-02030,Sul,PR,Maringá,gastrobar,C,9.3,9.6,3.2,17.4,605.0,4,FRZ|LUM,45,27,47,0,0
PDV-01487,Sudeste,SP,Santos,bar premium,B,16.1,12.9,-19.9,18.3,968.0,5,FRZ|KVI|LUM|MES,84,68,47,2,1
PDV-02246,Sul,PR,Curitiba,gastrobar,C,17.1,13.8,-19.3,20.9,751.0,4,BAL|FRZ|LUM,66,56,47,1,0
PDV-01185,Sudeste,MG,Uberlândia,gastrobar,A,112.2,70.2,-37.4,24.8,2433.0,6,BAL|CHP|FRZ|KVI|LUM,73,62,21,4,1
PDV-00394,Sudeste,SP,Campinas,bar premium,B,20.1,18.2,-9.5,17.2,1239.0,3,KVI|MES,49,47,6,0,0
PDV-01951,Sudeste,SP,São Paulo,gastrobar,B,71.9,65.5,-8.9,22.1,1482.0,4,CHP|LUM,64,56,24,1,0
PDV-03305,Centro-Oeste,MT,Cuiabá,pub,B,35.5,25.7,-27.6,25.8,1539.0,3,BAL|CHP|KVI,71,64,47,4,0
PDV-02155,Sul,RS,Pelotas,rooftop,C,11.6,8.1,-30.2,12.7,762.0,3,KVI,66,45,47,3,0
PDV-01979,Sudeste,SP,São Paulo,bar premium,C,7.8,6.4,-17.9,11.7,720.0,4,BAL|CHP|MES,62,64,47,2,0
PDV-00157,Sudeste,SP,Ribeirão Preto,pub,C,24.7,21.6,-12.6,12.8,676.0,3,KVI|LUM,56,52,47,1,0
PDV-01835,Sudeste,RJ,Niterói,gastrobar,A,113.0,97.7,-13.5,28.9,2806.0,5,CHP|FRZ|KVI,52,42,47,1,0
PDV-01385,Sudeste,SP,Ribeirão Preto,bar premium,C,18.2,15.8,-13.2,7.2,784.0,2,BAL|KVI|MES,72,82,47,1,0
PDV-00476,Sudeste,RJ,Rio de Janeiro,pub,A,139.6,60.9,-56.4,23.5,2584.0,6,BAL|FRZ|KVI|MES,59,47,47,4,0
PDV-01345,Sudeste,SP,Ribeirão Preto,rooftop,C,7.3,4.1,-43.8,19.4,719.0,2,KVI|MES,66,53,36,5,0
PDV-03495,Nordeste,BA,Feira de Santana,bar premium,C,8.5,9.9,16.5,13.5,644.0,4,CHP|FRZ|KVI,83,83,47,0,0
PDV-01872,Sudeste,SP,São Paulo,restaurante,A,149.0,105.6,-29.1,32.1,2319.0,6,BAL|CHP|FRZ|LUM|MES,65,48,47,3,1
PDV-00619,Sudeste,SP,Santos,pub,B,51.2,30.4,-40.6,16.8,1239.0,4,KVI|MES,84,71,47,5,1
PDV-01407,Sudeste,MG,Belo Horizonte,pub,B,61.9,56.4,-8.9,15.6,1325.0,4,BAL|FRZ,47,51,40,0,1
PDV-02139,Sul,PR,Londrina,pub,A,42.9,39.7,-7.5,25.2,2402.0,6,CHP|FRZ|KVI|LUM|MES,60,41,14,1,1
PDV-02255,Sul,PR,Maringá,pub,C,8.2,9.4,14.6,14.7,894.0,4,BAL|FRZ,74,62,47,0,1
PDV-00391,Sudeste,SP,Ribeirão Preto,restaurante,C,10.3,10.3,0.0,12.3,502.0,2,BAL|CHP|KVI,55,49,25,0,1
PDV-01743,Sudeste,SP,São José dos Campos,bar premium,B,57.3,58.6,2.3,26.8,1153.0,3,CHP|KVI,58,54,47,1,1
PDV-01222,Sudeste,SP,Campinas,bar premium,C,20.2,11.4,-43.6,18.8,708.0,5,LUM|MES,72,58,17,4,0
PDV-01753,Sudeste,RJ,Niterói,rooftop,C,7.8,7.6,-2.6,16.4,649.0,3,FRZ|MES,59,51,47,2,1
PDV-01802,Sudeste,SP,São Paulo,choperia,C,24.2,19.9,-17.8,18.9,633.0,4,BAL|MES,59,37,22,2,0
PDV-01147,Sudeste,MG,Belo Horizonte,bar premium,B,43.2,36.1,-16.4,20.3,1384.0,4,FRZ|KVI,63,47,47,1,0
PDV-01228,Sudeste,SP,Santos,bar premium,C,8.2,7.7,-6.1,12.4,632.0,2,BAL|CHP|FRZ,52,46,47,1,1
PDV-01639,Sudeste,RJ,Petrópolis,pub,C,9.8,5.5,-43.9,25.7,725.0,4,CHP,67,56,18,4,0
PDV-02948,Centro-Oeste,GO,Goiânia,rooftop,C,9.1,6.9,-24.2,10.2,746.0,5,CHP,61,48,23,1,0
PDV-00902,Sudeste,MG,Uberlândia,bar premium,C,11.7,10.1,-13.7,16.9,898.0,3,CHP|LUM,49,33,47,2,0
PDV-01563,Sudeste,SP,Ribeirão Preto,bar premium,A,196.8,189.7,-3.6,33.9,2393.0,6,BAL|CHP|KVI|MES,44,27,39,1,1
PDV-00504,Sudeste,SP,São José dos Campos,bar premium,B,73.2,64.4,-12.0,28.2,1232.0,2,BAL|FRZ,55,51,47,0,0
PDV-01494,Sudeste,SP,São José dos Campos,restaurante,C,23.5,13.6,-42.1,25.1,697.0,3,CHP|KVI|LUM,66,39,47,3,0
PDV-00995,Sudeste,SP,São Paulo,gastrobar,C,10.8,9.7,-10.2,16.6,488.0,4,BAL,35,21,47,0,1
PDV-00043,Sudeste,SP,Ribeirão Preto,pub,C,11.1,8.5,-23.4,18.9,700.0,4,CHP|KVI|LUM,60,60,13,1,0
PDV-03424,Nordeste,PE,Recife,gastrobar,C,13.7,16.6,21.2,15.6,635.0,3,BAL|FRZ|LUM,74,57,47,0,1
PDV-00818,Sudeste,MG,Belo Horizonte,restaurante,B,24.9,13.2,-47.0,24.9,1199.0,2,CHP|FRZ|KVI,69,50,38,4,0
PDV-01247,Sudeste,RJ,Rio de Janeiro,choperia,C,5.5,5.0,-9.1,15.6,843.0,4,BAL|FRZ|KVI,89,79,47,1,0
PDV-00876,Sudeste,SP,Ribeirão Preto,restaurante,B,40.5,35.5,-12.3,28.1,1274.0,5,KVI|LUM|MES,71,71,47,1,1
PDV-03522,Nordeste,BA,Feira de Santana,gastrobar,B,41.3,49.9,20.8,23.2,846.0,4,FRZ|KVI|LUM,57,49,44,0,0
PDV-03063,Centro-Oeste,DF,Brasília,gastrobar,C,10.6,9.8,-7.5,14.1,683.0,3,CHP|FRZ|KVI,47,38,30,0,0
PDV-01644,Sudeste,SP,Campinas,pub,C,23.0,18.4,-20.0,16.6,818.0,4,FRZ|LUM|MES,64,50,47,2,1
PDV-03781,Nordeste,CE,Fortaleza,bar premium,C,17.7,20.4,15.3,26.7,669.0,3,KVI|LUM|MES,73,64,12,0,0
PDV-00291,Sudeste,SP,Ribeirão Preto,choperia,A,223.2,104.8,-53.0,32.9,2029.0,4,BAL|CHP|FRZ|LUM|MES,66,53,47,4,1
PDV-03442,Nordeste,CE,Juazeiro do Norte,rooftop,B,30.2,31.6,4.6,14.5,1316.0,4,BAL|CHP|FRZ|MES,69,58,7,1,0
PDV-00459,Sudeste,RJ,Petrópolis,bar premium,C,16.3,14.1,-13.5,20.8,782.0,4,FRZ,72,71,7,1,1
PDV-00425,Sudeste,SP,São Paulo,pub,B,47.8,18.0,-62.3,23.2,1496.0,4,KVI|MES,81,81,47,4,0
PDV-00053,Sudeste,SP,São José dos Campos,bar premium,C,8.5,6.6,-22.4,8.0,551.0,4,BAL|KVI|MES,54,53,31,2,1
PDV-02741,Sul,SC,Florianópolis,bar premium,C,19.0,19.3,1.6,22.4,602.0,2,FRZ|LUM,78,63,20,1,1
PDV-03510,Nordeste,PE,Caruaru,choperia,B,57.5,62.5,8.7,25.0,1221.0,3,BAL|CHP|KVI|LUM,70,71,46,0,0
PDV-00462,Sudeste,MG,Belo Horizonte,pub,A,54.3,44.4,-18.2,33.5,2381.0,7,BAL|CHP|FRZ|LUM|MES,53,36,47,2,1
PDV-02193,Sul,PR,Curitiba,pub,A,76.5,56.0,-26.8,26.2,2357.0,6,BAL|CHP|FRZ,30,16,38,3,1
PDV-00330,Sudeste,ES,Vila Velha,bar premium,C,8.9,8.5,-4.5,9.5,603.0,4,FRZ|KVI,44,44,47,0,0
PDV-00954,Sudeste,RJ,Niterói,bar premium,A,134.9,67.1,-50.3,23.3,3101.0,5,BAL|CHP|FRZ|KVI|LUM,69,52,14,5,1
PDV-01070,Sudeste,SP,Ribeirão Preto,pub,A,173.8,112.0,-35.6,21.7,2462.0,5,BAL|CHP|KVI|LUM|MES,45,30,47,3,0
PDV-02798,Sul,SC,Florianópolis,bar premium,C,4.5,4.4,-2.2,21.6,654.0,4,MES,65,59,19,1,1
PDV-03792,Nordeste,PE,Recife,restaurante,B,25.6,28.7,12.1,23.3,1088.0,5,BAL|CHP,56,43,47,0,1
PDV-00573,Sudeste,SP,Ribeirão Preto,gastrobar,A,62.9,32.1,-49.0,18.5,2572.0,6,BAL|FRZ|LUM,70,50,47,3,1
PDV-02506,Sul,SC,Florianópolis,pub,C,11.6,12.5,7.8,14.9,530.0,4,BAL|CHP|LUM,78,87,47,0,0
PDV-01574,Sudeste,SP,São José dos Campos,pub,B,48.5,46.6,-3.9,22.9,1552.0,3,FRZ|KVI|LUM|MES,67,61,47,1,1
PDV-01252,Sudeste,SP,Ribeirão Preto,bar premium,C,17.2,14.2,-17.4,9.6,695.0,2,LUM,80,71,6,2,1
PDV-01869,Sudeste,RJ,Rio de Janeiro,choperia,B,62.6,60.6,-3.2,19.0,1475.0,5,FRZ|KVI,32,6,47,0,0
PDV-03157,Centro-Oeste,DF,Brasília,bar premium,B,48.0,48.0,0.0,22.3,852.0,3,BAL|LUM|MES,56,65,47,0,0
PDV-02426,Sul,SC,Balneário Camboriú,bar premium,A,103.4,63.7,-38.4,27.6,2585.0,5,BAL|CHP|FRZ|KVI|LUM|MES,72,54,47,4,1
PDV-01196,Sudeste,MG,Belo Horizonte,bar premium,B,46.6,40.9,-12.2,27.8,1301.0,5,BAL|CHP|MES,49,32,47,1,0
PDV-00574,Sudeste,SP,Campinas,restaurante,C,10.2,7.6,-25.5,15.6,687.0,4,BAL|CHP|LUM,68,49,47,3,0
PDV-03488,Nordeste,BA,Salvador,rooftop,C,23.2,29.1,25.4,18.5,511.0,2,FRZ,53,54,47,0,0
PDV-03330,Centro-Oeste,MT,Cuiabá,rooftop,C,7.2,7.5,4.2,13.9,673.0,2,FRZ,32,31,19,0,0
PDV-03673,Nordeste,BA,Feira de Santana,bar premium,B,15.3,16.6,8.5,14.1,1129.0,3,CHP|LUM,49,41,47,1,1
PDV-02930,Centro-Oeste,GO,Anápolis,choperia,A,97.6,98.0,0.4,25.3,2849.0,9,BAL|CHP|FRZ,65,61,47,0,0
PDV-02447,Sul,SC,Florianópolis,restaurante,A,77.6,68.6,-11.6,22.0,2856.0,8,CHP|FRZ|KVI|LUM|MES,72,54,14,2,0
PDV-02212,Sul,RS,Porto Alegre,restaurante,C,7.5,4.6,-38.7,20.1,713.0,3,BAL|KVI|MES,70,61,47,3,0
PDV-03467,Nordeste,CE,Juazeiro do Norte,pub,B,32.3,34.8,7.7,21.6,1348.0,3,LUM|MES,48,36,9,2,0
PDV-00047,Sudeste,RJ,Niterói,rooftop,B,18.3,17.6,-3.8,27.2,1033.0,5,BAL|CHP|MES,74,75,38,1,1
PDV-00846,Sudeste,MG,Juiz de Fora,choperia,A,99.4,45.8,-53.9,40.1,2398.0,5,BAL|CHP|FRZ|KVI|LUM|MES,55,27,47,4,1
PDV-00804,Sudeste,SP,Santos,bar premium,B,68.0,35.9,-47.2,29.0,1381.0,4,CHP|FRZ|MES,34,18,47,5,0
PDV-02914,Centro-Oeste,MS,Campo Grande,restaurante,A,107.5,102.3,-4.8,36.9,2302.0,6,BAL|CHP|FRZ|KVI|LUM|MES,61,69,22,0,1
PDV-01606,Sudeste,SP,Campinas,restaurante,B,60.0,48.8,-18.7,28.9,1309.0,2,BAL|FRZ|KVI,59,50,47,1,0
PDV-02348,Sul,PR,Maringá,restaurante,B,36.7,36.9,0.5,19.8,1058.0,4,BAL|KVI,71,52,47,2,1
PDV-03640,Nordeste,CE,Fortaleza,bar premium,A,52.8,41.5,-21.4,32.5,2133.0,6,BAL|CHP|FRZ|MES,38,29,47,3,0
PDV-02122,Sul,PR,Curitiba,bar premium,A,50.2,46.8,-6.8,24.8,2138.0,7,BAL|CHP|FRZ|KVI|LUM|MES,71,80,47,1,0
PDV-00807,Sudeste,MG,Belo Horizonte,restaurante,C,23.3,22.8,-2.1,12.6,751.0,3,LUM|MES,69,66,31,1,0
PDV-00613,Sudeste,SP,São José dos Campos,bar premium,C,12.0,12.7,5.8,7.7,462.0,3,BAL|FRZ|MES,69,59,47,0,1
PDV-03483,Nordeste,BA,Feira de Santana,gastrobar,C,9.2,9.8,6.5,7.3,743.0,2,MES,76,58,17,1,1
PDV-00534,Sudeste,MG,Belo Horizonte,bar premium,C,5.6,5.1,-8.9,4.5,600.0,3,BAL|KVI|LUM,53,39,47,2,1
PDV-01172,Sudeste,SP,Ribeirão Preto,bar premium,A,98.9,88.2,-10.8,14.5,1659.0,5,BAL|CHP|FRZ,62,56,22,0,0
PDV-03276,Centro-Oeste,DF,Brasília,choperia,C,7.8,6.9,-11.5,29.5,584.0,3,FRZ,69,57,16,1,0
PDV-01813,Sudeste,SP,São Paulo,bar premium,B,54.8,32.3,-41.1,22.2,962.0,4,BAL|KVI,62,49,47,4,0
PDV-03440,Nordeste,CE,Juazeiro do Norte,bar premium,B,31.8,33.1,4.1,12.2,1405.0,3,BAL|FRZ|KVI,84,75,47,0,0
PDV-02530,Sul,RS,Pelotas,pub,B,15.7,16.9,7.6,27.7,1184.0,4,BAL|KVI|MES,55,55,14,1,0
PDV-02896,Centro-Oeste,MT,Cuiabá,gastrobar,B,54.2,49.8,-8.1,18.1,1064.0,5,BAL|CHP|LUM,66,56,47,1,1
PDV-02873,Centro-Oeste,MS,Campo Grande,bar premium,A,141.7,128.1,-9.6,27.3,2166.0,8,BAL|KVI|LUM|MES,28,24,17,0,1
PDV-02614,Sul,PR,Londrina,choperia,A,68.3,65.4,-4.2,27.5,1987.0,7,BAL|FRZ|KVI|LUM|MES,79,73,33,1,1
PDV-03004,Centro-Oeste,GO,Anápolis,bar premium,C,10.5,9.7,-7.6,24.5,682.0,3,LUM,61,61,47,0,0
PDV-01037,Sudeste,SP,São Paulo,gastrobar,A,55.7,36.0,-35.4,30.9,2304.0,5,BAL|CHP|KVI|LUM,50,32,47,4,1
PDV-03569,Nordeste,PE,Olinda,rooftop,C,7.6,9.2,21.1,4.6,594.0,3,BAL|LUM,68,56,35,0,1
PDV-00356,Sudeste,SP,São José dos Campos,restaurante,B,18.8,12.9,-31.4,22.8,1391.0,5,CHP|KVI|LUM,44,25,33,3,0
PDV-02572,Sul,SC,Florianópolis,bar premium,B,47.8,36.0,-24.7,9.7,1207.0,5,BAL|CHP|LUM|MES,73,54,47,3,0
PDV-00588,Sudeste,RJ,Niterói,gastrobar,B,27.5,26.2,-4.7,20.1,1036.0,5,CHP|KVI,77,69,20,0,1
PDV-03207,Centro-Oeste,DF,Brasília,bar premium,C,9.6,9.3,-3.1,17.3,567.0,5,BAL|CHP|KVI,65,56,32,1,0
PDV-02976,Centro-Oeste,DF,Brasília,gastrobar,A,77.5,74.1,-4.4,22.4,1758.0,8,BAL|CHP|FRZ|KVI|LUM|MES,65,53,43,1,0
PDV-00771,Sudeste,SP,São José dos Campos,bar premium,C,9.0,6.9,-23.3,16.1,669.0,3,LUM,54,56,47,3,1
PDV-03080,Centro-Oeste,DF,Brasília,rooftop,A,115.2,70.1,-39.1,31.3,2010.0,5,BAL|CHP|FRZ|KVI|LUM,51,43,47,3,1
PDV-01915,Sudeste,RJ,Petrópolis,restaurante,A,84.6,69.1,-18.3,24.3,2400.0,5,BAL|CHP|KVI|MES,56,49,47,1,0
PDV-03096,Centro-Oeste,DF,Brasília,bar premium,A,81.7,36.3,-55.6,22.7,2210.0,4,BAL|CHP|KVI,61,49,47,4,0
PDV-00001,Sudeste,SP,Santos,bar premium,C,11.1,10.0,-9.9,13.2,844.0,3,MES,59,53,47,2,0
PDV-03113,Centro-Oeste,GO,Anápolis,gastrobar,C,13.4,11.2,-16.4,18.4,798.0,6,CHP|LUM|MES,46,29,47,2,0
PDV-02768,Sul,PR,Maringá,gastrobar,C,17.4,17.1,-1.7,8.8,721.0,2,FRZ|LUM|MES,67,54,47,0,0
PDV-00988,Sudeste,SP,Campinas,bar premium,C,15.8,15.4,-2.5,13.4,541.0,3,LUM|MES,74,70,7,0,0
PDV-01207,Sudeste,ES,Vila Velha,bar premium,A,92.6,82.4,-11.0,33.0,2341.0,6,BAL|CHP|FRZ|KVI|LUM|MES,74,63,47,2,1
PDV-00267,Sudeste,SP,Campinas,pub,B,21.1,17.2,-18.5,22.9,1118.0,4,BAL|KVI|LUM|MES,80,65,47,2,0
PDV-00148,Sudeste,SP,Campinas,bar premium,C,12.6,12.1,-4.0,19.9,592.0,4,LUM,60,52,47,0,0
PDV-00011,Sudeste,MG,Juiz de Fora,restaurante,C,30.7,29.7,-3.3,20.4,792.0,3,CHP|LUM,63,45,35,0,1
PDV-02726,Sul,RS,Porto Alegre,bar premium,C,14.6,11.2,-23.3,11.0,668.0,3,BAL,69,45,47,3,0
PDV-01176,Sudeste,MG,Belo Horizonte,bar premium,C,6.9,4.4,-36.2,11.5,611.0,4,CHP,60,61,47,3,0
PDV-02849,Sul,SC,Florianópolis,bar premium,C,17.2,17.5,1.7,10.3,619.0,2,LUM,58,53,47,1,1
PDV-01239,Sudeste,SP,São José dos Campos,bar premium,B,33.7,22.9,-32.0,31.5,1231.0,3,BAL|CHP|MES,74,58,47,3,1
PDV-01928,Sudeste,RJ,Rio de Janeiro,bar premium,B,51.0,41.3,-19.0,25.0,1126.0,4,BAL|LUM,58,47,29,1,0
PDV-03533,Nordeste,BA,Salvador,restaurante,B,18.5,18.2,-1.6,12.0,1300.0,4,BAL|FRZ|KVI|LUM,46,43,47,0,0
PDV-00060,Sudeste,SP,Campinas,gastrobar,C,12.4,11.0,-11.3,7.6,714.0,3,BAL|KVI,71,42,47,2,0
PDV-02759,Sul,RS,Porto Alegre,pub,B,46.7,47.9,2.6,27.3,1265.0,4,CHP|FRZ|KVI,42,44,47,0,0
PDV-00857,Sudeste,SP,Ribeirão Preto,bar premium,A,68.1,28.8,-57.7,28.3,2258.0,5,BAL|CHP|FRZ|KVI|LUM,46,34,47,5,1
PDV-02270,Sul,PR,Curitiba,restaurante,B,49.5,51.3,3.6,21.3,1172.0,4,BAL|LUM|MES,93,81,18,1,0
PDV-03504,Nordeste,PE,Recife,pub,B,12.4,12.7,2.4,12.2,1148.0,5,BAL|CHP|KVI|LUM,79,68,47,2,1
PDV-00745,Sudeste,ES,Vila Velha,restaurante,A,156.5,88.5,-43.5,16.8,3190.0,5,BAL|CHP|KVI|LUM|MES,63,54,45,3,1
PDV-00517,Sudeste,SP,São Paulo,bar premium,C,8.1,8.2,1.2,16.1,722.0,1,LUM|MES,48,48,47,0,0
PDV-02807,Sul,PR,Curitiba,gastrobar,C,7.2,6.7,-6.9,33.6,602.0,2,BAL|LUM,63,50,47,2,0
PDV-02787,Sul,PR,Maringá,gastrobar,B,38.1,36.3,-4.7,24.5,1213.0,4,BAL|KVI|LUM,73,55,28,1,1
PDV-02783,Sul,RS,Porto Alegre,rooftop,A,46.4,39.4,-15.1,39.3,2328.0,8,CHP|FRZ|KVI|LUM|MES,50,47,47,2,1
PDV-03196,Centro-Oeste,GO,Goiânia,gastrobar,C,19.1,17.5,-8.4,17.4,516.0,2,KVI|MES,69,57,47,1,0
PDV-00117,Sudeste,RJ,Niterói,gastrobar,B,47.3,36.5,-22.8,22.1,1378.0,4,BAL|CHP|FRZ|KVI,33,14,20,2,1
PDV-02342,Sul,SC,Florianópolis,gastrobar,C,6.7,5.9,-11.9,28.1,697.0,4,KVI,71,63,47,0,0
PDV-01027,Sudeste,MG,Belo Horizonte,bar premium,B,48.8,31.3,-35.9,14.9,1490.0,3,BAL|FRZ|LUM|MES,71,46,40,3,0
PDV-02865,Centro-Oeste,DF,Brasília,pub,C,10.2,8.4,-17.6,23.0,542.0,3,BAL,60,55,47,0,0
PDV-01864,Sudeste,SP,São José dos Campos,rooftop,C,24.0,9.5,-60.4,13.0,690.0,6,BAL|LUM,50,32,47,5,1
PDV-01157,Sudeste,RJ,Rio de Janeiro,gastrobar,C,15.4,12.7,-17.5,15.3,660.0,4,FRZ|KVI|LUM,74,72,47,1,0
PDV-01929,Sudeste,RJ,Petrópolis,restaurante,C,12.4,11.8,-4.8,22.9,584.0,3,FRZ,74,65,47,0,0
PDV-03420,Nordeste,PE,Olinda,rooftop,C,6.6,7.9,19.7,13.9,833.0,2,BAL,77,63,47,0,1
PDV-02639,Sul,SC,Joinville,restaurante,C,31.3,31.5,0.6,10.9,672.0,2,BAL|FRZ|MES,56,45,47,1,0
PDV-03123,Centro-Oeste,GO,Goiânia,restaurante,C,5.6,4.2,-25.0,7.4,747.0,4,FRZ|KVI|LUM,71,58,47,2,1
PDV-00628,Sudeste,SP,São José dos Campos,restaurante,C,19.3,16.6,-14.0,13.2,766.0,3,FRZ|KVI,51,35,47,2,0
PDV-02780,Sul,RS,Caxias do Sul,restaurante,B,35.1,19.1,-45.6,17.6,1254.0,3,BAL|CHP,53,24,33,4,0
PDV-03566,Nordeste,PE,Recife,gastrobar,B,23.1,27.6,19.5,25.1,1398.0,7,BAL|FRZ|KVI|MES,64,68,47,0,0
PDV-00912,Sudeste,SP,Campinas,bar premium,B,35.8,29.6,-17.3,22.8,1182.0,5,CHP|LUM,57,53,47,2,0
PDV-00985,Sudeste,SP,Ribeirão Preto,rooftop,A,79.5,53.3,-33.0,22.5,2295.0,6,BAL|FRZ|LUM,47,31,47,3,1
PDV-00058,Sudeste,MG,Belo Horizonte,bar premium,A,149.3,117.1,-21.6,24.8,2131.0,6,BAL|KVI|LUM|MES,39,21,34,2,0
PDV-01637,Sudeste,SP,Campinas,bar premium,B,20.6,18.6,-9.7,23.3,1319.0,5,CHP|FRZ|KVI|LUM,62,35,47,0,0
PDV-01537,Sudeste,SP,Santos,choperia,C,10.9,8.5,-22.0,7.7,702.0,5,BAL,76,70,47,3,0
PDV-00130,Sudeste,SP,São Paulo,restaurante,C,17.1,16.6,-2.9,19.2,618.0,4,LUM,55,39,26,1,0
PDV-02090,Sul,PR,Curitiba,bar premium,B,39.1,37.7,-3.6,38.5,1385.0,5,CHP|FRZ|LUM,65,62,47,1,0
PDV-01914,Sudeste,SP,São José dos Campos,pub,B,39.1,35.8,-8.4,30.9,1415.0,5,FRZ|KVI,75,70,47,2,1
PDV-01241,Sudeste,RJ,Petrópolis,gastrobar,A,137.9,126.5,-8.3,22.8,2205.0,6,CHP|FRZ|KVI|LUM|MES,91,89,47,1,0
PDV-02963,Centro-Oeste,DF,Brasília,gastrobar,B,19.5,17.1,-12.3,18.8,1259.0,3,BAL|CHP|LUM,84,85,47,1,0
PDV-02168,Sul,PR,Londrina,restaurante,C,10.3,9.6,-6.8,17.4,695.0,3,FRZ|KVI|LUM,67,55,47,1,0
PDV-03423,Nordeste,BA,Feira de Santana,bar premium,C,13.6,15.9,16.9,12.3,665.0,3,BAL|KVI|MES,53,51,42,1,1
PDV-02466,Sul,SC,Florianópolis,bar premium,A,148.5,157.0,5.7,25.9,2239.0,7,BAL|KVI|LUM|MES,50,28,47,0,1
PDV-01101,Sudeste,SP,Ribeirão Preto,bar premium,C,7.2,6.1,-15.3,4.0,558.0,5,MES,71,78,47,2,1
PDV-02897,Centro-Oeste,GO,Goiânia,bar premium,B,23.1,21.8,-5.6,31.5,1265.0,5,BAL|FRZ|KVI|LUM,57,39,47,1,0
PDV-03539,Nordeste,CE,Fortaleza,gastrobar,A,54.3,55.7,2.6,30.6,2471.0,8,BAL|CHP|FRZ|KVI,59,52,47,1,0
PDV-03344,Centro-Oeste,GO,Goiânia,pub,A,104.0,73.6,-29.2,20.2,2184.0,7,BAL|CHP|LUM,56,32,47,3,0
PDV-03101,Centro-Oeste,MT,Cuiabá,bar premium,B,34.3,16.3,-52.5,13.4,1021.0,3,CHP|FRZ,67,45,15,5,0
PDV-01602,Sudeste,ES,Vila Velha,gastrobar,C,11.6,7.1,-38.8,15.9,572.0,5,FRZ,62,67,47,4,0
PDV-00295,Sudeste,MG,Juiz de Fora,pub,A,182.3,111.0,-39.1,16.5,2556.0,5,BAL|CHP|FRZ|KVI|LUM,77,52,47,4,0
PDV-01963,Sudeste,SP,São José dos Campos,gastrobar,C,27.1,22.9,-15.5,7.6,639.0,3,FRZ,62,60,10,1,0
PDV-03537,Nordeste,PE,Recife,choperia,B,15.1,15.8,4.6,19.4,1230.0,3,BAL|CHP|MES,73,62,47,0,0
PDV-02260,Sul,SC,Florianópolis,choperia,C,15.4,12.9,-16.2,11.7,701.0,2,BAL,69,59,44,1,0
PDV-03215,Centro-Oeste,GO,Goiânia,bar premium,B,31.5,30.1,-4.4,20.2,1398.0,2,BAL|CHP|FRZ|KVI,81,77,45,0,1
PDV-02379,Sul,RS,Pelotas,pub,C,9.6,9.3,-3.1,3.0,649.0,2,KVI,42,34,8,1,0
PDV-01737,Sudeste,RJ,Niterói,gastrobar,C,10.6,9.2,-13.2,16.3,750.0,3,BAL|LUM|MES,60,49,47,1,0
PDV-01699,Sudeste,SP,Ribeirão Preto,bar premium,B,26.2,14.9,-43.1,21.6,972.0,3,BAL|FRZ|KVI,57,49,47,4,0
PDV-01954,Sudeste,RJ,Niterói,gastrobar,A,102.5,84.5,-17.6,35.1,2428.0,7,BAL|CHP|FRZ|KVI|LUM|MES,84,81,9,1,1
PDV-02892,Centro-Oeste,MT,Cuiabá,restaurante,C,12.0,7.5,-37.5,18.7,712.0,5,CHP|LUM|MES,56,43,34,4,1
PDV-00751,Sudeste,SP,Santos,gastrobar,B,32.7,27.4,-16.2,26.2,1177.0,6,BAL|CHP|LUM|MES,63,55,19,1,0
PDV-03687,Nordeste,CE,Juazeiro do Norte,rooftop,C,7.4,8.4,13.5,18.4,704.0,1,CHP,64,58,47,0,0
PDV-00207,Sudeste,MG,Belo Horizonte,bar premium,C,9.2,7.7,-16.3,18.1,754.0,5,CHP|KVI,86,61,47,2,0
PDV-01191,Sudeste,SP,Ribeirão Preto,pub,C,13.8,12.2,-11.6,10.8,747.0,4,CHP,56,42,31,1,0
PDV-00965,Sudeste,RJ,Rio de Janeiro,restaurante,C,8.4,4.9,-41.7,13.4,732.0,5,LUM,59,46,47,4,0
PDV-00216,Sudeste,SP,São Paulo,bar premium,A,44.4,25.9,-41.7,37.8,2069.0,7,BAL|FRZ|KVI,62,51,28,3,0
PDV-02562,Sul,SC,Florianópolis,pub,A,110.0,108.2,-1.6,32.9,2691.0,6,CHP|FRZ|KVI|LUM,49,31,47,1,0
PDV-02986,Centro-Oeste,MT,Cuiabá,bar premium,C,8.4,7.8,-7.1,14.0,532.0,3,CHP,59,49,47,1,0
PDV-01736,Sudeste,SP,Ribeirão Preto,bar premium,A,107.9,42.7,-60.4,26.2,2023.0,4,BAL|CHP|FRZ|KVI|LUM,64,45,13,5,0
PDV-03106,Centro-Oeste,DF,Brasília,bar premium,B,42.1,38.8,-7.8,23.6,1158.0,5,BAL|CHP|LUM|MES,54,42,47,1,1
PDV-02540,Sul,PR,Maringá,gastrobar,B,43.2,41.8,-3.2,27.8,1131.0,5,BAL|FRZ,73,62,47,0,0
PDV-02841,Sul,SC,Joinville,pub,C,9.2,9.0,-2.2,15.0,554.0,5,CHP|FRZ|MES,73,64,47,0,1
PDV-02078,Sul,RS,Caxias do Sul,bar premium,C,7.0,5.1,-27.1,8.9,671.0,3,BAL|LUM|MES,70,47,47,4,1
PDV-02181,Sul,SC,Florianópolis,bar premium,A,65.2,28.6,-56.1,37.9,2499.0,5,CHP|FRZ|KVI|LUM|MES,57,33,47,4,0
PDV-03501,Nordeste,PE,Olinda,restaurante,C,27.6,30.8,11.6,23.7,807.0,3,BAL|FRZ|LUM,49,44,22,1,0
PDV-00289,Sudeste,SP,Campinas,pub,C,26.3,25.4,-3.4,19.3,685.0,3,BAL|CHP,68,55,9,1,0
PDV-03627,Nordeste,PE,Olinda,gastrobar,C,6.1,6.6,8.2,5.8,573.0,2,LUM,65,41,42,0,0
PDV-02449,Sul,SC,Joinville,restaurante,C,14.1,13.1,-7.1,20.8,594.0,2,KVI|LUM,62,56,47,1,0
PDV-02129,Sul,PR,Curitiba,pub,C,12.8,6.2,-51.6,25.7,594.0,5,FRZ|LUM,88,74,47,4,0
PDV-00766,Sudeste,SP,São José dos Campos,restaurante,B,27.7,24.0,-13.4,26.9,1159.0,5,KVI|MES,68,64,46,2,1
PDV-01094,Sudeste,RJ,Niterói,bar premium,B,25.9,24.4,-5.8,27.7,1315.0,3,LUM|MES,71,60,47,1,0
PDV-00325,Sudeste,ES,Vitória,bar premium,C,13.5,11.5,-14.8,14.7,684.0,4,BAL,57,46,47,1,0
PDV-01890,Sudeste,SP,Ribeirão Preto,bar premium,C,31.6,29.4,-7.0,14.7,602.0,2,KVI|MES,73,71,21,1,1
PDV-02080,Sul,SC,Balneário Camboriú,pub,B,67.5,44.0,-34.8,16.8,964.0,3,BAL|FRZ|KVI|LUM,61,55,47,3,1
PDV-00125,Sudeste,SP,Santos,bar premium,A,158.3,63.4,-59.9,32.5,2790.0,4,BAL|CHP|FRZ|KVI|LUM|MES,69,45,10,5,1
PDV-02107,Sul,PR,Londrina,choperia,C,16.6,18.6,12.0,10.4,730.0,2,CHP|KVI|MES,72,71,47,0,0
PDV-00579,Sudeste,RJ,Niterói,bar premium,A,235.7,94.9,-59.7,27.4,2053.0,6,BAL|FRZ|KVI|LUM|MES,80,72,9,5,0
PDV-01307,Sudeste,ES,Vila Velha,bar premium,B,37.1,30.8,-17.0,20.4,1167.0,3,FRZ|KVI|MES,47,41,47,0,0
PDV-01264,Sudeste,ES,Vitória,restaurante,B,59.3,56.3,-5.1,37.6,1371.0,4,BAL|CHP|FRZ,74,68,47,0,1
PDV-01593,Sudeste,SP,Ribeirão Preto,pub,C,14.2,11.4,-19.7,11.6,656.0,3,MES,59,46,15,2,0
PDV-00296,Sudeste,SP,São Paulo,bar premium,A,134.9,60.9,-54.9,32.0,2815.0,4,BAL|CHP|KVI|LUM|MES,87,70,10,5,0
PDV-02257,Sul,RS,Caxias do Sul,rooftop,C,24.7,22.8,-7.7,12.2,833.0,5,MES,67,51,47,0,1
PDV-02131,Sul,RS,Porto Alegre,choperia,B,24.7,24.0,-2.8,22.9,1191.0,3,BAL|FRZ|LUM|MES,80,68,34,0,0
PDV-02777,Sul,PR,Londrina,restaurante,B,23.6,23.2,-1.7,32.0,1260.0,5,BAL|MES,55,47,47,1,0
PDV-00102,Sudeste,SP,Campinas,rooftop,A,133.9,64.1,-52.1,30.8,2649.0,5,BAL|CHP|LUM|MES,71,43,47,3,1
PDV-01904,Sudeste,SP,Santos,restaurante,B,40.4,36.8,-8.9,30.6,942.0,4,CHP|KVI|MES,59,50,47,1,0
PDV-03384,Centro-Oeste,MS,Campo Grande,bar premium,C,11.6,9.2,-20.7,24.9,735.0,4,BAL|LUM|MES,56,59,36,2,0
PDV-02136,Sul,PR,Curitiba,pub,C,17.0,15.5,-8.8,10.2,661.0,4,KVI|LUM|MES,54,43,46,2,0
PDV-00633,Sudeste,RJ,Niterói,gastrobar,B,33.5,35.5,6.0,12.0,1484.0,5,BAL|KVI|LUM|MES,73,66,47,0,0
PDV-00479,Sudeste,MG,Belo Horizonte,bar premium,B,51.7,40.6,-21.5,19.1,1302.0,4,CHP|FRZ|KVI|LUM,52,44,47,2,0
PDV-01945,Sudeste,RJ,Petrópolis,restaurante,B,27.9,24.5,-12.2,20.0,1512.0,4,CHP|FRZ,71,63,45,1,0
PDV-01411,Sudeste,SP,Ribeirão Preto,restaurante,C,8.2,5.5,-32.9,17.4,688.0,4,CHP|FRZ|KVI,76,59,47,3,0
PDV-03819,Nordeste,PE,Olinda,bar premium,C,8.1,10.1,24.7,8.6,717.0,2,BAL|MES,48,23,29,0,1
PDV-02185,Sul,RS,Pelotas,gastrobar,C,24.5,26.2,6.9,4.9,592.0,4,CHP|KVI|MES,78,65,47,0,0
PDV-02552,Sul,RS,Pelotas,rooftop,C,12.3,7.5,-39.0,5.7,632.0,4,MES,64,44,47,4,0
PDV-02272,Sul,RS,Pelotas,gastrobar,C,8.2,4.9,-40.2,12.9,656.0,3,BAL|KVI|MES,50,32,47,5,0
PDV-00661,Sudeste,SP,São Paulo,bar premium,A,129.3,118.5,-8.4,32.4,2661.0,7,BAL|CHP|FRZ|KVI|LUM|MES,56,34,47,2,1
PDV-00779,Sudeste,SP,São Paulo,pub,C,5.2,5.2,0.0,16.6,808.0,3,LUM,45,34,47,0,1
PDV-01002,Sudeste,RJ,Rio de Janeiro,bar premium,C,15.1,10.9,-27.8,18.9,849.0,3,CHP|KVI,66,60,47,4,0
PDV-02556,Sul,PR,Maringá,gastrobar,C,9.4,10.5,11.7,23.0,755.0,2,BAL,90,74,43,0,0
PDV-00234,Sudeste,SP,São Paulo,pub,B,29.7,17.3,-41.8,20.8,1247.0,3,FRZ|KVI|LUM|MES,43,34,47,5,0
PDV-00175,Sudeste,SP,Campinas,restaurante,A,100.4,49.0,-51.2,32.0,2257.0,5,BAL|CHP|FRZ|KVI|LUM|MES,77,73,35,5,0
PDV-03754,Nordeste,CE,Juazeiro do Norte,restaurante,C,3.7,3.7,0.0,8.0,717.0,2,CHP|LUM,59,40,33,2,0
PDV-01056,Sudeste,SP,Campinas,choperia,A,101.0,59.3,-41.3,33.4,2641.0,4,BAL|CHP|LUM|MES,87,80,47,5,0
PDV-01161,Sudeste,SP,Campinas,pub,B,50.9,49.6,-2.6,22.6,1242.0,5,CHP|LUM,49,47,47,0,0
PDV-02677,Sul,RS,Porto Alegre,bar premium,C,20.6,11.8,-42.7,20.1,759.0,4,KVI,68,57,47,4,0
PDV-01732,Sudeste,SP,Campinas,bar premium,A,94.1,80.8,-14.1,35.3,2907.0,7,CHP|FRZ|KVI|LUM|MES,81,80,47,1,1
PDV-00259,Sudeste,RJ,Rio de Janeiro,pub,C,7.6,7.1,-6.6,22.1,792.0,3,CHP,63,54,47,0,0
PDV-01390,Sudeste,RJ,Rio de Janeiro,choperia,A,53.0,46.4,-12.5,32.5,1896.0,8,BAL|CHP|MES,88,88,42,1,1
PDV-01427,Sudeste,SP,Santos,choperia,C,10.7,7.2,-32.7,9.1,728.0,4,BAL|FRZ|MES,51,30,47,4,0
PDV-02571,Sul,SC,Balneário Camboriú,bar premium,B,24.9,23.8,-4.4,24.3,1028.0,6,BAL|CHP|FRZ,52,41,47,2,0
PDV-02429,Sul,RS,Porto Alegre,bar premium,A,57.3,46.4,-19.0,21.7,2943.0,6,BAL|LUM|MES,75,65,18,2,1
PDV-02010,Sul,RS,Porto Alegre,bar premium,C,7.0,6.0,-14.3,19.3,699.0,4,BAL,69,68,47,1,0
PDV-03702,Nordeste,PE,Caruaru,gastrobar,C,10.5,12.4,18.1,11.4,646.0,2,KVI,78,67,42,0,0
PDV-02442,Sul,RS,Caxias do Sul,gastrobar,C,10.8,12.1,12.0,13.9,646.0,4,BAL|LUM|MES,66,70,24,1,0
PDV-00168,Sudeste,RJ,Rio de Janeiro,gastrobar,A,70.7,43.6,-38.3,23.7,2296.0,4,BAL|CHP|LUM|MES,60,30,47,3,0
PDV-02138,Sul,SC,Florianópolis,gastrobar,A,236.7,220.8,-6.7,26.4,2238.0,6,BAL|CHP|KVI|MES,53,42,47,0,0
PDV-00939,Sudeste,RJ,Rio de Janeiro,bar premium,B,48.0,20.1,-58.1,23.2,1454.0,3,BAL|CHP|FRZ|MES,41,32,9,5,0
PDV-01686,Sudeste,MG,Uberlândia,restaurante,A,185.8,150.4,-19.1,35.1,2152.0,6,CHP|FRZ|LUM,84,74,39,1,1
PDV-02845,Sul,PR,Londrina,bar premium,C,10.6,5.5,-48.1,18.3,696.0,7,BAL|CHP|MES,60,51,47,5,0
PDV-01582,Sudeste,RJ,Rio de Janeiro,bar premium,B,82.8,40.6,-51.0,28.0,1600.0,3,CHP|FRZ,57,46,36,5,1
PDV-02049,Sul,SC,Florianópolis,restaurante,A,102.0,113.0,10.8,25.4,2694.0,8,BAL|CHP|FRZ|LUM,46,33,40,0,0
PDV-01705,Sudeste,RJ,Rio de Janeiro,restaurante,B,12.1,7.4,-38.8,31.2,1150.0,5,BAL|FRZ|KVI|MES,79,70,47,3,0
PDV-03044,Centro-Oeste,DF,Brasília,pub,A,65.8,63.0,-4.3,26.0,2552.0,7,BAL|CHP|FRZ|KVI|MES,45,37,35,2,0
PDV-00439,Sudeste,SP,Campinas,choperia,C,16.5,17.6,6.7,11.2,683.0,4,BAL|FRZ,72,64,47,0,1
PDV-03233,Centro-Oeste,DF,Brasília,choperia,A,175.8,161.6,-8.1,38.4,2311.0,5,CHP|KVI|LUM,58,50,47,0,1
PDV-03120,Centro-Oeste,GO,Anápolis,rooftop,A,67.3,55.6,-17.4,26.5,2355.0,6,CHP|FRZ|KVI|LUM|MES,85,60,47,2,0
PDV-02843,Sul,SC,Balneário Camboriú,bar premium,C,10.8,10.5,-2.8,13.6,756.0,3,BAL,75,65,47,2,0
PDV-02320,Sul,SC,Balneário Camboriú,pub,C,17.6,13.0,-26.1,8.8,736.0,5,CHP|MES,70,64,18,4,0
PDV-02388,Sul,RS,Caxias do Sul,rooftop,C,14.7,15.6,6.1,8.7,711.0,2,BAL|CHP|FRZ,61,52,47,1,0
PDV-02452,Sul,RS,Porto Alegre,bar premium,C,5.4,4.3,-20.4,3.5,805.0,2,LUM,71,47,47,3,0
PDV-00467,Sudeste,SP,São José dos Campos,bar premium,B,56.5,35.3,-37.5,11.4,1174.0,4,CHP|KVI,70,62,47,3,0
PDV-03236,Centro-Oeste,MT,Cuiabá,rooftop,B,33.2,16.2,-51.2,17.4,1014.0,3,FRZ|KVI|LUM|MES,57,45,7,4,0
PDV-00143,Sudeste,MG,Juiz de Fora,bar premium,C,10.6,11.5,8.5,11.3,795.0,4,MES,55,54,47,0,1
PDV-02486,Sul,RS,Porto Alegre,restaurante,C,5.4,3.4,-37.0,18.5,662.0,2,KVI|LUM,70,44,47,4,0
PDV-03321,Centro-Oeste,DF,Brasília,gastrobar,C,10.5,9.6,-8.6,11.2,695.0,4,BAL|CHP,54,37,47,1,0
PDV-01297,Sudeste,RJ,Rio de Janeiro,pub,A,62.2,60.4,-2.9,32.4,2843.0,7,BAL|FRZ|KVI|LUM,72,72,42,1,0
PDV-03794,Nordeste,PE,Olinda,bar premium,C,12.5,14.0,12.0,16.6,805.0,1,MES,65,52,47,0,1
PDV-03432,Nordeste,PE,Olinda,bar premium,B,35.8,37.5,4.7,13.9,1269.0,5,CHP|FRZ,70,70,47,0,0
PDV-03209,Centro-Oeste,GO,Anápolis,bar premium,C,7.8,3.8,-51.3,19.9,650.0,3,BAL,72,67,47,4,0
PDV-00515,Sudeste,MG,Juiz de Fora,restaurante,A,118.5,84.8,-28.4,35.1,2163.0,6,BAL|FRZ|KVI|LUM,49,41,47,1,1
PDV-00327,Sudeste,ES,Vitória,bar premium,B,37.3,33.7,-9.7,23.6,1378.0,4,KVI|LUM|MES,79,61,47,2,0
PDV-00469,Sudeste,MG,Uberlândia,gastrobar,B,33.9,16.9,-50.1,16.8,1235.0,3,CHP|KVI|MES,65,48,47,3,0
PDV-03497,Nordeste,PE,Recife,restaurante,A,75.1,86.0,14.5,29.6,2368.0,8,BAL|CHP|FRZ|KVI|LUM|MES,64,56,47,0,1
PDV-03463,Nordeste,CE,Juazeiro do Norte,bar premium,B,27.5,32.2,17.1,26.8,1560.0,6,BAL|MES,72,59,47,0,0
PDV-00596,Sudeste,MG,Juiz de Fora,gastrobar,A,122.1,99.2,-18.8,32.6,2400.0,4,BAL|FRZ|MES,66,54,47,2,0
PDV-02254,Sul,RS,Pelotas,bar premium,B,29.1,27.1,-6.9,14.6,1173.0,6,BAL|FRZ|LUM,60,52,27,2,0
PDV-02196,Sul,RS,Pelotas,restaurante,C,10.9,11.0,0.9,10.2,770.0,2,CHP|MES,64,50,7,1,1
PDV-01502,Sudeste,SP,Ribeirão Preto,pub,B,34.5,35.1,1.7,28.0,1332.0,5,BAL|MES,66,69,47,0,1
PDV-01120,Sudeste,MG,Juiz de Fora,gastrobar,B,26.7,19.0,-28.8,24.7,1315.0,3,FRZ|MES,67,60,47,3,0
PDV-02875,Centro-Oeste,GO,Anápolis,bar premium,B,53.3,49.0,-8.1,15.6,1396.0,4,BAL|CHP|KVI|MES,63,50,17,1,0
PDV-03559,Nordeste,CE,Fortaleza,restaurante,C,4.4,5.1,15.9,12.7,734.0,3,BAL|KVI,49,29,47,0,1
PDV-00152,Sudeste,SP,Ribeirão Preto,rooftop,A,140.4,126.2,-10.1,31.6,2258.0,6,BAL|LUM|MES,51,53,8,2,1
PDV-02920,Centro-Oeste,GO,Anápolis,gastrobar,B,30.9,27.9,-9.7,21.4,1140.0,4,CHP|FRZ|LUM|MES,43,29,47,0,1
PDV-01270,Sudeste,RJ,Petrópolis,pub,C,10.8,11.4,5.6,6.2,822.0,2,CHP|FRZ|KVI,64,54,47,1,0
PDV-00287,Sudeste,RJ,Niterói,gastrobar,C,11.2,10.4,-7.1,12.8,738.0,3,BAL|CHP|LUM,65,60,47,1,1
PDV-01382,Sudeste,SP,São Paulo,restaurante,C,5.1,5.3,3.9,22.7,720.0,2,CHP|FRZ,68,61,47,0,0
PDV-03018,Centro-Oeste,MT,Cuiabá,bar premium,B,27.0,16.8,-37.8,24.3,1411.0,4,CHP|LUM|MES,62,43,47,3,0
PDV-03230,Centro-Oeste,DF,Brasília,bar premium,C,6.0,4.3,-28.3,15.2,673.0,4,LUM,61,49,47,3,1
PDV-01417,Sudeste,SP,Campinas,restaurante,B,44.6,36.1,-19.1,26.6,1136.0,3,CHP|LUM|MES,71,57,47,1,0
PDV-03785,Nordeste,BA,Feira de Santana,restaurante,A,205.5,217.7,5.9,21.9,2584.0,7,BAL|CHP|FRZ|KVI|LUM|MES,69,68,47,1,1
PDV-03665,Nordeste,RN,Natal,gastrobar,C,4.3,4.8,11.6,24.6,740.0,1,LUM,78,65,47,1,1
PDV-01339,Sudeste,SP,Campinas,rooftop,B,30.0,23.9,-20.3,10.6,1208.0,3,KVI|LUM,55,56,47,2,0
PDV-03429,Nordeste,BA,Salvador,rooftop,B,14.2,15.1,6.3,14.2,1147.0,5,CHP|KVI|MES,52,39,47,1,0
PDV-03034,Centro-Oeste,DF,Brasília,bar premium,B,35.1,22.5,-35.9,25.5,1120.0,3,BAL|KVI,59,54,32,5,0
PDV-02693,Sul,RS,Caxias do Sul,gastrobar,B,39.8,41.7,4.8,11.2,1152.0,4,BAL|LUM|MES,59,41,47,0,0
PDV-02076,Sul,PR,Londrina,choperia,C,12.4,13.0,4.8,13.8,674.0,2,BAL|FRZ|KVI,79,71,18,0,0
PDV-02476,Sul,SC,Joinville,bar premium,A,87.4,80.2,-8.2,28.0,1951.0,6,BAL|FRZ|KVI|LUM,79,69,47,2,0
PDV-02339,Sul,RS,Pelotas,restaurante,B,26.0,24.8,-4.6,27.2,1156.0,5,BAL|CHP|KVI|MES,70,71,35,1,0
PDV-02276,Sul,PR,Maringá,restaurante,B,26.3,27.5,4.6,32.3,1210.0,5,CHP|FRZ|KVI,51,33,47,1,0
PDV-00094,Sudeste,ES,Vitória,pub,C,6.1,3.2,-47.5,6.0,675.0,3,CHP,56,41,47,4,0
PDV-03145,Centro-Oeste,DF,Brasília,bar premium,B,20.2,17.0,-15.8,22.9,1311.0,5,BAL|FRZ|KVI|MES,61,39,47,1,0
PDV-02489,Sul,PR,Londrina,restaurante,B,45.9,43.7,-4.8,24.7,1186.0,4,FRZ|LUM,73,61,47,2,1
PDV-01312,Sudeste,RJ,Niterói,bar premium,A,113.8,104.3,-8.3,31.3,2729.0,6,BAL|CHP|FRZ|LUM|MES,69,54,32,0,1
PDV-01451,Sudeste,SP,Campinas,bar premium,A,141.0,119.2,-15.5,27.3,2517.0,7,BAL|CHP|FRZ|KVI|LUM|MES,70,46,47,2,0
PDV-02801,Sul,RS,Caxias do Sul,bar premium,C,10.5,11.4,8.6,20.2,785.0,3,LUM|MES,77,59,47,1,0
PDV-00605,Sudeste,SP,São Paulo,pub,A,186.4,140.3,-24.7,20.4,2284.0,6,BAL|CHP|FRZ|KVI|LUM,46,35,47,1,0
PDV-01933,Sudeste,SP,São José dos Campos,bar premium,B,50.2,41.0,-18.3,17.6,1616.0,4,KVI|MES,43,32,11,1,0
PDV-02053,Sul,SC,Florianópolis,bar premium,C,14.6,11.0,-24.7,13.8,728.0,3,BAL|LUM,61,44,47,4,1
PDV-00502,Sudeste,SP,Santos,bar premium,B,20.6,20.0,-2.9,22.8,1358.0,5,CHP|KVI|LUM|MES,66,58,47,0,0
PDV-01253,Sudeste,SP,São José dos Campos,rooftop,B,33.4,32.0,-4.2,21.5,1265.0,3,BAL|CHP|FRZ,51,28,26,0,0
PDV-01418,Sudeste,ES,Vila Velha,pub,A,156.0,137.7,-11.7,27.2,2177.0,5,CHP|FRZ|LUM,82,77,18,1,1
PDV-02949,Centro-Oeste,DF,Brasília,gastrobar,C,6.2,5.9,-4.8,23.2,656.0,3,CHP,44,40,47,1,0
PDV-01678,Sudeste,RJ,Rio de Janeiro,choperia,B,20.9,15.5,-25.8,21.5,1519.0,3,CHP|FRZ|KVI|MES,49,40,47,2,0
PDV-03591,Nordeste,RN,Natal,gastrobar,A,91.9,97.4,6.0,23.3,2071.0,5,BAL|FRZ|KVI|LUM|MES,79,69,16,0,0
PDV-00750,Sudeste,MG,Belo Horizonte,bar premium,C,8.8,7.5,-14.8,16.9,588.0,3,LUM,53,50,47,0,0
PDV-02237,Sul,PR,Curitiba,gastrobar,C,9.6,8.8,-8.3,14.6,753.0,4,BAL,66,53,47,1,0
PDV-02533,Sul,PR,Curitiba,pub,C,21.4,22.3,4.2,14.7,789.0,4,BAL,63,57,47,2,0
PDV-00206,Sudeste,RJ,Petrópolis,rooftop,B,35.5,31.5,-11.3,21.3,1193.0,4,BAL|KVI|LUM|MES,59,50,46,1,0
PDV-02712,Sul,PR,Curitiba,bar premium,A,83.5,85.7,2.6,23.4,2336.0,6,FRZ|KVI|LUM|MES,56,40,47,0,0
PDV-03147,Centro-Oeste,GO,Anápolis,bar premium,A,75.9,71.8,-5.4,36.4,2554.0,5,BAL|CHP|FRZ|LUM|MES,81,79,47,0,0
PDV-01993,Sudeste,RJ,Petrópolis,restaurante,B,36.0,37.7,4.7,23.3,1407.0,4,FRZ|KVI|LUM|MES,48,51,6,0,0
PDV-02640,Sul,RS,Pelotas,bar premium,B,14.9,16.1,8.1,15.6,1062.0,5,BAL|CHP|FRZ|KVI,62,48,47,1,1
PDV-03764,Nordeste,BA,Salvador,bar premium,B,19.2,19.5,1.6,27.4,1287.0,4,FRZ|MES,60,52,47,1,0
PDV-02123,Sul,PR,Londrina,pub,A,91.2,74.8,-18.0,25.7,2217.0,7,CHP|LUM|MES,75,73,47,2,1
PDV-02444,Sul,RS,Porto Alegre,bar premium,C,5.8,6.4,10.3,11.5,657.0,2,CHP|FRZ,63,67,11,1,0
PDV-03334,Centro-Oeste,GO,Anápolis,gastrobar,C,14.9,13.9,-6.7,8.5,717.0,2,CHP,53,39,47,1,0
PDV-02812,Sul,PR,Curitiba,restaurante,B,33.2,20.4,-38.6,23.1,1187.0,3,BAL|CHP|KVI,65,48,31,4,1
PDV-01061,Sudeste,SP,Ribeirão Preto,restaurante,C,10.3,7.0,-32.0,11.7,608.0,4,FRZ|LUM|MES,79,82,47,4,0
PDV-00228,Sudeste,RJ,Rio de Janeiro,restaurante,B,28.4,24.0,-15.5,22.6,1283.0,4,BAL|CHP|LUM,53,46,47,2,1
PDV-03513,Nordeste,BA,Feira de Santana,choperia,B,22.4,21.2,-5.4,21.7,1519.0,3,FRZ|KVI|LUM|MES,61,35,47,3,0
PDV-03470,Nordeste,PE,Recife,bar premium,B,37.4,36.9,-1.3,25.6,1510.0,5,CHP|FRZ|KVI|MES,63,62,47,0,0
PDV-01845,Sudeste,RJ,Niterói,bar premium,A,136.5,131.6,-3.6,29.2,2354.0,5,BAL|CHP|FRZ|KVI|LUM|MES,57,36,47,0,0
PDV-02626,Sul,PR,Curitiba,restaurante,A,192.2,171.4,-10.8,29.5,2303.0,7,BAL|CHP|LUM,62,55,21,2,1
PDV-00315,Sudeste,SP,Ribeirão Preto,restaurante,A,104.8,86.1,-17.8,34.3,2544.0,5,CHP|FRZ|LUM|MES,78,76,21,2,0
PDV-03297,Centro-Oeste,DF,Brasília,gastrobar,A,92.8,89.2,-3.9,17.2,2553.0,6,BAL|CHP|FRZ|KVI|LUM|MES,79,68,43,0,1
PDV-01397,Sudeste,SP,Santos,gastrobar,A,76.0,40.0,-47.4,36.3,2370.0,4,FRZ|KVI|LUM,71,68,47,4,0
PDV-03012,Centro-Oeste,MT,Cuiabá,restaurante,B,21.7,12.4,-42.9,25.1,1008.0,2,BAL|FRZ,52,34,47,4,0
PDV-02291,Sul,RS,Caxias do Sul,bar premium,C,9.6,6.1,-36.5,8.0,677.0,3,MES,63,52,47,4,0
PDV-00933,Sudeste,SP,Campinas,gastrobar,B,40.5,21.9,-45.9,29.0,1465.0,2,LUM|MES,65,44,47,3,0
PDV-00701,Sudeste,SP,São Paulo,pub,B,47.8,48.2,0.8,23.6,1124.0,5,BAL|KVI|MES,69,58,47,1,1
PDV-02488,Sul,RS,Porto Alegre,gastrobar,A,107.2,95.6,-10.8,37.3,2147.0,8,BAL|FRZ|MES,51,42,47,0,1
PDV-03173,Centro-Oeste,MS,Campo Grande,bar premium,B,41.1,36.3,-11.7,21.4,1307.0,4,BAL|FRZ,55,45,47,1,1
PDV-02233,Sul,SC,Balneário Camboriú,bar premium,A,104.2,58.5,-43.9,21.5,2210.0,5,BAL|CHP|FRZ|LUM|MES,46,40,47,3,0
PDV-01398,Sudeste,RJ,Rio de Janeiro,bar premium,B,22.5,18.6,-17.3,14.5,948.0,3,CHP|FRZ|KVI|LUM,43,22,16,1,1
PDV-01541,Sudeste,SP,Campinas,pub,C,18.7,10.4,-44.4,12.5,786.0,4,FRZ|KVI|LUM,43,24,47,4,0
PDV-01035,Sudeste,SP,Campinas,rooftop,B,48.4,25.9,-46.5,35.3,1322.0,4,BAL|CHP|FRZ|MES,69,61,24,4,0
PDV-03241,Centro-Oeste,DF,Brasília,gastrobar,A,118.0,91.7,-22.3,27.7,2554.0,5,BAL|CHP|FRZ|KVI|LUM|MES,78,65,47,2,0
PDV-02938,Centro-Oeste,MS,Campo Grande,pub,B,34.3,31.8,-7.3,34.0,1209.0,2,FRZ|MES,73,71,47,0,1
PDV-02859,Centro-Oeste,DF,Brasília,choperia,A,92.4,86.2,-6.7,33.0,2046.0,7,BAL|CHP|LUM|MES,48,50,47,1,0
PDV-03638,Nordeste,CE,Fortaleza,bar premium,A,98.7,108.2,9.6,32.0,2217.0,7,BAL|FRZ|KVI|LUM|MES,79,70,47,1,1
PDV-02481,Sul,RS,Porto Alegre,bar premium,B,90.7,66.5,-26.7,23.4,1193.0,3,CHP|FRZ,51,38,45,3,0
PDV-02655,Sul,RS,Pelotas,choperia,B,48.9,47.9,-2.0,17.6,1288.0,6,BAL|CHP|FRZ|MES,74,55,45,0,0
PDV-00662,Sudeste,SP,Ribeirão Preto,bar premium,A,93.9,78.0,-16.9,30.6,2382.0,6,BAL|CHP|LUM,56,41,47,2,1
PDV-03014,Centro-Oeste,DF,Brasília,gastrobar,A,48.6,39.5,-18.7,27.6,2438.0,7,BAL|CHP|FRZ|LUM|MES,63,57,16,1,1
PDV-01692,Sudeste,SP,Santos,pub,A,121.2,90.4,-25.4,33.9,2270.0,5,BAL|CHP|LUM|MES,62,60,47,2,1
PDV-01048,Sudeste,ES,Vitória,pub,B,35.4,35.4,0.0,12.2,1259.0,4,CHP|FRZ|MES,56,45,47,0,1
PDV-01406,Sudeste,SP,Santos,pub,A,184.7,176.5,-4.4,33.8,2036.0,6,BAL|CHP|FRZ|LUM|MES,84,69,21,0,0
PDV-00339,Sudeste,ES,Vitória,choperia,C,17.1,15.2,-11.1,7.9,629.0,2,CHP|LUM|MES,91,85,29,1,0
PDV-01286,Sudeste,SP,Santos,pub,B,21.8,17.8,-18.3,27.0,1477.0,4,BAL|FRZ|MES,54,44,37,1,0
PDV-02958,Centro-Oeste,MS,Campo Grande,restaurante,B,32.6,16.1,-50.6,19.5,1220.0,3,CHP|LUM,61,52,47,4,0
PDV-03289,Centro-Oeste,GO,Anápolis,pub,C,8.9,8.8,-1.1,12.2,754.0,4,CHP,48,47,47,1,0
PDV-01698,Sudeste,SP,São Paulo,bar premium,A,213.2,151.5,-28.9,33.2,2676.0,8,BAL|FRZ|KVI,72,58,47,4,1
PDV-03511,Nordeste,BA,Feira de Santana,gastrobar,B,29.2,34.3,17.5,17.5,1145.0,3,KVI|LUM|MES,71,51,26,1,1
PDV-02584,Sul,SC,Balneário Camboriú,pub,C,15.4,11.3,-26.6,16.8,635.0,3,FRZ|MES,58,37,47,4,0
PDV-01848,Sudeste,SP,São Paulo,bar premium,B,49.0,44.4,-9.4,20.3,1447.0,4,BAL|FRZ|LUM|MES,46,33,47,0,0
PDV-02649,Sul,PR,Maringá,restaurante,B,36.8,34.6,-6.0,24.7,1138.0,3,BAL|CHP|FRZ,63,58,47,0,0
PDV-03258,Centro-Oeste,MT,Cuiabá,bar premium,C,15.7,13.8,-12.1,16.3,630.0,3,LUM|MES,72,62,47,1,0
PDV-03655,Nordeste,CE,Fortaleza,pub,A,43.4,50.6,16.6,28.9,2769.0,8,BAL|FRZ|KVI|LUM|MES,57,52,11,0,1
PDV-00435,Sudeste,MG,Uberlândia,bar premium,B,50.4,47.9,-5.0,21.8,1067.0,4,BAL|CHP|FRZ|MES,51,39,47,1,0
PDV-01028,Sudeste,SP,Campinas,gastrobar,B,92.9,90.0,-3.1,25.9,1295.0,2,KVI|MES,49,33,23,0,0
PDV-03556,Nordeste,PE,Recife,bar premium,B,31.7,35.2,11.0,23.2,1401.0,3,CHP|KVI,58,49,14,1,1
PDV-01047,Sudeste,MG,Belo Horizonte,gastrobar,B,61.9,31.6,-48.9,30.5,1279.0,2,BAL|KVI|MES,64,48,47,5,1
PDV-02510,Sul,PR,Londrina,pub,A,108.5,101.6,-6.4,23.9,2324.0,7,CHP|KVI|LUM|MES,59,47,47,1,0
PDV-01604,Sudeste,SP,Campinas,restaurante,A,178.3,70.0,-60.7,23.0,2481.0,3,BAL|CHP|FRZ|LUM|MES,52,39,14,5,1
PDV-01803,Sudeste,SP,Ribeirão Preto,restaurante,B,37.2,29.8,-19.9,22.7,971.0,4,FRZ|KVI|MES,55,49,47,2,0
PDV-02097,Sul,RS,Caxias do Sul,restaurante,C,6.0,3.7,-38.3,18.9,719.0,4,CHP,36,28,47,3,0
PDV-02989,Centro-Oeste,MT,Cuiabá,bar premium,A,150.3,129.3,-14.0,24.4,2388.0,5,BAL|CHP|FRZ|KVI|LUM,71,61,47,0,0
PDV-03304,Centro-Oeste,GO,Anápolis,restaurante,A,72.2,62.6,-13.3,25.5,1993.0,5,BAL|CHP|FRZ|KVI|LUM|MES,79,74,47,0,1
PDV-01852,Sudeste,SP,São Paulo,bar premium,B,24.2,14.5,-40.1,27.6,1312.0,3,CHP|FRZ|LUM,68,57,16,5,0
PDV-03357,Centro-Oeste,GO,Goiânia,bar premium,C,9.7,8.3,-14.4,16.7,780.0,4,BAL|CHP|MES,56,38,47,3,1
PDV-00730,Sudeste,SP,São Paulo,pub,B,25.1,25.2,0.4,19.6,1329.0,4,KVI|MES,77,67,47,0,0
PDV-02378,Sul,RS,Porto Alegre,pub,B,22.2,20.8,-6.3,33.0,914.0,3,FRZ|LUM,70,71,17,0,0
PDV-02882,Centro-Oeste,DF,Brasília,restaurante,B,23.9,15.9,-33.5,17.4,1376.0,4,CHP|KVI|LUM|MES,58,63,47,3,0
PDV-02625,Sul,PR,Londrina,gastrobar,A,77.1,42.8,-44.5,20.7,2329.0,5,CHP|FRZ|KVI|LUM|MES,48,48,47,3,0
PDV-01212,Sudeste,SP,São José dos Campos,gastrobar,A,181.0,176.9,-2.3,23.8,2212.0,8,CHP|FRZ|LUM,64,58,47,1,1
PDV-00904,Sudeste,MG,Juiz de Fora,gastrobar,B,44.3,38.3,-13.5,22.2,862.0,3,FRZ|MES,56,56,47,1,1
PDV-01004,Sudeste,SP,São José dos Campos,gastrobar,B,19.4,9.6,-50.5,17.1,1408.0,5,BAL|KVI|LUM,47,42,8,4,0
PDV-03499,Nordeste,CE,Juazeiro do Norte,restaurante,B,49.1,54.1,10.2,37.1,1209.0,4,BAL|FRZ|KVI,61,59,47,0,0
PDV-00844,Sudeste,RJ,Petrópolis,bar premium,A,52.9,35.0,-33.8,37.2,2096.0,5,BAL|CHP|FRZ|KVI|LUM|MES,43,33,47,2,0
PDV-01990,Sudeste,MG,Juiz de Fora,bar premium,A,56.9,31.6,-44.5,30.5,2521.0,6,BAL|CHP|FRZ|KVI|LUM|MES,66,54,47,3,1
PDV-00485,Sudeste,SP,Ribeirão Preto,choperia,C,10.3,8.6,-16.5,6.8,627.0,4,CHP,57,42,22,2,0
PDV-00020,Sudeste,RJ,Petrópolis,bar premium,A,97.9,82.1,-16.1,31.6,2711.0,6,CHP|FRZ|LUM|MES,65,51,47,2,1
PDV-01005,Sudeste,MG,Uberlândia,restaurante,B,19.7,18.9,-4.1,25.2,1527.0,5,BAL|CHP|FRZ,73,59,38,1,0
PDV-00566,Sudeste,SP,São José dos Campos,gastrobar,C,7.4,7.2,-2.7,5.0,602.0,3,CHP,62,48,47,1,0
PDV-00827,Sudeste,MG,Uberlândia,restaurante,B,44.2,26.2,-40.7,22.9,1296.0,4,BAL|CHP|LUM,73,49,47,4,1
PDV-02746,Sul,PR,Maringá,bar premium,B,43.8,27.2,-37.9,31.9,1354.0,3,LUM|MES,56,44,11,4,0
PDV-02688,Sul,RS,Porto Alegre,bar premium,B,40.8,39.1,-4.2,19.5,942.0,2,BAL|FRZ|KVI|MES,82,76,47,0,1
PDV-02082,Sul,SC,Joinville,bar premium,A,122.9,108.4,-11.8,38.1,2124.0,6,BAL|FRZ|KVI,53,32,47,2,1
PDV-03322,Centro-Oeste,GO,Goiânia,restaurante,B,38.6,33.6,-13.0,24.0,1215.0,4,FRZ|KVI|LUM,76,61,47,0,1
PDV-02576,Sul,RS,Porto Alegre,gastrobar,B,42.1,39.9,-5.2,21.7,1330.0,5,CHP|FRZ,74,68,47,0,0
PDV-02603,Sul,RS,Porto Alegre,gastrobar,C,4.8,3.7,-22.9,21.3,850.0,3,CHP|FRZ|MES,88,85,47,2,0
PDV-00458,Sudeste,MG,Uberlândia,gastrobar,C,25.0,21.9,-12.4,21.8,676.0,2,BAL|KVI|MES,47,51,47,1,0
PDV-02742,Sul,PR,Londrina,bar premium,C,14.0,13.4,-4.3,19.0,826.0,3,LUM,75,59,47,1,0
PDV-03112,Centro-Oeste,MT,Cuiabá,gastrobar,C,13.6,12.9,-5.1,18.2,813.0,3,KVI,56,41,47,0,0
PDV-02423,Sul,SC,Joinville,gastrobar,B,38.1,34.6,-9.2,27.9,1280.0,5,CHP|FRZ|KVI,52,34,27,1,0
PDV-01882,Sudeste,RJ,Petrópolis,rooftop,A,135.7,116.5,-14.1,33.3,2232.0,6,BAL|CHP|FRZ|KVI|MES,54,53,47,0,1
PDV-03104,Centro-Oeste,MT,Cuiabá,restaurante,B,31.2,19.0,-39.1,10.5,999.0,5,BAL|FRZ|LUM|MES,70,62,47,3,0
PDV-03818,Nordeste,BA,Salvador,restaurante,C,15.5,18.0,16.1,12.1,685.0,2,KVI,51,54,47,0,0
PDV-03029,Centro-Oeste,DF,Brasília,pub,B,50.9,52.5,3.1,8.8,1070.0,4,BAL|FRZ,64,67,47,0,1
PDV-00603,Sudeste,SP,Santos,bar premium,C,7.0,5.9,-15.7,8.8,701.0,3,MES,30,21,10,2,1
PDV-02382,Sul,RS,Caxias do Sul,gastrobar,B,29.4,21.4,-27.2,25.8,1323.0,4,KVI|LUM,54,42,47,4,0
PDV-01826,Sudeste,SP,Santos,restaurante,B,20.2,11.8,-41.6,14.2,1044.0,5,BAL|FRZ|KVI|MES,38,26,47,3,0
PDV-01143,Sudeste,SP,São Paulo,restaurante,C,13.3,11.6,-12.8,9.4,790.0,3,CHP|KVI|MES,71,63,34,1,0
PDV-03468,Nordeste,BA,Salvador,bar premium,C,11.0,12.8,16.4,11.4,644.0,2,KVI,53,52,32,0,0
PDV-00073,Sudeste,RJ,Petrópolis,bar premium,C,10.4,10.8,3.8,6.2,656.0,1,BAL|FRZ|LUM,63,49,47,0,1
PDV-01861,Sudeste,ES,Vila Velha,restaurante,C,11.5,9.0,-21.7,21.0,735.0,5,CHP|KVI,45,30,47,3,0
PDV-01187,Sudeste,SP,Ribeirão Preto,bar premium,A,132.8,134.4,1.2,24.5,2681.0,8,BAL|CHP|FRZ|KVI|LUM|MES,71,80,22,0,0
PDV-02433,Sul,SC,Florianópolis,pub,A,117.2,120.6,2.9,25.3,2216.0,8,BAL|CHP|FRZ|KVI|LUM|MES,68,68,16,0,0
PDV-01338,Sudeste,MG,Juiz de Fora,pub,A,118.2,115.0,-2.7,22.4,2382.0,7,BAL|FRZ|KVI|LUM|MES,66,53,22,0,1
PDV-02178,Sul,PR,Curitiba,gastrobar,A,78.4,52.4,-33.2,33.2,2740.0,4,BAL|CHP|FRZ|KVI|LUM|MES,81,65,11,4,0
PDV-02250,Sul,PR,Curitiba,gastrobar,B,20.5,12.5,-39.0,29.0,1282.0,3,BAL|FRZ|KVI|LUM,70,46,30,3,0
PDV-02663,Sul,PR,Londrina,restaurante,C,6.9,6.2,-10.1,17.3,763.0,3,FRZ,50,45,37,1,0
PDV-02731,Sul,PR,Londrina,bar premium,C,8.6,9.0,4.7,18.6,880.0,2,BAL|FRZ|KVI,37,36,47,0,0
PDV-00331,Sudeste,ES,Vitória,bar premium,C,10.1,8.7,-13.9,16.6,684.0,3,CHP|KVI,55,54,47,0,0
PDV-01111,Sudeste,SP,São José dos Campos,pub,A,146.0,141.0,-3.4,31.2,2378.0,6,CHP|FRZ|KVI|LUM|MES,42,35,45,0,1
PDV-02964,Centro-Oeste,MT,Cuiabá,choperia,B,19.7,18.4,-6.6,15.5,1149.0,5,LUM|MES,60,57,47,0,0
PDV-02316,Sul,PR,Londrina,bar premium,C,4.3,4.8,11.6,12.6,684.0,2,KVI,57,54,47,0,1
PDV-01119,Sudeste,MG,Belo Horizonte,restaurante,B,24.1,24.4,1.2,24.0,1358.0,4,FRZ|MES,96,78,37,0,0
PDV-00943,Sudeste,SP,Campinas,pub,A,68.5,65.0,-5.1,37.6,2952.0,6,CHP|FRZ|LUM|MES,51,44,43,1,0
PDV-01341,Sudeste,SP,São José dos Campos,choperia,C,12.0,7.5,-37.5,22.9,649.0,4,CHP|FRZ|MES,71,59,47,4,1
PDV-01181,Sudeste,SP,São José dos Campos,bar premium,C,17.7,6.0,-66.1,17.8,611.0,5,LUM,34,23,47,4,0
PDV-01437,Sudeste,SP,São José dos Campos,pub,B,16.4,14.5,-11.6,26.1,1519.0,4,FRZ|LUM,59,34,47,1,0
PDV-01083,Sudeste,SP,Santos,choperia,B,38.0,32.2,-15.3,22.0,1370.0,5,CHP|FRZ|KVI|LUM,54,40,47,1,0
PDV-03752,Nordeste,CE,Fortaleza,pub,B,55.8,60.2,7.9,26.0,1155.0,5,BAL|FRZ|KVI|LUM,57,55,47,0,0
PDV-03410,Nordeste,CE,Fortaleza,rooftop,B,29.3,32.6,11.3,17.6,1489.0,3,CHP|FRZ|LUM,64,56,44,0,1
PDV-02490,Sul,SC,Joinville,pub,B,62.5,47.4,-24.2,25.5,1122.0,2,BAL|LUM|MES,77,61,47,3,0
PDV-00190,Sudeste,SP,São José dos Campos,bar premium,A,125.0,113.4,-9.3,12.9,2036.0,7,BAL|FRZ|KVI|LUM|MES,75,65,47,2,1
PDV-03713,Nordeste,BA,Salvador,restaurante,C,3.7,4.1,10.8,20.4,751.0,3,FRZ,53,38,47,0,0
PDV-00963,Sudeste,RJ,Petrópolis,pub,A,160.9,152.3,-5.3,35.0,2305.0,7,BAL|CHP|FRZ|KVI|LUM|MES,66,59,40,0,1
PDV-00632,Sudeste,ES,Vitória,gastrobar,A,168.0,125.0,-25.6,26.9,2436.0,7,BAL|FRZ|KVI|LUM,81,67,47,1,1
PDV-00667,Sudeste,SP,São Paulo,gastrobar,B,34.6,27.3,-21.1,26.6,1205.0,4,BAL|FRZ|KVI|LUM,64,55,47,3,1
PDV-03400,Nordeste,BA,Feira de Santana,bar premium,A,141.4,134.6,-4.8,16.9,2511.0,7,CHP|LUM|MES,68,52,11,0,0
PDV-00270,Sudeste,RJ,Rio de Janeiro,restaurante,A,49.7,38.9,-21.7,18.1,2186.0,6,BAL|FRZ|KVI|LUM,71,59,47,2,1
PDV-03748,Nordeste,PE,Olinda,rooftop,C,5.8,3.6,-37.9,4.1,740.0,4,LUM,75,53,47,4,0
PDV-02736,Sul,RS,Caxias do Sul,restaurante,B,26.5,27.1,2.3,24.1,1423.0,4,CHP|LUM,79,79,47,0,0
PDV-02971,Centro-Oeste,GO,Goiânia,bar premium,B,35.2,32.8,-6.8,23.1,1466.0,6,BAL|CHP|FRZ,58,53,47,1,0
PDV-02589,Sul,RS,Caxias do Sul,restaurante,C,11.0,7.4,-32.7,10.9,661.0,4,FRZ,62,50,47,3,0
PDV-02162,Sul,RS,Pelotas,bar premium,C,5.0,4.8,-4.0,15.5,692.0,4,FRZ,54,49,13,0,0
PDV-02387,Sul,PR,Maringá,restaurante,C,13.8,9.6,-30.4,18.4,614.0,4,LUM,53,33,46,3,1
PDV-01452,Sudeste,RJ,Petrópolis,gastrobar,C,15.5,11.0,-29.0,4.1,720.0,5,FRZ|KVI|LUM,77,64,47,3,0
PDV-00998,Sudeste,MG,Uberlândia,bar premium,B,40.1,40.1,0.0,27.4,1264.0,4,BAL|FRZ|LUM,41,36,15,0,0
PDV-01190,Sudeste,SP,São José dos Campos,restaurante,A,129.6,122.5,-5.5,22.8,2778.0,6,CHP|FRZ|MES,58,48,47,0,1
PDV-03095,Centro-Oeste,GO,Goiânia,choperia,A,155.2,128.9,-16.9,25.5,2382.0,6,BAL|CHP|KVI|MES,58,51,45,1,1
PDV-01305,Sudeste,RJ,Petrópolis,bar premium,C,9.7,9.1,-6.2,6.3,458.0,5,CHP,53,47,47,0,1
PDV-03476,Nordeste,CE,Fortaleza,restaurante,C,20.8,22.0,5.8,15.7,784.0,2,CHP|LUM,86,74,47,0,1
PDV-01444,Sudeste,RJ,Petrópolis,pub,A,217.5,155.9,-28.3,24.1,2327.0,5,CHP|FRZ|KVI|LUM|MES,80,64,44,3,0
PDV-02243,Sul,RS,Caxias do Sul,gastrobar,C,11.8,8.3,-29.7,5.7,901.0,4,CHP,62,57,47,4,0
PDV-00793,Sudeste,SP,Ribeirão Preto,bar premium,B,65.0,61.1,-6.0,27.6,1509.0,5,BAL|FRZ|LUM|MES,24,3,47,0,0
PDV-01079,Sudeste,SP,São Paulo,choperia,A,152.1,140.4,-7.7,32.5,2191.0,8,CHP|FRZ|KVI|LUM|MES,59,34,47,1,1
PDV-00129,Sudeste,SP,Campinas,gastrobar,A,143.4,75.8,-47.1,28.7,2043.0,5,BAL|CHP|FRZ|KVI|LUM|MES,46,42,47,5,1
PDV-01218,Sudeste,SP,Santos,gastrobar,B,40.7,21.8,-46.4,17.2,1171.0,3,CHP|MES,43,35,47,4,0
PDV-01509,Sudeste,MG,Uberlândia,pub,C,6.8,3.8,-44.1,14.5,689.0,4,MES,65,41,47,4,0
PDV-02366,Sul,SC,Joinville,bar premium,A,138.8,142.2,2.4,25.8,2553.0,7,BAL|CHP|KVI,56,54,47,1,0
PDV-03124,Centro-Oeste,GO,Anápolis,bar premium,A,114.4,99.2,-13.3,31.6,2010.0,7,BAL|CHP|FRZ,55,47,6,2,1
PDV-01089,Sudeste,SP,Campinas,gastrobar,C,25.6,21.0,-18.0,21.1,684.0,3,MES,72,68,47,2,1
PDV-01363,Sudeste,SP,São Paulo,choperia,B,13.5,11.0,-18.5,15.1,1337.0,3,FRZ|KVI|MES,44,39,47,2,0
PDV-03694,Nordeste,BA,Salvador,gastrobar,C,8.7,9.3,6.9,17.9,771.0,2,LUM,63,58,47,0,0
PDV-00710,Sudeste,SP,Santos,bar premium,C,14.9,14.6,-2.0,19.1,711.0,1,BAL|CHP,63,66,46,0,0
PDV-03500,Nordeste,CE,Fortaleza,choperia,C,10.5,12.6,20.0,17.6,619.0,2,BAL|CHP|LUM,98,91,47,0,0
PDV-02335,Sul,RS,Pelotas,gastrobar,C,10.1,6.4,-36.6,7.6,735.0,4,BAL|KVI|LUM,62,53,47,5,1
PDV-03094,Centro-Oeste,GO,Anápolis,bar premium,C,15.9,15.9,0.0,9.6,693.0,1,CHP,56,61,47,1,0
PDV-03437,Nordeste,PE,Caruaru,bar premium,C,13.1,11.0,-16.0,15.9,708.0,3,CHP,75,72,47,3,0
PDV-03552,Nordeste,BA,Salvador,choperia,A,66.4,72.0,8.4,26.4,2290.0,6,BAL|CHP|FRZ|LUM,36,25,47,0,1
PDV-00737,Sudeste,RJ,Niterói,gastrobar,B,38.2,21.4,-44.0,33.8,1278.0,3,FRZ|MES,59,44,28,3,0
PDV-03001,Centro-Oeste,MT,Cuiabá,bar premium,B,66.4,64.1,-3.5,28.0,1227.0,5,CHP|LUM|MES,68,56,31,0,0
PDV-00622,Sudeste,SP,São José dos Campos,choperia,B,52.0,45.5,-12.5,25.9,1321.0,4,CHP|FRZ|KVI|MES,68,64,19,1,0
PDV-01548,Sudeste,MG,Belo Horizonte,gastrobar,C,19.3,18.1,-6.2,6.1,502.0,2,BAL|KVI|LUM,56,41,23,1,1
PDV-01472,Sudeste,SP,São José dos Campos,pub,B,17.4,13.8,-20.7,15.6,1318.0,5,BAL|FRZ|KVI|MES,51,42,47,2,0
PDV-00410,Sudeste,RJ,Niterói,choperia,B,49.5,34.7,-29.9,21.9,1111.0,3,BAL|CHP|KVI,71,49,47,4,0
PDV-00319,Sudeste,MG,Belo Horizonte,bar premium,A,70.2,22.7,-67.7,29.4,2196.0,3,BAL|CHP|FRZ|KVI|LUM|MES,47,40,47,5,0
PDV-00373,Sudeste,ES,Vila Velha,pub,B,15.7,16.3,3.8,20.7,1397.0,3,BAL|CHP|FRZ|KVI,55,51,31,0,1
PDV-03220,Centro-Oeste,DF,Brasília,restaurante,B,44.7,22.9,-48.8,17.7,1084.0,3,BAL|CHP|FRZ|LUM,42,21,47,3,0
PDV-01462,Sudeste,RJ,Niterói,bar premium,B,60.3,52.3,-13.3,14.9,1222.0,4,KVI|LUM,85,82,47,2,0
PDV-02607,Sul,SC,Joinville,gastrobar,B,41.2,47.1,14.3,18.9,1160.0,6,FRZ|KVI|LUM|MES,70,67,47,0,0
PDV-00870,Sudeste,ES,Vitória,restaurante,C,17.5,12.1,-30.9,9.5,801.0,4,LUM,73,64,47,3,0
PDV-03518,Nordeste,BA,Feira de Santana,bar premium,C,6.3,6.7,6.3,20.8,820.0,3,CHP,62,52,47,2,1
PDV-01205,Sudeste,SP,Campinas,bar premium,B,48.8,26.5,-45.7,19.4,979.0,3,KVI|LUM|MES,59,43,47,4,0
PDV-01361,Sudeste,RJ,Petrópolis,gastrobar,A,50.1,42.4,-15.4,32.7,2723.0,6,BAL|CHP|FRZ|KVI|LUM|MES,57,41,47,1,0
PDV-01682,Sudeste,SP,Santos,gastrobar,A,137.5,103.3,-24.9,30.6,2603.0,7,BAL|CHP|FRZ|KVI|MES,56,39,10,2,0
PDV-00499,Sudeste,SP,Santos,bar premium,B,31.8,24.7,-22.3,26.6,1188.0,5,FRZ|KVI|LUM|MES,70,52,47,3,0
PDV-01839,Sudeste,SP,São José dos Campos,rooftop,C,9.9,8.6,-13.1,21.0,676.0,1,FRZ,69,54,29,1,1
PDV-00958,Sudeste,MG,Uberlândia,restaurante,A,97.0,83.3,-14.1,24.1,2055.0,6,FRZ|LUM|MES,39,28,47,0,1
PDV-01709,Sudeste,SP,São Paulo,gastrobar,C,11.4,8.8,-22.8,13.5,618.0,4,MES,65,64,11,2,0
PDV-03025,Centro-Oeste,MT,Cuiabá,bar premium,B,37.8,25.8,-31.7,24.1,1124.0,4,BAL|LUM,54,32,47,3,1
PDV-00583,Sudeste,RJ,Petrópolis,bar premium,C,7.5,4.4,-41.3,8.9,596.0,4,FRZ|KVI|LUM,59,46,6,3,0
PDV-01897,Sudeste,SP,Ribeirão Preto,restaurante,A,202.7,132.8,-34.5,26.4,2201.0,4,BAL|CHP|FRZ|MES,51,41,47,3,0
PDV-03311,Centro-Oeste,DF,Brasília,bar premium,C,11.5,11.5,0.0,19.8,696.0,3,BAL|FRZ|MES,52,38,47,0,0
PDV-02508,Sul,RS,Porto Alegre,rooftop,B,30.4,29.9,-1.6,18.6,1218.0,5,KVI|LUM,61,50,47,1,0
PDV-02421,Sul,PR,Maringá,gastrobar,B,68.7,46.9,-31.7,29.3,1274.0,4,FRZ|LUM,81,59,47,3,0
PDV-02977,Centro-Oeste,MT,Cuiabá,bar premium,B,26.3,23.5,-10.6,33.9,1270.0,4,BAL|CHP|FRZ|KVI,65,58,47,1,0
PDV-02711,Sul,RS,Pelotas,gastrobar,A,61.6,45.2,-26.6,28.3,1956.0,6,BAL|CHP|FRZ|LUM|MES,63,47,47,3,0
PDV-01057,Sudeste,RJ,Petrópolis,restaurante,A,141.2,122.2,-13.5,28.6,2076.0,6,BAL|KVI|LUM|MES,57,58,34,0,0
PDV-00631,Sudeste,RJ,Niterói,gastrobar,C,10.6,7.8,-26.4,12.6,702.0,3,KVI|LUM|MES,51,35,40,3,1
PDV-01924,Sudeste,SP,São José dos Campos,bar premium,C,13.7,9.3,-32.1,11.7,712.0,6,BAL|CHP|MES,65,51,47,3,0
PDV-01902,Sudeste,SP,Santos,pub,C,9.6,7.6,-20.8,19.6,674.0,4,CHP|LUM,80,78,47,0,0
PDV-01399,Sudeste,RJ,Rio de Janeiro,bar premium,A,86.8,50.9,-41.4,36.0,2639.0,5,BAL|CHP|FRZ|KVI|LUM,51,46,27,4,1
PDV-03139,Centro-Oeste,DF,Brasília,gastrobar,C,11.5,7.4,-35.7,3.0,597.0,5,BAL|FRZ|LUM,86,67,47,3,0
PDV-03368,Centro-Oeste,GO,Anápolis,bar premium,C,9.7,8.9,-8.2,21.8,555.0,2,BAL|MES,68,60,9,1,0
PDV-03701,Nordeste,BA,Salvador,pub,B,28.7,30.4,5.9,23.6,1207.0,4,CHP|KVI|LUM|MES,67,63,20,0,0
PDV-00896,Sudeste,SP,São Paulo,restaurante,A,70.4,53.6,-23.9,30.8,2588.0,6,FRZ|LUM|MES,61,45,11,2,1
PDV-00602,Sudeste,SP,Ribeirão Preto,bar premium,A,50.6,44.9,-11.3,33.8,2503.0,8,CHP|FRZ|KVI|LUM|MES,59,49,47,1,0
PDV-00191,Sudeste,SP,São José dos Campos,rooftop,C,15.4,15.3,-0.6,14.5,568.0,3,BAL|CHP|FRZ,74,64,9,0,1
PDV-02725,Sul,PR,Londrina,rooftop,A,211.0,225.5,6.9,30.3,2473.0,6,BAL|LUM|MES,72,67,14,1,0
PDV-02112,Sul,SC,Balneário Camboriú,choperia,A,135.1,68.2,-49.5,34.6,2513.0,5,BAL|CHP|KVI|LUM|MES,62,47,47,4,0
PDV-02479,Sul,PR,Curitiba,bar premium,A,68.5,60.2,-12.1,30.2,2405.0,5,BAL|KVI|LUM,57,42,47,1,1
PDV-03728,Nordeste,PE,Olinda,pub,C,20.1,23.5,16.9,20.3,818.0,3,CHP|FRZ|KVI,60,52,47,0,0
PDV-01376,Sudeste,MG,Uberlândia,restaurante,B,31.5,26.8,-14.9,22.5,1199.0,5,BAL|CHP|KVI|LUM,73,73,39,1,0
PDV-02611,Sul,PR,Londrina,bar premium,A,166.5,161.5,-3.0,29.0,2597.0,6,CHP|FRZ|MES,96,89,47,1,1
PDV-02937,Centro-Oeste,DF,Brasília,choperia,B,19.2,15.0,-21.9,21.1,1315.0,2,BAL|MES,78,78,47,2,0
PDV-00767,Sudeste,SP,São Paulo,pub,A,48.8,44.4,-9.0,22.1,2440.0,8,CHP|FRZ|LUM,50,52,47,2,0
PDV-01506,Sudeste,SP,São Paulo,bar premium,B,24.1,14.7,-39.0,17.1,1347.0,3,BAL|CHP|FRZ|LUM,53,48,47,4,0
PDV-01362,Sudeste,RJ,Petrópolis,pub,C,14.7,13.2,-10.2,22.9,659.0,2,BAL|LUM,61,64,47,2,1
PDV-02337,Sul,SC,Joinville,gastrobar,C,8.9,8.8,-1.1,10.2,807.0,4,KVI,59,46,27,0,0
PDV-00036,Sudeste,SP,Ribeirão Preto,choperia,B,14.2,11.6,-18.3,7.8,928.0,5,FRZ|MES,87,81,12,1,0
PDV-01668,Sudeste,RJ,Petrópolis,restaurante,B,34.8,34.9,0.3,22.3,1239.0,4,FRZ|KVI|LUM,62,51,47,1,0
PDV-01970,Sudeste,RJ,Petrópolis,restaurante,C,7.7,6.0,-22.1,21.4,838.0,3,CHP,66,50,47,2,1
PDV-01767,Sudeste,SP,Ribeirão Preto,restaurante,C,11.2,6.2,-44.6,21.6,713.0,4,CHP,57,37,47,5,0
PDV-00321,Sudeste,RJ,Niterói,choperia,A,205.1,172.6,-15.8,36.4,2585.0,7,FRZ|KVI|LUM|MES,64,50,20,1,1
PDV-03636,Nordeste,PE,Recife,gastrobar,C,4.4,5.3,20.5,17.1,789.0,3,BAL|KVI|MES,53,41,35,1,0
PDV-00154,Sudeste,RJ,Petrópolis,pub,A,87.2,76.0,-12.8,25.7,2504.0,6,BAL|CHP|FRZ|MES,37,21,47,2,1
PDV-02623,Sul,RS,Pelotas,gastrobar,C,10.9,10.4,-4.6,12.8,767.0,2,FRZ|LUM|MES,67,56,47,0,0
PDV-01443,Sudeste,RJ,Petrópolis,bar premium,B,57.1,45.8,-19.8,17.7,1109.0,4,FRZ|LUM|MES,58,57,47,1,0
PDV-03731,Nordeste,PE,Olinda,gastrobar,C,5.4,6.1,13.0,24.4,637.0,1,LUM,74,58,47,0,1
PDV-02617,Sul,RS,Caxias do Sul,bar premium,C,13.4,13.0,-3.0,11.4,616.0,3,CHP|KVI,54,50,47,1,1
PDV-02369,Sul,RS,Pelotas,choperia,C,9.2,9.0,-2.2,11.3,856.0,3,BAL,44,24,47,0,0
PDV-00184,Sudeste,RJ,Petrópolis,bar premium,B,17.2,13.9,-19.2,28.2,1118.0,3,BAL|FRZ|KVI|MES,49,41,47,1,0
PDV-00114,Sudeste,RJ,Petrópolis,restaurante,B,55.4,35.6,-35.7,14.3,1207.0,3,BAL|CHP|KVI|LUM,56,43,47,3,0
PDV-01620,Sudeste,RJ,Petrópolis,bar premium,A,63.7,36.7,-42.4,23.0,1740.0,6,BAL|CHP|FRZ|LUM,73,54,47,4,1
PDV-00884,Sudeste,SP,São Paulo,pub,A,112.2,93.8,-16.4,30.5,1885.0,6,BAL|CHP|FRZ,62,66,30,1,0
PDV-00116,Sudeste,SP,São José dos Campos,restaurante,A,135.0,115.8,-14.2,32.4,2478.0,6,CHP|KVI|LUM|MES,75,64,47,1,0
PDV-03268,Centro-Oeste,MT,Cuiabá,gastrobar,A,166.9,158.2,-5.2,29.3,2516.0,5,FRZ|KVI|LUM|MES,65,54,47,0,1
PDV-03378,Centro-Oeste,DF,Brasília,bar premium,A,65.9,59.7,-9.4,18.1,2693.0,6,BAL|FRZ|KVI,42,44,47,0,1
PDV-00881,Sudeste,MG,Uberlândia,pub,A,72.2,67.5,-6.5,32.9,2585.0,6,BAL|FRZ|KVI|MES,64,68,10,1,1
PDV-00982,Sudeste,RJ,Niterói,rooftop,C,14.1,11.9,-15.6,20.3,738.0,3,CHP|FRZ|LUM,79,78,47,1,0
PDV-03562,Nordeste,PE,Olinda,restaurante,B,15.0,16.1,7.3,28.5,1323.0,4,KVI|MES,63,64,47,1,0
PDV-01885,Sudeste,MG,Belo Horizonte,bar premium,C,8.1,8.1,0.0,18.5,728.0,3,FRZ|LUM|MES,78,73,47,1,0
PDV-02910,Centro-Oeste,MS,Campo Grande,pub,A,118.4,72.1,-39.1,21.7,2328.0,5,BAL|CHP|FRZ|KVI|LUM|MES,51,45,47,3,0
PDV-02911,Centro-Oeste,MT,Cuiabá,bar premium,B,22.9,22.3,-2.6,22.5,1616.0,5,BAL|FRZ,78,77,47,1,0
PDV-02088,Sul,PR,Maringá,bar premium,C,11.5,8.3,-27.8,15.8,652.0,4,CHP|MES,33,16,47,2,1
PDV-01112,Sudeste,RJ,Petrópolis,bar premium,B,33.0,29.0,-12.1,30.5,1369.0,5,BAL|KVI,53,45,47,1,0
PDV-00927,Sudeste,SP,Ribeirão Preto,pub,B,50.5,36.4,-27.9,22.0,1300.0,5,BAL|FRZ,87,69,47,3,0
PDV-01710,Sudeste,SP,São Paulo,gastrobar,B,46.5,25.7,-44.7,27.9,1397.0,3,BAL|CHP,57,33,47,4,1
PDV-03201,Centro-Oeste,GO,Goiânia,gastrobar,A,96.3,57.0,-40.8,25.5,2256.0,6,BAL|CHP|FRZ|KVI|MES,62,56,30,3,1
PDV-01213,Sudeste,MG,Juiz de Fora,gastrobar,A,140.8,81.4,-42.2,33.0,2060.0,6,BAL|CHP|FRZ|KVI|LUM|MES,51,41,47,5,0
PDV-02599,Sul,RS,Porto Alegre,restaurante,A,115.4,102.8,-10.9,32.8,2324.0,7,BAL|CHP|FRZ|KVI|LUM|MES,71,59,47,1,1
PDV-03447,Nordeste,PE,Olinda,gastrobar,B,23.3,26.1,12.0,34.1,1331.0,6,CHP|MES,83,72,47,0,0
PDV-02749,Sul,PR,Londrina,restaurante,B,51.0,49.9,-2.2,21.7,1180.0,6,FRZ|KVI,45,41,47,1,0
PDV-02403,Sul,RS,Porto Alegre,choperia,B,25.1,27.5,9.6,15.2,1332.0,4,BAL|KVI,72,56,47,0,1
PDV-02425,Sul,RS,Caxias do Sul,gastrobar,B,50.5,50.6,0.2,19.4,1330.0,6,BAL|CHP|LUM,61,57,41,0,0
PDV-01442,Sudeste,SP,São Paulo,restaurante,C,8.5,6.0,-29.4,13.7,689.0,4,LUM,75,70,47,3,0
PDV-00819,Sudeste,SP,Santos,gastrobar,A,205.6,194.6,-5.4,23.9,2254.0,7,BAL|FRZ|KVI|LUM|MES,78,74,40,1,0
PDV-01568,Sudeste,ES,Vitória,gastrobar,B,33.3,15.4,-53.8,15.5,1359.0,5,CHP|LUM,37,23,47,3,1
PDV-00697,Sudeste,MG,Belo Horizonte,bar premium,C,8.5,7.7,-9.4,3.0,601.0,4,BAL|FRZ,43,27,45,1,0
PDV-00297,Sudeste,SP,Campinas,pub,B,28.4,17.1,-39.8,24.7,1276.0,4,BAL|KVI,52,38,47,5,1
PDV-02714,Sul,PR,Londrina,bar premium,B,33.1,17.3,-47.7,22.5,1301.0,2,BAL|KVI|LUM,48,35,47,4,0
PDV-02377,Sul,PR,Curitiba,gastrobar,C,11.7,10.6,-9.4,20.7,697.0,1,FRZ|KVI,46,33,47,2,1
PDV-02669,Sul,PR,Curitiba,restaurante,C,10.6,11.2,5.7,7.7,848.0,3,BAL|CHP,56,47,47,1,1
PDV-00500,Sudeste,MG,Juiz de Fora,gastrobar,C,13.0,13.2,1.5,13.5,704.0,1,BAL|FRZ|MES,69,58,47,1,1
PDV-01962,Sudeste,ES,Vitória,restaurante,B,31.9,29.3,-8.2,22.0,873.0,4,KVI|LUM,74,63,47,2,1
PDV-00688,Sudeste,SP,Ribeirão Preto,rooftop,B,18.8,12.9,-31.4,24.0,914.0,3,CHP|FRZ|LUM,66,53,17,3,0
PDV-00748,Sudeste,RJ,Rio de Janeiro,bar premium,B,54.5,27.7,-49.2,18.0,1117.0,3,LUM|MES,61,43,47,5,0
PDV-01763,Sudeste,SP,São Paulo,bar premium,C,32.2,14.2,-55.9,4.7,694.0,4,CHP|MES,58,43,47,5,0
PDV-00736,Sudeste,SP,Campinas,bar premium,C,14.0,13.1,-6.4,8.4,559.0,2,FRZ|KVI,72,61,47,0,1
PDV-02113,Sul,RS,Caxias do Sul,rooftop,B,37.8,35.6,-5.8,16.6,1353.0,3,CHP|KVI|LUM|MES,55,44,30,0,0
PDV-00980,Sudeste,SP,Ribeirão Preto,bar premium,C,7.8,6.5,-16.7,24.4,754.0,4,FRZ|MES,74,66,47,2,0
PDV-02383,Sul,RS,Caxias do Sul,restaurante,B,25.1,15.4,-38.6,33.6,1097.0,3,BAL|MES,47,29,47,3,0
PDV-00684,Sudeste,RJ,Rio de Janeiro,restaurante,B,23.5,19.4,-17.4,12.8,1306.0,3,FRZ|LUM,89,85,47,1,1
PDV-01029,Sudeste,SP,Ribeirão Preto,pub,A,115.7,103.6,-10.5,29.9,3093.0,6,CHP|FRZ|KVI|LUM,67,50,47,1,1
PDV-00087,Sudeste,RJ,Rio de Janeiro,rooftop,B,27.2,26.0,-4.4,25.8,1073.0,5,BAL|KVI|LUM,51,39,47,0,1
PDV-03568,Nordeste,PE,Recife,bar premium,A,66.4,77.1,16.1,29.3,2276.0,8,BAL|KVI|LUM,72,62,47,0,1
PDV-03352,Centro-Oeste,DF,Brasília,rooftop,B,57.2,56.8,-0.7,23.7,1235.0,5,BAL|MES,69,57,47,1,0
PDV-03142,Centro-Oeste,MT,Cuiabá,bar premium,B,21.6,18.6,-13.9,27.7,1450.0,4,CHP|LUM,61,50,39,1,1
PDV-00546,Sudeste,MG,Uberlândia,pub,C,7.7,7.6,-1.3,22.1,630.0,4,CHP|KVI,65,53,47,0,1
PDV-02803,Sul,RS,Pelotas,bar premium,C,3.7,3.5,-5.4,12.6,588.0,3,KVI|LUM|MES,71,56,47,2,1
PDV-02837,Sul,SC,Balneário Camboriú,bar premium,B,34.5,34.2,-0.9,22.7,1188.0,5,BAL|CHP|FRZ|MES,56,36,12,0,0
PDV-03776,Nordeste,RN,Natal,bar premium,B,24.6,24.0,-2.4,11.1,890.0,4,FRZ|MES,59,45,47,1,0
PDV-01298,Sudeste,SP,São Paulo,pub,A,79.7,68.8,-13.7,29.2,2428.0,6,CHP|FRZ|KVI|LUM|MES,61,49,27,1,0
PDV-00081,Sudeste,SP,São José dos Campos,restaurante,B,25.2,24.4,-3.2,19.9,1271.0,4,CHP|FRZ|KVI|LUM,69,66,47,0,0
PDV-03486,Nordeste,CE,Juazeiro do Norte,gastrobar,C,28.4,35.4,24.6,8.6,529.0,4,BAL|CHP|KVI,72,71,47,0,0
PDV-01198,Sudeste,RJ,Niterói,gastrobar,C,19.5,15.4,-21.0,17.2,812.0,5,LUM|MES,69,66,38,2,0
PDV-03613,Nordeste,BA,Feira de Santana,gastrobar,C,4.0,4.8,20.0,22.1,750.0,3,FRZ,82,61,26,0,0
PDV-03590,Nordeste,BA,Feira de Santana,gastrobar,B,60.1,66.4,10.5,31.4,1190.0,3,LUM|MES,47,34,47,1,0
PDV-00527,Sudeste,MG,Juiz de Fora,restaurante,C,13.7,11.2,-18.2,10.9,851.0,3,BAL|LUM,73,62,47,0,0
PDV-01960,Sudeste,ES,Vitória,choperia,A,103.7,61.8,-40.4,28.7,2737.0,4,BAL|CHP|FRZ|KVI|LUM|MES,57,41,47,3,1
PDV-02903,Centro-Oeste,MT,Cuiabá,choperia,A,218.2,218.2,0.0,26.8,2127.0,9,BAL|CHP|MES,75,77,44,0,1
PDV-00170,Sudeste,SP,Santos,bar premium,A,131.0,121.0,-7.6,26.1,2677.0,7,BAL|CHP|FRZ,75,81,39,0,1
PDV-01785,Sudeste,SP,São Paulo,bar premium,C,12.3,8.4,-31.7,27.6,471.0,3,FRZ,42,41,47,2,0
PDV-03622,Nordeste,CE,Juazeiro do Norte,gastrobar,C,11.3,13.1,15.9,21.4,629.0,1,MES,30,17,47,0,1
PDV-01701,Sudeste,SP,Ribeirão Preto,gastrobar,B,36.6,34.9,-4.6,13.2,1208.0,3,BAL|CHP|KVI|MES,55,44,47,1,0
PDV-03382,Centro-Oeste,DF,Brasília,bar premium,C,9.4,8.5,-9.6,17.3,850.0,3,CHP|LUM,55,53,47,2,1
PDV-00433,Sudeste,SP,Ribeirão Preto,pub,A,143.4,92.5,-35.5,23.9,2588.0,5,BAL|FRZ|KVI|LUM|MES,87,84,22,3,1
PDV-00121,Sudeste,MG,Uberlândia,restaurante,A,183.9,174.0,-5.4,36.9,2063.0,5,BAL|CHP|FRZ|KVI|LUM|MES,51,26,45,0,1
PDV-02789,Sul,SC,Florianópolis,gastrobar,A,91.0,92.9,2.1,26.2,2436.0,8,BAL|CHP|FRZ|KVI|LUM|MES,51,45,47,1,0
PDV-00879,Sudeste,SP,Ribeirão Preto,restaurante,C,14.7,14.4,-2.0,13.4,689.0,1,CHP|FRZ|LUM,68,61,47,1,0
PDV-01621,Sudeste,SP,São Paulo,bar premium,B,58.4,53.4,-8.6,24.1,1135.0,5,BAL|FRZ|KVI|MES,75,71,47,1,0
PDV-00090,Sudeste,SP,São Paulo,choperia,A,63.5,39.1,-38.4,21.3,2462.0,7,BAL|FRZ|MES,49,43,9,4,1
PDV-00131,Sudeste,ES,Vitória,pub,B,38.9,33.4,-14.1,16.5,1087.0,5,BAL|KVI,57,60,20,2,1
PDV-03045,Centro-Oeste,GO,Anápolis,rooftop,B,26.5,23.8,-10.2,25.5,1114.0,4,BAL|CHP|KVI|MES,70,72,47,1,0
PDV-01828,Sudeste,MG,Uberlândia,bar premium,A,124.5,101.4,-18.6,28.0,2331.0,7,BAL|CHP|FRZ|KVI|MES,50,48,47,1,1
PDV-00300,Sudeste,SP,Campinas,gastrobar,A,97.8,70.3,-28.1,29.1,2263.0,6,FRZ|LUM|MES,69,49,47,3,0
PDV-01857,Sudeste,RJ,Niterói,bar premium,B,24.1,25.6,6.2,21.3,1057.0,6,BAL|KVI|LUM|MES,55,46,47,1,0
PDV-03272,Centro-Oeste,MS,Campo Grande,bar premium,B,26.6,27.5,3.4,30.2,1370.0,4,BAL|CHP|KVI|MES,79,76,47,0,0
PDV-00224,Sudeste,SP,São Paulo,restaurante,C,12.9,11.8,-8.5,20.2,613.0,3,CHP,52,41,25,2,0
PDV-00669,Sudeste,SP,Ribeirão Preto,rooftop,B,45.3,24.8,-45.3,24.3,1064.0,2,CHP|FRZ|MES,48,26,47,4,1
PDV-00986,Sudeste,MG,Belo Horizonte,restaurante,A,101.1,61.9,-38.8,34.4,2978.0,4,BAL|CHP|FRZ|KVI|LUM|MES,72,56,47,3,0
PDV-01110,Sudeste,SP,São José dos Campos,restaurante,B,31.0,25.9,-16.5,31.3,1171.0,3,BAL|FRZ|LUM,74,62,47,2,0
PDV-01949,Sudeste,RJ,Rio de Janeiro,pub,C,19.1,9.3,-51.3,15.7,706.0,5,FRZ,61,45,45,4,0
PDV-03616,Nordeste,RN,Natal,bar premium,C,10.3,11.7,13.6,19.6,647.0,3,FRZ|KVI|LUM,52,48,34,0,1
PDV-03777,Nordeste,PE,Recife,gastrobar,A,49.6,57.1,15.1,33.4,2792.0,7,BAL|LUM|MES,83,67,40,1,0
PDV-01964,Sudeste,SP,São José dos Campos,gastrobar,B,25.4,25.3,-0.4,24.9,978.0,4,CHP|FRZ|KVI|LUM,58,56,47,1,1
PDV-01645,Sudeste,RJ,Niterói,restaurante,B,21.6,19.8,-8.3,22.3,1214.0,5,CHP|KVI|MES,61,43,47,0,0
PDV-01981,Sudeste,RJ,Petrópolis,bar premium,B,38.4,22.0,-42.7,28.7,1369.0,4,BAL|CHP|FRZ|LUM,70,61,47,3,0
PDV-03479,Nordeste,BA,Salvador,gastrobar,B,21.2,21.1,-0.5,19.7,1237.0,5,FRZ|LUM,48,34,47,2,0
PDV-01024,Sudeste,MG,Juiz de Fora,bar premium,C,6.0,5.1,-15.0,10.2,586.0,2,BAL|FRZ|LUM,62,58,47,1,0
PDV-03491,Nordeste,PE,Olinda,pub,B,15.3,18.1,18.3,14.3,1272.0,4,CHP|FRZ|LUM|MES,59,58,47,0,1
PDV-02525,Sul,SC,Joinville,bar premium,B,19.4,18.8,-3.1,15.3,1200.0,4,BAL|LUM|MES,73,58,19,0,0
PDV-00041,Sudeste,SP,Campinas,pub,C,15.6,15.8,1.3,15.7,681.0,4,BAL,54,51,47,0,0
PDV-02457,Sul,SC,Florianópolis,bar premium,C,13.7,9.4,-31.4,16.4,676.0,5,BAL,47,37,47,3,1
PDV-01346,Sudeste,SP,São Paulo,pub,C,23.0,16.3,-29.1,13.8,672.0,4,KVI|MES,61,57,47,4,1
PDV-02570,Sul,RS,Porto Alegre,gastrobar,A,61.1,58.9,-3.6,23.6,2413.0,5,BAL|CHP|FRZ|KVI|LUM|MES,68,55,31,2,0
PDV-03725,Nordeste,BA,Salvador,gastrobar,C,13.3,16.4,23.3,19.9,693.0,3,FRZ|LUM|MES,78,67,8,0,1
PDV-03515,Nordeste,BA,Salvador,bar premium,A,90.1,82.4,-8.5,25.8,2387.0,5,BAL|CHP|KVI|LUM,67,49,47,1,0
PDV-02730,Sul,PR,Curitiba,bar premium,A,150.8,164.0,8.8,20.6,2311.0,7,BAL|FRZ|KVI,72,69,47,1,0
PDV-01279,Sudeste,RJ,Rio de Janeiro,choperia,A,84.1,74.6,-11.3,38.3,2447.0,6,BAL|CHP|LUM|MES,75,57,28,0,1
PDV-03760,Nordeste,PE,Olinda,restaurante,B,27.0,21.7,-19.6,35.0,1339.0,4,BAL|FRZ|LUM,56,36,47,3,0
PDV-02184,Sul,SC,Joinville,bar premium,C,15.0,15.2,1.3,12.2,816.0,3,MES,53,45,47,0,1
PDV-00187,Sudeste,SP,Ribeirão Preto,restaurante,C,11.3,5.9,-47.8,14.9,782.0,3,BAL|FRZ|LUM,59,37,47,5,0
PDV-00446,Sudeste,MG,Juiz de Fora,restaurante,B,29.7,24.2,-18.5,17.6,1215.0,4,BAL|KVI|MES,55,49,9,2,1
PDV-01814,Sudeste,MG,Juiz de Fora,bar premium,A,124.7,57.9,-53.6,31.6,2564.0,6,BAL|FRZ|KVI|MES,71,64,47,4,0
PDV-00141,Sudeste,SP,Ribeirão Preto,bar premium,B,37.5,35.5,-5.3,10.3,1130.0,5,CHP|FRZ|MES,87,89,8,0,0
PDV-03747,Nordeste,BA,Feira de Santana,rooftop,B,13.0,15.2,16.9,24.4,1316.0,5,BAL|CHP|LUM,60,53,39,0,1
PDV-01404,Sudeste,SP,Campinas,gastrobar,C,14.5,13.8,-4.8,4.1,863.0,2,FRZ,60,48,47,1,1
PDV-01638,Sudeste,SP,São José dos Campos,rooftop,C,10.8,5.3,-50.9,6.3,832.0,5,MES,51,44,6,4,0
PDV-03306,Centro-Oeste,GO,Goiânia,rooftop,A,75.7,44.9,-40.7,33.9,2267.0,6,CHP|KVI|LUM,54,33,47,3,0
PDV-00065,Sudeste,SP,Santos,pub,A,70.5,64.5,-8.5,25.0,2318.0,7,BAL|CHP|FRZ|KVI|MES,71,62,47,1,0
PDV-02925,Centro-Oeste,DF,Brasília,pub,A,148.9,136.2,-8.5,22.2,2343.0,7,FRZ|KVI|LUM|MES,71,61,47,0,0
PDV-02459,Sul,PR,Londrina,bar premium,C,14.7,12.1,-17.7,20.2,668.0,3,CHP,50,40,47,3,0
PDV-02108,Sul,PR,Curitiba,gastrobar,C,27.0,25.2,-6.7,19.4,632.0,3,CHP|FRZ|KVI,61,48,47,1,0
PDV-03265,Centro-Oeste,DF,Brasília,gastrobar,A,78.0,39.4,-49.5,26.1,2354.0,5,CHP|FRZ|KVI|LUM,53,30,15,4,1
PDV-00919,Sudeste,SP,Santos,bar premium,A,78.9,57.8,-26.7,33.5,2507.0,6,BAL|CHP|FRZ,73,54,47,2,1
PDV-01237,Sudeste,SP,Ribeirão Preto,gastrobar,B,43.7,35.0,-19.9,29.4,1413.0,3,CHP|FRZ|LUM|MES,63,66,43,0,0
PDV-00317,Sudeste,SP,Santos,bar premium,B,25.1,20.9,-16.7,24.1,1182.0,4,BAL|MES,38,28,47,2,0
PDV-00942,Sudeste,RJ,Petrópolis,bar premium,B,37.3,35.5,-4.8,12.9,1336.0,5,CHP|FRZ|MES,55,42,18,0,1
PDV-02160,Sul,SC,Balneário Camboriú,gastrobar,C,15.7,16.4,4.5,18.4,732.0,2,MES,48,36,47,0,0
PDV-01950,Sudeste,ES,Vila Velha,bar premium,B,31.3,25.1,-19.8,25.4,1220.0,5,BAL|FRZ|KVI,33,33,11,2,0
PDV-01941,Sudeste,SP,São Paulo,gastrobar,B,41.2,20.4,-50.5,29.9,1341.0,4,FRZ|KVI|MES,66,52,18,5,0
PDV-00262,Sudeste,SP,Ribeirão Preto,bar premium,C,14.8,10.6,-28.4,18.8,729.0,4,CHP|FRZ|MES,39,28,39,2,0
PDV-01034,Sudeste,MG,Uberlândia,bar premium,C,11.9,9.7,-18.5,11.6,640.0,3,BAL|CHP|KVI,57,45,47,3,1
PDV-00967,Sudeste,SP,Campinas,bar premium,C,12.9,7.3,-43.4,7.2,721.0,5,BAL|LUM|MES,80,69,47,5,0
PDV-00678,Sudeste,SP,Ribeirão Preto,bar premium,A,137.7,135.8,-1.4,25.4,2421.0,7,BAL|CHP|FRZ|LUM|MES,67,63,47,1,1
PDV-03086,Centro-Oeste,DF,Brasília,restaurante,C,7.4,5.8,-21.6,26.1,777.0,3,BAL|CHP,59,70,47,2,0
PDV-01135,Sudeste,SP,Campinas,restaurante,C,20.6,19.9,-3.4,12.1,831.0,2,CHP|FRZ|MES,74,60,47,1,0
PDV-02182,Sul,RS,Caxias do Sul,bar premium,C,5.4,2.9,-46.3,18.3,683.0,5,FRZ,73,57,46,3,0
PDV-00882,Sudeste,MG,Uberlândia,gastrobar,B,33.3,29.2,-12.3,22.4,1072.0,3,BAL|FRZ|KVI|MES,67,62,47,0,0
PDV-02402,Sul,PR,Curitiba,bar premium,A,114.8,113.5,-1.1,24.0,2250.0,7,BAL|CHP|FRZ|KVI|LUM|MES,51,41,47,0,1
PDV-02608,Sul,PR,Maringá,choperia,B,45.9,50.1,9.2,18.8,1219.0,6,BAL|FRZ|KVI|LUM,66,58,11,0,1
PDV-03064,Centro-Oeste,GO,Anápolis,choperia,A,78.1,69.1,-11.5,43.2,2282.0,8,BAL|CHP|LUM|MES,76,61,47,1,0
PDV-02157,Sul,PR,Curitiba,gastrobar,A,84.6,92.8,9.7,36.1,2531.0,7,BAL|CHP|KVI,64,57,47,1,0
PDV-03546,Nordeste,BA,Feira de Santana,pub,B,21.0,23.3,11.0,25.9,1126.0,5,BAL|LUM,72,69,43,0,0
PDV-02376,Sul,PR,Maringá,bar premium,B,51.6,51.8,0.4,25.7,1115.0,4,BAL|CHP|LUM,57,57,47,0,0
PDV-01423,Sudeste,SP,São Paulo,bar premium,C,12.7,12.7,0.0,13.1,689.0,2,CHP|FRZ|KVI,40,13,47,0,0
PDV-01283,Sudeste,SP,Ribeirão Preto,bar premium,B,48.0,40.9,-14.8,32.8,1402.0,5,CHP|FRZ|LUM|MES,55,46,8,2,0
PDV-02194,Sul,RS,Porto Alegre,gastrobar,B,27.0,26.1,-3.3,23.7,1357.0,3,KVI|LUM,55,49,47,1,0
PDV-03484,Nordeste,PE,Olinda,bar premium,C,7.6,8.4,10.5,13.8,738.0,3,CHP|FRZ|KVI,55,43,15,0,0
PDV-03606,Nordeste,PE,Caruaru,gastrobar,C,8.0,9.1,13.7,13.0,722.0,3,FRZ|KVI,53,49,47,0,1
PDV-02753,Sul,SC,Florianópolis,bar premium,A,67.6,63.0,-6.8,25.0,2461.0,7,BAL|CHP|FRZ|KVI|LUM|MES,50,33,47,0,1
PDV-01471,Sudeste,SP,Ribeirão Preto,pub,A,93.2,80.9,-13.2,37.8,2552.0,6,BAL|CHP|LUM,67,60,47,2,1
PDV-01360,Sudeste,SP,Campinas,choperia,C,12.0,11.9,-0.8,11.2,606.0,3,BAL,87,81,47,1,0
PDV-00906,Sudeste,SP,Campinas,restaurante,C,18.1,16.8,-7.2,13.3,572.0,3,CHP,49,59,47,0,0
PDV-02321,Sul,PR,Curitiba,pub,A,80.9,72.2,-10.8,24.1,2436.0,5,BAL|CHP|FRZ|KVI|LUM|MES,77,64,47,2,0
PDV-00461,Sudeste,ES,Vila Velha,pub,C,22.0,15.4,-30.0,18.4,616.0,3,FRZ|MES,56,47,47,3,0
PDV-01246,Sudeste,RJ,Rio de Janeiro,pub,B,54.5,47.1,-13.6,10.6,1197.0,4,BAL|CHP|LUM,67,57,47,1,0
PDV-00134,Sudeste,RJ,Petrópolis,pub,C,15.8,15.1,-4.4,15.7,725.0,4,LUM,81,78,27,0,0
PDV-03658,Nordeste,BA,Feira de Santana,bar premium,C,12.3,11.6,-5.7,15.5,724.0,4,BAL|MES,49,36,36,2,0
PDV-01416,Sudeste,ES,Vila Velha,bar premium,B,22.5,22.2,-1.3,16.3,1061.0,6,BAL|FRZ|LUM|MES,62,59,36,1,0
PDV-01818,Sudeste,SP,Campinas,restaurante,A,125.8,106.0,-15.7,27.8,2310.0,6,BAL|FRZ|LUM|MES,68,75,47,0,1
PDV-02956,Centro-Oeste,MT,Cuiabá,rooftop,A,40.1,36.9,-8.0,37.3,2034.0,5,CHP|FRZ|LUM,92,71,47,0,0
PDV-01695,Sudeste,SP,Campinas,choperia,C,15.7,13.3,-15.3,13.9,666.0,4,KVI|LUM|MES,65,58,15,2,0
PDV-00934,Sudeste,RJ,Niterói,restaurante,B,24.4,24.5,0.4,12.1,1345.0,5,BAL|CHP,67,55,15,1,0
PDV-02143,Sul,RS,Porto Alegre,restaurante,A,139.9,141.2,0.9,27.4,2504.0,7,FRZ|KVI|LUM|MES,60,51,45,0,0
PDV-00718,Sudeste,SP,Campinas,gastrobar,C,26.8,14.9,-44.4,21.3,741.0,5,CHP|FRZ|MES,52,36,47,4,1
PDV-00894,Sudeste,SP,Santos,choperia,C,15.5,13.0,-16.1,9.2,882.0,4,KVI|LUM,47,35,47,2,0
PDV-01490,Sudeste,SP,São José dos Campos,bar premium,C,21.8,18.5,-15.1,16.9,657.0,4,CHP|FRZ|MES,53,33,47,2,1
PDV-03342,Centro-Oeste,MT,Cuiabá,pub,B,21.5,20.3,-5.6,30.5,1145.0,4,CHP|FRZ,36,29,47,0,0
PDV-02757,Sul,PR,Maringá,bar premium,C,9.4,10.0,6.4,10.0,720.0,3,MES,67,56,47,0,0
PDV-00969,Sudeste,SP,São José dos Campos,restaurante,A,60.9,48.2,-20.9,41.2,2262.0,7,BAL|CHP|FRZ|MES,66,48,47,2,0
PDV-00338,Sudeste,MG,Juiz de Fora,choperia,A,70.2,64.9,-7.5,36.3,2336.0,6,BAL|CHP|FRZ|KVI|LUM|MES,60,53,47,0,0
PDV-02557,Sul,SC,Balneário Camboriú,restaurante,A,151.8,142.0,-6.5,30.9,2313.0,8,CHP|FRZ|MES,69,68,47,0,0
PDV-02072,Sul,PR,Londrina,pub,C,7.5,7.7,2.7,22.4,742.0,1,FRZ,75,75,23,2,0
PDV-02111,Sul,PR,Curitiba,restaurante,A,52.1,47.3,-9.2,37.2,1948.0,7,BAL|CHP|FRZ|KVI|LUM|MES,59,63,27,2,0
PDV-03411,Nordeste,PE,Caruaru,bar premium,B,40.6,48.2,18.7,25.2,1217.0,5,BAL|LUM|MES,58,47,33,0,0
PDV-01484,Sudeste,RJ,Rio de Janeiro,restaurante,C,6.8,3.5,-48.5,10.4,881.0,3,KVI,57,51,47,4,1
PDV-01642,Sudeste,SP,São Paulo,bar premium,B,51.3,48.9,-4.7,20.7,1224.0,5,FRZ|KVI|MES,50,41,47,0,0
PDV-02717,Sul,RS,Pelotas,gastrobar,B,62.2,60.7,-2.4,17.8,1242.0,3,BAL|CHP|LUM,48,38,22,1,0
PDV-00979,Sudeste,RJ,Rio de Janeiro,rooftop,C,7.6,8.0,5.3,22.3,740.0,3,CHP|KVI,58,55,28,0,0
PDV-01025,Sudeste,RJ,Petrópolis,bar premium,A,177.3,158.4,-10.7,25.2,2527.0,4,BAL|CHP|FRZ|KVI|LUM|MES,77,67,47,1,0
PDV-01536,Sudeste,RJ,Niterói,restaurante,C,15.1,14.4,-4.6,7.9,730.0,5,KVI|LUM,53,43,47,1,0
PDV-02934,Centro-Oeste,GO,Goiânia,gastrobar,B,48.2,44.9,-6.8,25.9,1318.0,5,CHP|FRZ|LUM|MES,39,34,47,0,1
PDV-03168,Centro-Oeste,DF,Brasília,pub,B,28.7,26.9,-6.3,20.6,1241.0,3,BAL|CHP,74,71,47,1,1
PDV-01948,Sudeste,MG,Juiz de Fora,gastrobar,B,39.7,33.9,-14.6,21.4,1329.0,3,BAL|CHP|FRZ|KVI,51,38,47,3,0
PDV-02188,Sul,SC,Florianópolis,gastrobar,A,99.7,82.1,-17.7,24.5,2582.0,6,BAL|CHP|FRZ|KVI|LUM|MES,71,61,28,2,0
PDV-02462,Sul,RS,Pelotas,gastrobar,A,134.6,84.7,-37.1,19.3,2607.0,6,BAL|CHP|KVI|MES,62,48,47,5,1
PDV-01081,Sudeste,ES,Vitória,restaurante,B,48.7,28.5,-41.5,23.8,1187.0,4,CHP|FRZ,61,47,20,4,0
PDV-03572,Nordeste,RN,Natal,restaurante,B,12.6,14.5,15.1,15.5,1169.0,6,BAL|CHP|FRZ|LUM,73,62,18,0,1
PDV-00833,Sudeste,ES,Vila Velha,gastrobar,C,8.8,8.4,-4.5,16.3,810.0,4,CHP|MES,77,61,38,0,1
PDV-00722,Sudeste,SP,Campinas,bar premium,B,77.8,68.7,-11.7,8.1,1130.0,4,BAL|CHP|FRZ,63,51,47,0,0
PDV-02223,Sul,RS,Pelotas,bar premium,C,16.3,17.4,6.7,16.6,638.0,3,KVI,70,69,47,0,0
PDV-02886,Centro-Oeste,MT,Cuiabá,rooftop,C,27.9,24.7,-11.5,19.2,629.0,3,BAL|CHP,45,32,16,1,0
PDV-02465,Sul,RS,Pelotas,bar premium,C,6.3,5.6,-11.1,16.5,640.0,4,BAL,54,38,47,1,1
PDV-01060,Sudeste,MG,Juiz de Fora,bar premium,C,11.1,11.1,0.0,10.7,632.0,4,BAL|CHP|KVI,85,75,47,1,1
PDV-01197,Sudeste,RJ,Rio de Janeiro,gastrobar,B,29.0,18.5,-36.2,19.1,1200.0,4,BAL|CHP|FRZ|MES,75,61,47,4,0
PDV-03738,Nordeste,PE,Caruaru,bar premium,B,17.9,18.8,5.0,23.2,1207.0,6,CHP|KVI|LUM,74,63,47,2,0
PDV-03706,Nordeste,CE,Juazeiro do Norte,gastrobar,C,9.3,9.4,1.1,16.6,807.0,3,LUM,58,55,24,2,0
PDV-03651,Nordeste,PE,Olinda,restaurante,A,132.3,79.9,-39.6,38.2,3231.0,5,BAL|CHP|FRZ|KVI|LUM,63,37,47,3,0
PDV-02256,Sul,RS,Caxias do Sul,bar premium,C,5.6,5.4,-3.6,6.5,767.0,3,CHP,51,50,47,1,0
PDV-02826,Sul,RS,Caxias do Sul,gastrobar,B,105.7,86.2,-18.4,17.2,1405.0,5,CHP|FRZ|LUM,87,69,47,2,1
PDV-01046,Sudeste,RJ,Petrópolis,gastrobar,A,99.6,58.5,-41.3,42.3,2075.0,2,BAL|CHP|KVI,56,37,47,4,0
PDV-03644,Nordeste,PE,Olinda,bar premium,A,127.4,84.6,-33.6,34.5,2204.0,6,BAL|CHP|FRZ|KVI|LUM|MES,73,59,47,4,0
PDV-03170,Centro-Oeste,GO,Goiânia,bar premium,B,17.6,17.9,1.7,16.1,1333.0,5,CHP|FRZ,58,46,47,0,1
PDV-02297,Sul,RS,Pelotas,choperia,C,17.9,17.9,0.0,17.1,669.0,3,KVI,72,56,47,0,1
PDV-01587,Sudeste,SP,Campinas,bar premium,B,50.9,30.0,-41.1,25.2,1447.0,4,CHP|KVI,61,49,47,5,1
PDV-00860,Sudeste,SP,Ribeirão Preto,rooftop,B,27.1,23.2,-14.4,26.8,1165.0,4,FRZ|KVI,54,43,47,1,0
PDV-02214,Sul,PR,Londrina,bar premium,B,23.5,23.0,-2.1,31.1,1160.0,4,CHP|FRZ|KVI|LUM,50,50,47,1,0
PDV-03445,Nordeste,BA,Salvador,pub,B,27.2,30.2,11.0,23.8,1425.0,3,CHP|KVI|LUM|MES,76,53,37,2,0
PDV-02619,Sul,RS,Caxias do Sul,gastrobar,A,67.9,66.1,-2.7,25.5,2105.0,7,BAL|CHP|FRZ|KVI|LUM,56,45,47,1,0
PDV-02852,Centro-Oeste,DF,Brasília,bar premium,B,75.6,52.5,-30.6,15.8,1206.0,4,BAL|CHP|FRZ|MES,80,58,47,3,0
PDV-00812,Sudeste,MG,Uberlândia,rooftop,B,38.1,39.2,2.9,25.0,1331.0,4,FRZ|LUM,71,64,21,0,1
PDV-01289,Sudeste,SP,São Paulo,gastrobar,A,75.0,53.8,-28.3,31.9,1679.0,6,BAL|CHP|FRZ|LUM|MES,67,50,47,2,1
PDV-01271,Sudeste,SP,São Paulo,gastrobar,B,44.7,26.5,-40.7,23.5,1501.0,3,BAL|CHP|FRZ|LUM,94,83,47,4,0
PDV-03726,Nordeste,BA,Salvador,choperia,B,27.4,31.7,15.7,13.2,1407.0,4,BAL|LUM,65,48,47,0,0
PDV-02007,Sul,PR,Londrina,bar premium,C,7.1,5.6,-21.1,7.8,493.0,4,FRZ|LUM,64,57,47,3,0
PDV-00849,Sudeste,SP,Ribeirão Preto,choperia,C,14.8,11.7,-20.9,12.8,616.0,5,BAL|FRZ,45,34,47,2,0
PDV-02039,Sul,SC,Balneário Camboriú,bar premium,C,14.1,12.9,-8.5,21.9,729.0,4,BAL|FRZ|KVI,44,34,47,1,0
PDV-01806,Sudeste,RJ,Rio de Janeiro,gastrobar,B,28.9,27.9,-3.5,17.1,1175.0,5,BAL|KVI|MES,75,60,47,1,1
PDV-01708,Sudeste,SP,Campinas,rooftop,A,191.7,161.7,-15.6,18.8,2476.0,7,BAL|CHP|FRZ|KVI|LUM|MES,70,67,19,0,0
PDV-03176,Centro-Oeste,DF,Brasília,pub,B,26.3,23.3,-11.4,24.9,1127.0,5,BAL|FRZ|KVI,52,46,47,0,0
PDV-00095,Sudeste,ES,Vila Velha,restaurante,A,88.8,68.9,-22.4,37.0,2740.0,5,CHP|KVI|LUM,74,56,47,0,0
PDV-00008,Sudeste,SP,São José dos Campos,pub,A,173.3,152.1,-12.2,37.4,2375.0,6,BAL|CHP|FRZ|KVI|LUM|MES,60,41,41,2,0
PDV-02918,Centro-Oeste,GO,Anápolis,bar premium,B,39.8,21.9,-45.0,29.2,1426.0,1,BAL|LUM,55,52,34,5,1
PDV-00839,Sudeste,ES,Vitória,gastrobar,A,136.2,109.7,-19.5,38.9,2136.0,6,CHP|FRZ|LUM|MES,70,59,47,1,0
PDV-02670,Sul,SC,Florianópolis,restaurante,C,11.1,11.4,2.7,16.1,702.0,2,BAL|LUM|MES,63,71,47,1,1
PDV-02531,Sul,PR,Maringá,gastrobar,B,47.0,52.3,11.3,16.9,1202.0,4,KVI|MES,39,21,47,0,0
PDV-01630,Sudeste,MG,Uberlândia,rooftop,A,100.3,96.3,-4.0,29.5,2254.0,6,BAL|CHP|FRZ|KVI|LUM|MES,66,72,47,1,1
PDV-01560,Sudeste,SP,São Paulo,bar premium,C,11.2,11.2,0.0,25.4,722.0,4,BAL|LUM|MES,75,74,47,0,0
PDV-00693,Sudeste,SP,Campinas,gastrobar,B,64.1,53.2,-17.0,20.0,1286.0,4,BAL|CHP|KVI,63,47,47,1,1
PDV-02093,Sul,SC,Balneário Camboriú,pub,A,121.3,106.7,-12.0,34.0,2081.0,6,CHP|FRZ|KVI|LUM|MES,33,15,47,1,1
PDV-02502,Sul,RS,Porto Alegre,bar premium,C,15.6,14.7,-5.8,8.8,757.0,3,BAL|CHP|KVI,53,41,35,2,0
PDV-01600,Sudeste,SP,Santos,pub,A,87.4,61.7,-29.4,27.4,2281.0,5,BAL|CHP|FRZ|KVI|LUM|MES,58,43,13,2,1
PDV-01014,Sudeste,SP,São José dos Campos,bar premium,A,110.7,68.3,-38.3,38.0,2061.0,5,CHP|FRZ|KVI|LUM|MES,71,56,47,3,1
PDV-01273,Sudeste,ES,Vila Velha,gastrobar,B,46.3,45.9,-0.9,14.8,1370.0,5,BAL|MES,42,34,47,2,0
PDV-01358,Sudeste,SP,São Paulo,restaurante,B,23.0,16.8,-27.0,24.0,1510.0,3,FRZ|KVI|LUM,79,68,47,3,1
PDV-03179,Centro-Oeste,DF,Brasília,rooftop,B,22.0,20.3,-7.7,17.8,1423.0,3,KVI|MES,71,55,47,0,0
PDV-00487,Sudeste,SP,Ribeirão Preto,bar premium,C,13.2,10.5,-20.5,3.3,664.0,4,KVI|MES,59,40,47,3,1
PDV-00677,Sudeste,SP,São Paulo,bar premium,A,70.8,59.7,-15.7,35.6,1984.0,5,FRZ|KVI|LUM|MES,48,36,47,2,0
PDV-00196,Sudeste,MG,Juiz de Fora,restaurante,A,123.4,125.4,1.6,18.3,2604.0,6,FRZ|LUM|MES,65,62,47,1,0
PDV-03280,Centro-Oeste,DF,Brasília,choperia,C,11.9,9.2,-22.7,15.5,778.0,2,BAL|CHP|KVI,42,42,47,2,0
PDV-01315,Sudeste,RJ,Petrópolis,rooftop,A,126.9,113.9,-10.2,38.6,2356.0,6,BAL|CHP|FRZ|KVI|LUM|MES,52,49,47,0,0
PDV-01829,Sudeste,SP,Santos,pub,A,163.1,70.6,-56.7,37.7,2014.0,5,BAL|CHP|FRZ|KVI|LUM|MES,69,63,6,5,0
PDV-02103,Sul,PR,Maringá,pub,A,130.8,55.3,-57.7,29.4,2537.0,4,FRZ|KVI|LUM,69,64,47,4,0
PDV-01019,Sudeste,SP,São José dos Campos,bar premium,C,11.0,4.0,-63.6,4.2,808.0,5,BAL|CHP,48,33,47,5,0
PDV-00762,Sudeste,ES,Vitória,restaurante,A,178.6,108.8,-39.1,24.7,2636.0,6,BAL|LUM|MES,71,64,47,4,1
PDV-03116,Centro-Oeste,MT,Cuiabá,bar premium,B,31.7,25.1,-20.8,18.8,1115.0,4,CHP|FRZ|KVI|MES,65,54,37,2,0
PDV-01178,Sudeste,MG,Juiz de Fora,choperia,A,118.2,104.5,-11.6,23.7,2445.0,5,BAL|FRZ|KVI|LUM|MES,59,53,47,1,0
PDV-03337,Centro-Oeste,GO,Goiânia,choperia,B,52.8,50.1,-5.1,26.6,1322.0,2,BAL|CHP|KVI|LUM,50,39,47,1,0
PDV-01987,Sudeste,RJ,Niterói,gastrobar,C,7.0,6.4,-8.6,22.6,832.0,3,KVI,80,72,47,1,1
PDV-01275,Sudeste,MG,Belo Horizonte,rooftop,A,146.9,142.9,-2.7,32.8,2437.0,8,BAL|CHP|FRZ|KVI|LUM|MES,30,18,47,0,0
PDV-02951,Centro-Oeste,MS,Campo Grande,restaurante,A,169.4,127.4,-24.8,32.7,2186.0,6,BAL|FRZ|LUM|MES,48,37,47,1,1
PDV-01168,Sudeste,SP,São José dos Campos,bar premium,C,8.5,5.6,-34.1,16.6,623.0,4,FRZ,70,51,47,3,0
PDV-00618,Sudeste,RJ,Rio de Janeiro,choperia,C,10.4,10.1,-2.9,6.7,740.0,2,KVI,58,39,47,0,0
PDV-03699,Nordeste,BA,Feira de Santana,gastrobar,C,7.6,8.9,17.1,7.5,730.0,4,KVI,60,56,47,0,0
PDV-00106,Sudeste,MG,Uberlândia,choperia,A,237.8,89.6,-62.3,29.0,2208.0,5,BAL|CHP|FRZ|KVI|LUM|MES,70,69,18,5,0
PDV-00019,Sudeste,ES,Vila Velha,gastrobar,B,26.5,15.4,-41.9,17.1,1210.0,3,FRZ|LUM|MES,71,67,47,5,0
PDV-00591,Sudeste,SP,São José dos Campos,restaurante,C,18.6,13.7,-26.3,11.8,774.0,4,BAL|KVI,51,43,47,2,0
PDV-03154,Centro-Oeste,GO,Goiânia,rooftop,A,76.4,56.9,-25.5,21.5,2510.0,6,CHP|FRZ|KVI|LUM|MES,63,41,47,2,1
PDV-00426,Sudeste,SP,Campinas,gastrobar,B,62.9,32.6,-48.2,25.6,1376.0,5,CHP|FRZ|KVI,68,53,20,4,0
PDV-02579,Sul,RS,Porto Alegre,rooftop,B,25.4,13.4,-47.2,26.3,1171.0,5,BAL|FRZ|KVI|LUM,55,47,47,5,0
PDV-03303,Centro-Oeste,MT,Cuiabá,bar premium,C,38.9,37.5,-3.6,3.0,773.0,4,KVI|LUM,50,43,47,0,0
PDV-00192,Sudeste,SP,São José dos Campos,restaurante,C,17.5,16.4,-6.3,13.6,748.0,2,BAL|KVI|MES,75,62,47,1,0
PDV-02509,Sul,SC,Balneário Camboriú,bar premium,C,18.4,9.8,-46.7,14.6,828.0,4,FRZ,49,28,47,4,0
PDV-00097,Sudeste,SP,Ribeirão Preto,rooftop,A,141.6,103.3,-27.0,20.4,2339.0,5,FRZ|KVI|MES,41,21,28,2,0
PDV-01123,Sudeste,SP,São Paulo,restaurante,A,88.4,46.3,-47.6,29.6,2316.0,6,BAL|FRZ|LUM|MES,61,46,24,4,1
PDV-01868,Sudeste,RJ,Petrópolis,gastrobar,B,30.7,19.4,-36.8,16.8,1174.0,5,BAL|CHP|KVI|LUM,53,28,47,3,0
PDV-03026,Centro-Oeste,GO,Goiânia,bar premium,B,46.6,43.3,-7.1,33.6,926.0,4,CHP|FRZ|KVI,53,43,47,1,1
PDV-00529,Sudeste,RJ,Niterói,pub,A,89.7,63.7,-29.0,18.0,2367.0,7,BAL|CHP|KVI|MES,60,52,47,2,0
PDV-02460,Sul,SC,Balneário Camboriú,bar premium,C,7.5,7.3,-2.7,20.1,773.0,2,FRZ|KVI,63,42,47,1,1
PDV-03121,Centro-Oeste,GO,Goiânia,pub,B,48.1,31.1,-35.3,24.4,1399.0,3,BAL|CHP|FRZ|KVI,63,52,47,3,1
PDV-00578,Sudeste,MG,Juiz de Fora,bar premium,B,36.8,22.4,-39.1,26.4,1294.0,3,LUM|MES,30,22,34,3,0
PDV-03105,Centro-Oeste,MS,Campo Grande,bar premium,B,47.4,42.4,-10.5,23.6,1072.0,3,BAL|CHP|KVI|MES,50,37,23,1,0
PDV-00758,Sudeste,SP,Campinas,restaurante,C,12.5,10.3,-17.6,9.5,630.0,4,FRZ|LUM,78,72,47,1,0
PDV-02278,Sul,RS,Porto Alegre,rooftop,B,28.8,28.6,-0.7,13.1,1154.0,4,BAL|CHP|FRZ|MES,76,61,47,0,0
PDV-02716,Sul,SC,Balneário Camboriú,bar premium,C,8.2,4.1,-50.0,14.2,687.0,6,KVI,39,30,47,4,0
PDV-02878,Centro-Oeste,MT,Cuiabá,bar premium,C,7.1,6.9,-2.8,24.5,688.0,3,CHP,56,39,32,0,1
PDV-03465,Nordeste,PE,Recife,rooftop,B,42.9,47.5,10.7,15.6,966.0,4,FRZ|KVI,87,80,47,1,1
PDV-01314,Sudeste,SP,São Paulo,bar premium,A,34.5,28.7,-16.8,26.3,2344.0,5,BAL|CHP|FRZ|KVI,54,31,47,1,0
PDV-03102,Centro-Oeste,MS,Campo Grande,pub,B,35.6,35.6,0.0,19.5,1321.0,5,BAL|CHP|FRZ|MES,68,50,47,0,1
PDV-02416,Sul,PR,Curitiba,restaurante,C,5.0,5.3,6.0,7.2,630.0,2,BAL|KVI,71,69,40,0,1
PDV-03749,Nordeste,PE,Recife,bar premium,B,15.8,16.8,6.3,24.0,1400.0,4,BAL|CHP|FRZ|LUM,64,69,47,0,1
PDV-01760,Sudeste,MG,Juiz de Fora,bar premium,B,35.4,31.2,-11.9,24.4,1220.0,4,CHP|LUM,47,39,47,0,0
PDV-00887,Sudeste,RJ,Niterói,rooftop,B,33.8,31.3,-7.4,20.5,1348.0,4,CHP|FRZ|KVI|LUM,69,59,47,0,0
PDV-01939,Sudeste,SP,Campinas,bar premium,A,136.7,69.9,-48.9,23.6,2664.0,3,CHP|FRZ|KVI|LUM|MES,69,52,45,4,1
PDV-02371,Sul,PR,Curitiba,bar premium,B,31.5,28.1,-10.8,23.4,904.0,3,BAL|CHP|FRZ|KVI,59,45,47,1,0
PDV-03660,Nordeste,BA,Feira de Santana,pub,B,27.1,28.6,5.5,8.7,1325.0,6,CHP|FRZ|KVI,43,49,7,0,1
PDV-00255,Sudeste,SP,Ribeirão Preto,restaurante,B,18.4,15.6,-15.2,26.2,1402.0,4,BAL|CHP|KVI|LUM,53,32,47,2,0
PDV-03743,Nordeste,RN,Natal,bar premium,A,38.8,42.0,8.2,33.9,2408.0,7,CHP|FRZ|LUM|MES,66,54,47,0,0
PDV-01609,Sudeste,MG,Juiz de Fora,bar premium,C,10.0,8.0,-20.0,26.1,796.0,4,FRZ|LUM|MES,46,32,47,1,0
PDV-03736,Nordeste,PE,Caruaru,bar premium,B,23.4,29.1,24.4,20.3,983.0,5,CHP|MES,82,71,47,0,0
PDV-00685,Sudeste,RJ,Rio de Janeiro,choperia,C,18.7,17.4,-7.0,15.9,776.0,3,KVI,51,42,21,0,1
PDV-01672,Sudeste,SP,São José dos Campos,bar premium,A,138.8,68.0,-51.0,23.8,2130.0,4,CHP|FRZ|KVI|LUM,78,59,9,4,0
PDV-03455,Nordeste,PE,Recife,bar premium,B,43.9,42.5,-3.2,25.0,1351.0,4,BAL|FRZ|KVI|LUM,65,59,47,0,0
PDV-01173,Sudeste,SP,São Paulo,pub,C,13.3,13.4,0.8,15.2,819.0,4,BAL|KVI|LUM,56,46,47,0,1
PDV-00247,Sudeste,RJ,Petrópolis,bar premium,A,110.4,88.4,-19.9,34.4,2502.0,7,BAL|FRZ|KVI|LUM,33,14,47,2,0
PDV-00525,Sudeste,ES,Vitória,restaurante,A,192.7,155.3,-19.4,43.7,2355.0,6,BAL|CHP|FRZ|KVI|LUM|MES,53,40,40,1,0
PDV-00761,Sudeste,SP,Santos,pub,C,17.6,16.6,-5.7,12.6,418.0,3,CHP|FRZ,54,56,47,1,0
PDV-03309,Centro-Oeste,GO,Goiânia,bar premium,B,46.2,40.0,-13.4,25.6,1085.0,5,BAL|FRZ|KVI|MES,53,38,47,2,0
PDV-02022,Sul,PR,Curitiba,restaurante,C,8.5,7.9,-7.1,20.0,742.0,3,BAL|FRZ,41,25,47,0,0
PDV-02776,Sul,PR,Curitiba,bar premium,A,141.7,115.8,-18.3,28.6,2635.0,6,CHP|KVI|LUM|MES,74,66,47,2,1
PDV-02945,Centro-Oeste,GO,Anápolis,gastrobar,C,7.8,6.2,-20.5,14.9,794.0,3,LUM|MES,73,52,47,2,1
PDV-01614,Sudeste,RJ,Petrópolis,restaurante,C,11.2,4.4,-60.7,17.5,818.0,4,BAL|LUM|MES,55,35,26,5,0
PDV-01616,Sudeste,RJ,Rio de Janeiro,gastrobar,C,18.7,15.5,-17.1,24.0,739.0,3,CHP|FRZ|LUM,64,59,47,1,0
PDV-03037,Centro-Oeste,MT,Cuiabá,bar premium,A,159.4,101.7,-36.2,36.4,2156.0,6,BAL|CHP|FRZ|KVI|LUM|MES,70,54,47,3,1
PDV-00431,Sudeste,SP,Ribeirão Preto,choperia,C,15.2,14.9,-2.0,21.3,667.0,2,BAL|LUM,69,56,22,0,1
PDV-03421,Nordeste,CE,Juazeiro do Norte,bar premium,B,31.4,38.2,21.7,20.8,1551.0,4,BAL|CHP|KVI,56,45,47,0,1
PDV-01495,Sudeste,SP,Ribeirão Preto,pub,B,48.4,33.6,-30.6,21.9,1332.0,4,BAL|CHP|FRZ|MES,61,39,47,3,0
PDV-03675,Nordeste,PE,Caruaru,pub,B,22.3,21.8,-2.2,27.1,1349.0,3,BAL|KVI|LUM|MES,72,62,16,2,0
PDV-00284,Sudeste,RJ,Rio de Janeiro,gastrobar,C,12.0,6.5,-45.8,15.0,676.0,3,LUM,62,42,38,3,1
PDV-02121,Sul,PR,Curitiba,bar premium,C,6.7,4.7,-29.9,12.3,776.0,5,FRZ|KVI|MES,80,73,47,3,1
PDV-00488,Sudeste,RJ,Rio de Janeiro,bar premium,C,16.6,15.7,-5.4,13.4,805.0,3,BAL|LUM,51,45,47,0,0
PDV-03365,Centro-Oeste,DF,Brasília,bar premium,C,33.0,31.7,-3.9,13.7,773.0,2,LUM,73,65,17,0,0
PDV-01578,Sudeste,MG,Uberlândia,bar premium,C,12.7,8.9,-29.9,13.2,622.0,4,BAL|MES,64,41,47,3,0
PDV-00868,Sudeste,SP,São Paulo,bar premium,A,188.9,127.1,-32.7,40.9,2509.0,5,CHP|FRZ|KVI|LUM,56,51,28,3,1
PDV-03084,Centro-Oeste,DF,Brasília,choperia,B,33.4,33.4,0.0,14.9,1192.0,4,BAL|KVI|LUM,77,67,47,1,0
PDV-02999,Centro-Oeste,MT,Cuiabá,pub,A,44.0,44.3,0.7,36.6,2703.0,6,BAL|CHP|FRZ|KVI|LUM,69,70,47,1,1
PDV-00360,Sudeste,SP,São José dos Campos,bar premium,A,251.1,115.8,-53.9,18.1,2466.0,4,BAL|CHP|FRZ|KVI|LUM,72,57,47,5,1
PDV-02003,Sul,RS,Pelotas,restaurante,C,11.1,11.7,5.4,25.4,605.0,2,CHP|MES,60,51,47,1,1
PDV-02703,Sul,PR,Curitiba,pub,A,32.1,28.4,-11.5,21.4,2192.0,7,BAL|CHP|KVI|LUM|MES,77,83,47,1,0
PDV-01489,Sudeste,SP,Santos,bar premium,B,44.5,39.8,-10.6,23.2,1258.0,5,BAL|CHP|KVI|MES,66,69,47,2,0
PDV-01756,Sudeste,MG,Juiz de Fora,restaurante,A,91.9,76.0,-17.3,26.6,2440.0,7,BAL|FRZ|LUM|MES,56,56,47,1,0
PDV-03678,Nordeste,CE,Fortaleza,bar premium,C,12.2,13.4,9.8,23.5,734.0,2,FRZ,53,44,43,1,0
PDV-02367,Sul,SC,Florianópolis,bar premium,A,106.4,98.1,-7.8,36.3,2816.0,7,BAL|LUM|MES,82,69,47,2,1
PDV-01741,Sudeste,SP,São Paulo,pub,A,121.2,107.0,-11.7,32.1,2382.0,7,BAL|FRZ|MES,55,48,47,1,0
PDV-03685,Nordeste,PE,Recife,bar premium,C,9.8,11.1,13.3,20.1,703.0,2,FRZ|KVI|MES,59,53,47,0,0
PDV-03635,Nordeste,BA,Feira de Santana,bar premium,B,13.0,11.0,-15.4,18.0,1226.0,5,KVI|LUM,67,48,47,3,1
PDV-00642,Sudeste,SP,São José dos Campos,pub,A,54.1,45.5,-15.9,29.4,2461.0,5,BAL|KVI|MES,66,63,47,1,0
PDV-03285,Centro-Oeste,MS,Campo Grande,bar premium,C,20.8,19.3,-7.2,11.5,664.0,4,FRZ,55,49,43,1,0
PDV-03691,Nordeste,CE,Fortaleza,bar premium,C,8.4,9.2,9.5,11.0,830.0,3,BAL|FRZ|KVI,33,29,20,0,0
PDV-00616,Sudeste,RJ,Niterói,gastrobar,A,119.1,66.5,-44.2,30.6,2219.0,4,BAL|FRZ|KVI|LUM|MES,60,43,47,4,0
PDV-02012,Sul,RS,Caxias do Sul,bar premium,C,9.8,8.9,-9.2,13.5,773.0,3,CHP|MES,58,45,47,1,0
PDV-02830,Sul,SC,Joinville,bar premium,C,15.0,15.4,2.7,19.6,710.0,3,CHP|KVI,55,36,47,1,1
PDV-00821,Sudeste,SP,Campinas,gastrobar,B,50.2,46.5,-7.4,23.7,1218.0,4,BAL|KVI|MES,55,57,20,0,1
PDV-01801,Sudeste,SP,Santos,restaurante,B,27.8,23.2,-16.5,17.2,1161.0,4,FRZ|LUM,71,59,47,2,0
PDV-00752,Sudeste,SP,Santos,gastrobar,B,35.1,20.0,-43.0,17.5,1155.0,5,CHP|KVI|LUM|MES,60,53,13,3,0
PDV-02905,Centro-Oeste,GO,Anápolis,gastrobar,C,19.2,18.7,-2.6,7.3,684.0,2,LUM,35,24,47,1,0
PDV-00205,Sudeste,SP,São José dos Campos,pub,B,37.1,31.9,-14.0,21.2,996.0,5,BAL|LUM|MES,54,45,36,2,0
PDV-01189,Sudeste,SP,Ribeirão Preto,pub,B,75.3,43.9,-41.7,16.3,1406.0,2,CHP|LUM,64,41,30,5,1
PDV-03614,Nordeste,PE,Caruaru,bar premium,B,36.8,45.1,22.6,22.9,1190.0,4,BAL|CHP|KVI,52,39,47,1,1
PDV-01601,Sudeste,RJ,Petrópolis,restaurante,A,206.9,119.5,-42.2,30.9,2583.0,6,CHP|KVI|MES,62,46,14,5,1
PDV-00486,Sudeste,MG,Uberlândia,rooftop,C,5.5,2.5,-54.5,20.8,589.0,5,CHP|LUM,66,48,47,5,0
PDV-01840,Sudeste,SP,São José dos Campos,gastrobar,C,21.5,18.0,-16.3,8.2,743.0,4,KVI,70,58,47,1,0
PDV-03653,Nordeste,PE,Olinda,gastrobar,A,75.6,75.3,-0.4,40.5,2509.0,7,BAL|CHP|FRZ|KVI|MES,47,24,47,2,1
PDV-01214,Sudeste,SP,Ribeirão Preto,gastrobar,B,41.4,35.4,-14.5,24.7,1160.0,4,CHP|FRZ,60,62,41,1,0
PDV-00037,Sudeste,MG,Uberlândia,choperia,A,366.5,296.2,-19.2,37.0,2247.0,6,BAL|CHP|KVI|LUM,56,48,47,3,0
PDV-00245,Sudeste,SP,Ribeirão Preto,bar premium,B,30.2,26.0,-13.9,26.0,1445.0,5,KVI|LUM|MES,67,43,39,2,0
PDV-02086,Sul,PR,Curitiba,pub,B,29.1,26.2,-10.0,19.5,989.0,5,KVI|LUM|MES,79,71,47,0,0
PDV-00607,Sudeste,RJ,Niterói,pub,A,59.5,53.0,-10.9,27.4,2776.0,6,BAL|KVI|LUM|MES,46,47,6,1,1
PDV-02317,Sul,PR,Curitiba,bar premium,A,131.7,86.1,-34.6,27.0,2851.0,7,BAL|CHP|KVI|LUM|MES,64,53,47,3,1
PDV-00859,Sudeste,SP,Campinas,bar premium,C,8.0,7.0,-12.5,6.3,453.0,4,BAL|CHP,62,60,40,2,0
PDV-01832,Sudeste,SP,São José dos Campos,rooftop,B,69.2,40.3,-41.8,26.3,1129.0,3,KVI|LUM,68,60,47,3,0
PDV-02205,Sul,SC,Joinville,pub,B,29.3,22.0,-24.9,29.0,1278.0,3,FRZ|MES,74,51,47,3,1
PDV-01742,Sudeste,SP,Ribeirão Preto,bar premium,C,12.2,9.9,-18.9,17.4,797.0,4,KVI|MES,70,61,47,1,0
PDV-00024,Sudeste,RJ,Rio de Janeiro,restaurante,A,108.9,94.0,-13.7,27.5,1924.0,7,BAL|FRZ|KVI|LUM|MES,72,79,47,2,1
PDV-03013,Centro-Oeste,DF,Brasília,bar premium,C,14.5,13.2,-9.0,16.4,692.0,3,MES,75,71,20,0,1
PDV-03361,Centro-Oeste,GO,Anápolis,bar premium,C,9.7,8.6,-11.3,25.5,665.0,3,BAL|CHP|LUM,74,67,16,1,0
PDV-03672,Nordeste,RN,Natal,pub,A,36.9,35.7,-3.3,18.7,2107.0,7,BAL|CHP|FRZ|LUM|MES,65,60,47,1,1
PDV-01026,Sudeste,SP,Campinas,pub,A,152.2,87.3,-42.6,28.6,2937.0,6,BAL|FRZ|KVI|LUM|MES,37,6,47,3,1
PDV-03255,Centro-Oeste,GO,Anápolis,restaurante,A,37.3,33.9,-9.1,30.4,2497.0,7,BAL|CHP|FRZ|KVI,83,77,47,0,0
PDV-00755,Sudeste,SP,Santos,pub,C,13.3,8.1,-39.1,7.8,594.0,4,BAL|FRZ|LUM,69,60,47,4,0
PDV-03380,Centro-Oeste,MS,Campo Grande,bar premium,C,34.3,31.1,-9.3,16.7,676.0,3,BAL|LUM,55,43,47,2,0
PDV-03451,Nordeste,CE,Juazeiro do Norte,gastrobar,C,13.0,14.4,10.8,3.0,735.0,3,BAL|LUM|MES,59,53,47,0,1
PDV-01597,Sudeste,SP,Campinas,bar premium,C,7.2,5.2,-27.8,14.6,650.0,4,CHP|LUM,68,55,47,2,1
PDV-00555,Sudeste,SP,Santos,gastrobar,C,8.1,5.9,-27.2,3.0,714.0,3,CHP,74,67,33,3,1
PDV-01748,Sudeste,SP,Ribeirão Preto,bar premium,C,9.9,8.3,-16.2,11.3,679.0,4,KVI,54,41,47,2,0
PDV-03248,Centro-Oeste,MT,Cuiabá,restaurante,C,11.5,9.5,-17.4,21.1,761.0,3,BAL|LUM|MES,50,56,47,2,1
PDV-03564,Nordeste,CE,Juazeiro do Norte,pub,A,127.1,120.3,-5.4,24.8,2052.0,7,BAL|CHP|FRZ|LUM|MES,59,52,47,3,1
PDV-01788,Sudeste,RJ,Niterói,restaurante,A,221.5,195.9,-11.6,24.0,2684.0,5,BAL|CHP|FRZ|KVI|LUM|MES,60,48,38,1,0
PDV-01542,Sudeste,MG,Juiz de Fora,gastrobar,C,21.0,11.1,-47.1,15.8,712.0,4,BAL|FRZ,63,46,47,3,0
PDV-02524,Sul,PR,Maringá,choperia,C,12.8,12.0,-6.2,20.9,817.0,4,BAL|CHP|MES,45,57,47,0,0
PDV-02247,Sul,SC,Balneário Camboriú,bar premium,B,48.5,50.7,4.5,29.5,1018.0,6,FRZ|LUM|MES,54,30,8,0,0
PDV-00252,Sudeste,SP,São Paulo,bar premium,B,31.5,19.9,-36.8,24.8,1213.0,5,BAL|CHP|MES,59,45,47,3,1
PDV-02216,Sul,RS,Pelotas,bar premium,A,71.0,66.2,-6.8,20.4,2699.0,7,BAL|CHP|LUM,63,62,17,0,1
PDV-02095,Sul,SC,Balneário Camboriú,choperia,B,55.6,57.5,3.4,26.7,1023.0,5,CHP|FRZ,47,34,8,0,1
PDV-01971,Sudeste,SP,Ribeirão Preto,restaurante,C,12.3,6.7,-45.5,10.3,676.0,3,BAL|FRZ|LUM,61,50,47,4,0
PDV-02505,Sul,PR,Londrina,bar premium,C,10.8,7.8,-27.8,10.5,748.0,4,BAL|KVI,73,59,47,4,0
PDV-00235,Sudeste,ES,Vitória,restaurante,B,74.9,69.7,-6.9,15.6,1298.0,5,CHP|KVI|LUM,89,87,15,0,0
PDV-03639,Nordeste,BA,Feira de Santana,rooftop,C,13.4,16.1,20.1,20.6,727.0,2,KVI|LUM|MES,55,53,33,0,0
PDV-00955,Sudeste,MG,Juiz de Fora,gastrobar,B,23.9,23.0,-3.8,17.7,1170.0,4,BAL|CHP|FRZ|LUM,46,47,14,0,1
PDV-00498,Sudeste,SP,Campinas,bar premium,C,8.7,8.5,-2.3,8.5,817.0,2,LUM,58,52,18,1,1
PDV-03697,Nordeste,PE,Olinda,bar premium,C,5.3,5.7,7.5,26.9,742.0,1,FRZ|LUM,40,24,47,0,0
PDV-01965,Sudeste,RJ,Petrópolis,choperia,C,6.0,5.9,-1.7,10.4,596.0,3,BAL|CHP|FRZ,83,79,12,0,1
PDV-03131,Centro-Oeste,MT,Cuiabá,gastrobar,C,11.1,9.3,-16.2,5.4,742.0,3,CHP|LUM,70,61,29,0,1
PDV-00598,Sudeste,RJ,Petrópolis,gastrobar,A,71.8,56.0,-22.0,30.8,2760.0,6,BAL|CHP|MES,46,29,47,2,0
PDV-02023,Sul,PR,Curitiba,pub,C,6.3,5.0,-20.6,12.0,659.0,3,BAL|CHP|FRZ,71,57,47,4,1
PDV-03150,Centro-Oeste,DF,Brasília,gastrobar,C,9.3,4.9,-47.3,15.4,808.0,3,BAL|KVI,61,54,47,5,0
PDV-00218,Sudeste,SP,São José dos Campos,pub,B,34.5,23.1,-33.0,24.7,1199.0,3,BAL|LUM,76,63,47,3,1
PDV-02127,Sul,RS,Pelotas,bar premium,C,11.4,7.6,-33.3,13.1,762.0,3,FRZ|LUM,82,81,47,3,0
PDV-03790,Nordeste,PE,Caruaru,bar premium,B,31.0,33.4,7.7,10.6,1265.0,5,BAL|KVI,65,69,47,0,1
PDV-03751,Nordeste,BA,Feira de Santana,gastrobar,A,91.7,97.1,5.9,26.9,2308.0,7,BAL|CHP|FRZ|KVI|LUM|MES,47,35,47,1,1
PDV-02503,Sul,SC,Joinville,bar premium,C,4.2,4.3,2.4,4.5,652.0,3,CHP|LUM,40,37,47,1,0
PDV-00536,Sudeste,MG,Juiz de Fora,rooftop,C,27.9,16.9,-39.4,11.0,694.0,4,BAL,77,56,47,3,0
PDV-00600,Sudeste,SP,Ribeirão Preto,rooftop,B,55.8,46.5,-16.7,19.6,1248.0,5,BAL|CHP,69,58,47,2,0
PDV-03369,Centro-Oeste,GO,Anápolis,rooftop,C,21.1,12.9,-38.9,19.9,715.0,2,CHP|LUM,50,34,26,3,0
PDV-03189,Centro-Oeste,GO,Anápolis,rooftop,C,12.0,8.4,-30.0,11.7,490.0,3,FRZ|KVI|MES,54,53,27,4,0
PDV-02401,Sul,PR,Curitiba,gastrobar,A,82.3,46.7,-43.3,23.9,2188.0,5,BAL|CHP|FRZ|LUM|MES,60,35,47,3,0
PDV-03567,Nordeste,BA,Salvador,bar premium,C,5.4,6.6,22.2,15.2,714.0,2,CHP|FRZ|MES,69,58,47,0,0
PDV-03396,Nordeste,CE,Juazeiro do Norte,restaurante,A,89.7,81.4,-9.3,25.5,2061.0,5,BAL|FRZ|LUM,70,51,47,2,1
PDV-02089,Sul,PR,Londrina,bar premium,A,55.3,45.3,-18.1,36.5,2438.0,5,BAL|CHP|KVI|LUM|MES,63,45,47,2,0
PDV-00275,Sudeste,RJ,Niterói,bar premium,A,133.6,111.7,-16.4,19.6,1629.0,6,BAL|CHP|FRZ|KVI|LUM|MES,72,61,47,0,1
PDV-01957,Sudeste,SP,Ribeirão Preto,bar premium,B,34.0,16.9,-50.3,26.5,1270.0,2,FRZ|KVI|LUM|MES,61,37,47,4,0
PDV-00151,Sudeste,MG,Uberlândia,restaurante,A,36.6,29.3,-19.9,37.3,2353.0,7,BAL|CHP|FRZ|KVI|LUM|MES,42,29,47,2,0
PDV-00208,Sudeste,SP,Ribeirão Preto,gastrobar,C,16.0,14.3,-10.6,13.2,780.0,3,KVI,53,47,47,1,0
PDV-01544,Sudeste,SP,São José dos Campos,rooftop,C,10.2,9.4,-7.8,21.0,697.0,3,BAL|CHP|MES,59,47,47,0,0
PDV-01500,Sudeste,SP,Ribeirão Preto,gastrobar,B,31.3,26.5,-15.3,22.5,1307.0,4,BAL|FRZ|LUM,52,36,47,1,0
PDV-03840,Nordeste,PE,Caruaru,choperia,B,19.9,25.6,28.6,27.9,1281.0,5,CHP|KVI|LUM,51,35,47,0,0
PDV-01322,Sudeste,SP,Campinas,restaurante,A,120.5,60.8,-49.5,36.2,2412.0,6,BAL|CHP|FRZ|LUM,61,60,47,4,1
PDV-03826,Nordeste,BA,Salvador,gastrobar,B,29.7,34.1,14.8,10.7,1380.0,3,FRZ|KVI|LUM|MES,75,50,47,0,0
PDV-00261,Sudeste,RJ,Rio de Janeiro,gastrobar,A,56.1,28.4,-49.4,36.0,2462.0,4,BAL|CHP|FRZ|KVI|LUM|MES,55,58,35,3,0
PDV-00376,Sudeste,ES,Vila Velha,gastrobar,C,6.6,3.4,-48.5,16.2,704.0,5,BAL|CHP|LUM,74,68,47,4,0
PDV-01492,Sudeste,SP,Ribeirão Preto,restaurante,C,7.8,4.7,-39.7,9.2,758.0,5,BAL,74,69,37,4,0
PDV-02699,Sul,PR,Curitiba,bar premium,B,16.0,14.1,-11.9,25.3,1153.0,4,CHP|FRZ|KVI|LUM,65,53,47,2,1
PDV-02408,Sul,RS,Caxias do Sul,pub,B,41.8,43.2,3.3,21.4,1204.0,2,BAL|LUM|MES,56,44,10,0,1
PDV-01896,Sudeste,SP,Ribeirão Preto,bar premium,A,174.3,172.1,-1.3,27.8,2274.0,7,CHP|FRZ|KVI|LUM|MES,33,29,22,1,0
PDV-03634,Nordeste,PE,Olinda,pub,C,6.1,7.4,21.3,22.3,605.0,2,LUM,59,54,47,0,1
PDV-00841,Sudeste,SP,Campinas,choperia,B,51.5,46.8,-9.1,16.3,1229.0,4,CHP|MES,57,50,47,0,0
PDV-00276,Sudeste,SP,Campinas,gastrobar,C,9.1,8.2,-9.9,12.5,636.0,3,BAL|CHP|KVI,59,53,47,0,0
PDV-01565,Sudeste,SP,Campinas,bar premium,B,53.2,41.1,-22.7,23.6,1030.0,3,CHP|FRZ|LUM,77,66,47,2,0
PDV-03596,Nordeste,BA,Salvador,pub,A,49.2,53.9,9.6,40.9,2332.0,8,BAL|CHP|FRZ|LUM|MES,39,33,47,0,0
PDV-03128,Centro-Oeste,MS,Campo Grande,restaurante,C,6.2,5.0,-19.4,17.5,631.0,2,MES,87,76,47,2,0
PDV-03647,Nordeste,PE,Olinda,bar premium,B,63.0,71.8,14.0,19.3,1232.0,7,FRZ|KVI|LUM,61,55,33,0,0
PDV-02060,Sul,RS,Pelotas,restaurante,B,40.5,37.0,-8.6,23.7,1396.0,4,FRZ|MES,44,38,29,1,0
PDV-01551,Sudeste,MG,Belo Horizonte,bar premium,C,20.0,18.3,-8.5,23.2,682.0,1,FRZ|KVI,62,59,47,2,1
PDV-00402,Sudeste,MG,Juiz de Fora,choperia,C,16.6,10.5,-36.7,13.1,677.0,3,MES,56,39,45,3,0
PDV-01236,Sudeste,RJ,Petrópolis,choperia,B,44.6,39.6,-11.2,19.5,1413.0,4,CHP|MES,62,55,47,1,0
PDV-02685,Sul,SC,Balneário Camboriú,bar premium,B,29.6,24.5,-17.2,22.6,1481.0,3,BAL|LUM,60,48,47,2,0
PDV-01952,Sudeste,SP,São José dos Campos,restaurante,A,48.1,26.6,-44.7,29.8,2940.0,5,BAL|CHP|FRZ|KVI|LUM|MES,86,74,47,3,0
PDV-02947,Centro-Oeste,GO,Goiânia,restaurante,A,114.4,108.0,-5.6,34.2,1747.0,7,CHP|FRZ|KVI|LUM,52,39,47,1,1
PDV-01646,Sudeste,RJ,Rio de Janeiro,bar premium,C,21.2,20.6,-2.8,19.7,808.0,3,BAL|FRZ|MES,73,72,47,0,0
PDV-02824,Sul,PR,Curitiba,bar premium,B,27.9,26.0,-6.8,19.6,999.0,4,KVI|LUM,55,62,47,0,0
PDV-03125,Centro-Oeste,DF,Brasília,pub,B,28.1,27.4,-2.5,22.0,1078.0,6,BAL|CHP|FRZ,65,57,43,0,1
PDV-00005,Sudeste,MG,Juiz de Fora,bar premium,B,30.9,28.2,-8.7,23.0,1077.0,5,BAL|FRZ|KVI|LUM,56,50,47,1,0
PDV-00438,Sudeste,RJ,Petrópolis,gastrobar,B,32.7,28.9,-11.6,25.3,1503.0,4,CHP|FRZ|KVI|MES,52,39,47,1,0
PDV-00592,Sudeste,RJ,Petrópolis,rooftop,A,78.4,76.7,-2.2,27.9,1971.0,6,BAL|FRZ|KVI,55,31,38,0,1
PDV-00022,Sudeste,MG,Juiz de Fora,bar premium,B,58.6,55.3,-5.6,5.7,1223.0,4,BAL|FRZ,71,65,47,0,0
PDV-00035,Sudeste,SP,São José dos Campos,gastrobar,A,133.5,66.7,-50.0,33.5,2010.0,5,CHP|KVI|MES,88,79,47,3,0
PDV-00133,Sudeste,SP,Santos,restaurante,C,10.4,6.6,-36.5,22.2,739.0,4,KVI,74,44,25,3,0
PDV-02973,Centro-Oeste,MS,Campo Grande,gastrobar,A,96.2,87.3,-9.3,23.7,1905.0,7,BAL|CHP|FRZ|KVI,73,58,22,0,0
PDV-00554,Sudeste,SP,Ribeirão Preto,pub,A,111.3,95.9,-13.8,21.8,1817.0,6,FRZ|KVI|LUM,67,54,47,2,1
PDV-02424,Sul,SC,Joinville,bar premium,C,10.3,8.6,-16.5,13.7,704.0,3,LUM,57,51,19,2,0
PDV-02577,Sul,PR,Londrina,bar premium,A,97.6,86.8,-11.1,27.3,2193.0,6,BAL|FRZ|LUM,77,73,47,1,0
PDV-00220,Sudeste,SP,São Paulo,pub,B,38.7,32.5,-16.0,22.3,939.0,4,BAL|LUM,57,60,47,1,1
PDV-00392,Sudeste,SP,São José dos Campos,pub,C,8.3,7.5,-9.6,16.3,778.0,4,CHP,72,55,28,1,0
PDV-02569,Sul,SC,Balneário Camboriú,restaurante,B,16.0,14.1,-11.9,21.3,1421.0,4,FRZ|MES,87,86,33,2,0
PDV-02631,Sul,SC,Florianópolis,pub,A,37.0,20.0,-45.9,33.7,2695.0,5,FRZ|KVI|MES,38,26,47,4,0
PDV-01082,Sudeste,SP,São José dos Campos,bar premium,C,20.0,20.0,0.0,18.1,782.0,4,LUM,54,39,47,0,0
PDV-03331,Centro-Oeste,MT,Cuiabá,gastrobar,C,14.1,9.3,-34.0,7.9,668.0,5,MES,54,41,47,3,1
PDV-00448,Sudeste,SP,Ribeirão Preto,bar premium,C,14.6,12.6,-13.7,12.9,622.0,2,BAL|FRZ,86,69,28,1,0
PDV-02487,Sul,RS,Pelotas,choperia,B,39.4,35.8,-9.1,17.1,1285.0,5,FRZ|LUM,63,65,47,0,0
PDV-02338,Sul,RS,Caxias do Sul,choperia,C,21.3,12.5,-41.3,24.9,760.0,4,BAL|KVI|LUM,48,38,47,5,0
PDV-01797,Sudeste,MG,Belo Horizonte,pub,C,12.9,13.4,3.9,17.2,802.0,4,BAL|KVI,61,55,47,0,0
PDV-03178,Centro-Oeste,MS,Campo Grande,restaurante,A,169.6,169.9,0.2,28.2,2651.0,6,KVI|LUM|MES,50,41,47,1,1
PDV-00478,Sudeste,RJ,Niterói,gastrobar,C,24.9,22.9,-8.0,5.4,658.0,3,CHP|KVI|LUM,27,29,47,2,1
PDV-03798,Nordeste,RN,Natal,bar premium,C,10.1,12.1,19.8,9.9,717.0,1,LUM,34,33,47,0,0
PDV-03356,Centro-Oeste,DF,Brasília,rooftop,C,12.8,7.3,-43.0,26.2,690.0,4,FRZ|MES,58,48,47,4,0
PDV-00696,Sudeste,SP,São Paulo,bar premium,B,18.7,18.8,0.5,31.1,1213.0,5,CHP|FRZ|LUM|MES,62,55,47,0,0
PDV-03554,Nordeste,CE,Fortaleza,bar premium,C,12.4,13.5,8.9,15.5,804.0,1,FRZ|KVI|MES,62,59,9,0,0
PDV-01371,Sudeste,RJ,Niterói,pub,B,31.1,23.8,-23.5,24.2,1063.0,4,BAL|CHP|KVI,70,60,47,2,0
PDV-03406,Nordeste,BA,Salvador,choperia,B,27.5,28.9,5.1,24.0,1601.0,4,CHP|KVI|LUM|MES,69,61,47,0,0
PDV-03579,Nordeste,CE,Juazeiro do Norte,rooftop,A,110.0,122.5,11.4,25.9,2681.0,7,KVI|LUM|MES,69,58,14,0,0
PDV-01272,Sudeste,RJ,Niterói,rooftop,B,42.1,40.1,-4.8,17.2,1248.0,4,BAL|FRZ|MES,51,39,47,0,0
PDV-02895,Centro-Oeste,MS,Campo Grande,bar premium,A,59.6,30.5,-48.8,37.4,2010.0,6,BAL|CHP|FRZ,51,38,47,3,0
PDV-00473,Sudeste,SP,Ribeirão Preto,bar premium,B,47.2,43.4,-8.1,15.3,876.0,5,CHP|FRZ|KVI,55,47,47,0,1
PDV-01302,Sudeste,SP,Ribeirão Preto,bar premium,A,92.1,59.7,-35.2,33.2,2236.0,6,BAL|FRZ|LUM,58,45,47,4,1
PDV-03343,Centro-Oeste,MS,Campo Grande,gastrobar,B,46.2,43.7,-5.4,11.6,1332.0,3,BAL|KVI,91,84,47,1,0
PDV-01430,Sudeste,SP,Santos,rooftop,A,122.8,69.8,-43.2,26.8,2445.0,5,BAL|CHP|FRZ,57,37,47,4,0
PDV-02251,Sul,RS,Porto Alegre,choperia,B,18.5,9.0,-51.4,16.5,952.0,2,BAL|MES,52,36,47,4,0
PDV-00828,Sudeste,RJ,Rio de Janeiro,bar premium,C,20.7,14.7,-29.0,21.2,676.0,4,BAL|MES,54,42,39,3,1
PDV-01632,Sudeste,SP,Ribeirão Preto,bar premium,A,160.8,105.7,-34.3,39.7,2334.0,5,BAL|CHP|FRZ|KVI|MES,51,23,47,3,1
PDV-01184,Sudeste,SP,Santos,pub,B,35.1,33.4,-4.8,14.5,1081.0,5,FRZ|KVI|LUM|MES,57,38,47,0,0
PDV-00390,Sudeste,SP,São Paulo,restaurante,A,161.7,136.3,-15.7,33.4,2365.0,7,BAL|FRZ|KVI|LUM|MES,57,52,47,3,1
PDV-00055,Sudeste,MG,Juiz de Fora,gastrobar,B,28.5,24.1,-15.4,19.4,1501.0,4,BAL|KVI,63,51,47,1,0
PDV-03204,Centro-Oeste,DF,Brasília,choperia,A,165.4,151.0,-8.7,26.9,1613.0,6,BAL|CHP|FRZ|MES,84,70,47,2,0
PDV-01528,Sudeste,RJ,Rio de Janeiro,pub,B,42.3,20.7,-51.1,22.9,1350.0,4,KVI|LUM,50,41,47,5,0
PDV-01456,Sudeste,RJ,Niterói,restaurante,A,110.3,103.0,-6.6,31.4,2429.0,4,BAL|FRZ|KVI|LUM|MES,68,47,47,0,1
PDV-03206,Centro-Oeste,GO,Anápolis,bar premium,C,6.4,6.0,-6.2,12.9,712.0,2,FRZ|MES,44,51,47,1,0
PDV-01750,Sudeste,RJ,Petrópolis,rooftop,B,40.9,27.5,-32.8,23.2,1171.0,3,BAL|KVI|MES,51,41,47,3,1
PDV-01953,Sudeste,RJ,Petrópolis,bar premium,B,38.7,29.1,-24.8,12.1,1341.0,4,CHP|KVI|LUM|MES,57,49,47,2,0
PDV-03821,Nordeste,PE,Recife,restaurante,C,5.8,3.2,-44.8,18.9,574.0,3,LUM|MES,72,58,47,4,0
PDV-01723,Sudeste,RJ,Petrópolis,gastrobar,A,48.3,41.2,-14.7,32.2,2389.0,6,CHP|FRZ|KVI|LUM,62,49,47,2,0
PDV-02884,Centro-Oeste,GO,Goiânia,rooftop,C,7.1,7.0,-1.4,16.7,764.0,3,BAL|LUM,60,48,34,2,0
PDV-02763,Sul,RS,Pelotas,gastrobar,B,29.7,30.0,1.0,31.0,1102.0,4,BAL|CHP|FRZ,64,51,47,1,0
PDV-00787,Sudeste,SP,Santos,bar premium,B,28.4,28.7,1.1,20.5,1246.0,5,FRZ|KVI|LUM|MES,80,68,47,0,0
PDV-02343,Sul,RS,Pelotas,restaurante,B,36.9,39.5,7.0,31.5,1178.0,5,CHP|KVI,59,44,47,1,0
PDV-01175,Sudeste,SP,São José dos Campos,choperia,B,20.8,18.1,-13.0,22.2,1372.0,3,FRZ|MES,59,43,47,1,0
PDV-03494,Nordeste,PE,Olinda,rooftop,C,6.2,6.9,11.3,14.2,860.0,3,CHP,61,55,47,0,1
PDV-03805,Nordeste,CE,Fortaleza,bar premium,C,6.9,4.1,-40.6,12.1,670.0,5,CHP|KVI|LUM,68,63,47,5,0
PDV-02313,Sul,RS,Porto Alegre,bar premium,B,36.4,36.9,1.4,25.9,1394.0,3,BAL|CHP|FRZ|KVI,54,45,37,0,1
PDV-02876,Centro-Oeste,DF,Brasília,restaurante,C,11.6,7.0,-39.7,13.3,486.0,4,KVI|LUM,75,61,47,3,1
PDV-02478,Sul,PR,Maringá,restaurante,B,20.8,20.4,-1.9,21.5,1170.0,4,BAL|KVI|MES,52,39,47,1,0
PDV-01865,Sudeste,SP,Ribeirão Preto,bar premium,C,13.9,8.7,-37.4,17.9,652.0,3,CHP|FRZ,47,28,47,3,1
PDV-01851,Sudeste,SP,Campinas,choperia,C,17.0,16.2,-4.7,9.5,577.0,3,BAL,49,50,14,0,0
PDV-03631,Nordeste,PE,Recife,pub,A,72.4,85.4,18.0,21.6,2537.0,7,BAL|CHP|FRZ|KVI|LUM|MES,59,48,47,1,1
PDV-02265,Sul,PR,Maringá,restaurante,B,31.1,28.4,-8.7,15.4,882.0,4,BAL|FRZ|KVI|MES,56,59,47,1,0
PDV-03320,Centro-Oeste,DF,Brasília,restaurante,B,44.3,46.0,3.8,25.5,1092.0,5,BAL|MES,49,35,47,0,1
PDV-02220,Sul,PR,Maringá,bar premium,A,84.2,49.7,-41.0,21.8,2391.0,5,BAL|KVI|LUM|MES,63,51,47,5,1
PDV-02124,Sul,PR,Londrina,gastrobar,B,42.5,40.3,-5.2,20.7,1049.0,4,BAL|CHP|FRZ|MES,65,59,42,2,0
PDV-02793,Sul,RS,Caxias do Sul,bar premium,A,52.8,52.6,-0.4,29.8,2418.0,7,BAL|CHP|MES,82,74,47,1,1
PDV-01943,Sudeste,RJ,Rio de Janeiro,bar premium,C,33.6,18.8,-44.0,19.0,581.0,3,BAL|LUM|MES,57,44,47,5,0
PDV-03087,Centro-Oeste,DF,Brasília,pub,C,10.3,7.0,-32.0,12.8,804.0,6,KVI,50,39,8,3,1
PDV-03666,Nordeste,BA,Feira de Santana,bar premium,B,24.1,27.3,13.3,25.1,1194.0,5,CHP|FRZ|KVI|LUM,59,45,35,0,0
PDV-00987,Sudeste,SP,São José dos Campos,bar premium,C,5.9,5.0,-15.3,14.8,758.0,3,MES,79,77,47,1,0
PDV-03367,Centro-Oeste,MT,Cuiabá,pub,B,75.1,68.8,-8.4,31.5,1153.0,5,BAL|KVI,60,52,33,2,0
PDV-02456,Sul,SC,Florianópolis,bar premium,B,44.7,43.5,-2.7,28.0,1194.0,5,BAL|CHP|FRZ|LUM,61,60,28,0,1
PDV-03056,Centro-Oeste,DF,Brasília,pub,B,25.0,24.6,-1.6,16.2,1240.0,4,BAL|FRZ,43,43,11,0,0
PDV-01834,Sudeste,MG,Uberlândia,gastrobar,B,35.4,19.0,-46.3,21.7,1222.0,5,BAL|CHP|KVI|MES,59,48,47,4,1
PDV-02970,Centro-Oeste,DF,Brasília,gastrobar,A,73.2,61.4,-16.1,32.3,2566.0,7,BAL|CHP|FRZ|KVI|LUM|MES,51,54,38,1,1
PDV-01661,Sudeste,MG,Uberlândia,bar premium,C,6.6,5.7,-13.6,8.8,563.0,2,BAL|FRZ,45,44,36,1,1
PDV-00960,Sudeste,SP,Campinas,restaurante,A,99.7,50.4,-49.4,33.2,1929.0,5,BAL|CHP|FRZ|KVI|MES,38,12,45,5,0
PDV-01731,Sudeste,ES,Vila Velha,bar premium,B,35.2,31.5,-10.5,20.1,1054.0,6,KVI|LUM,85,78,47,1,0
PDV-01087,Sudeste,SP,São Paulo,bar premium,B,49.3,42.6,-13.6,27.2,1135.0,2,CHP|KVI|MES,65,60,47,0,1
PDV-00181,Sudeste,MG,Uberlândia,gastrobar,B,22.0,12.2,-44.5,27.5,1078.0,5,BAL|CHP|KVI,65,51,47,5,1
PDV-02325,Sul,PR,Londrina,bar premium,C,13.1,12.1,-7.6,5.5,757.0,2,CHP|KVI|LUM,67,69,47,1,0
PDV-03332,Centro-Oeste,MS,Campo Grande,gastrobar,C,13.4,12.7,-5.2,12.3,635.0,4,FRZ,53,39,43,2,1
PDV-00023,Sudeste,SP,São José dos Campos,pub,C,13.4,7.1,-47.0,20.4,581.0,4,BAL,56,43,47,5,1
PDV-00538,Sudeste,SP,São Paulo,gastrobar,A,150.5,134.3,-10.8,21.6,2789.0,5,BAL|FRZ|KVI|LUM,90,72,47,2,0
PDV-02236,Sul,RS,Caxias do Sul,bar premium,C,21.4,14.1,-34.1,25.8,656.0,4,FRZ|MES,58,59,47,4,1
PDV-01091,Sudeste,SP,Santos,restaurante,B,36.0,31.0,-13.9,18.1,1393.0,5,BAL|CHP,63,52,20,2,0
PDV-01884,Sudeste,SP,Ribeirão Preto,restaurante,A,187.2,163.5,-12.7,26.5,1940.0,6,BAL|CHP|FRZ|KVI|LUM|MES,79,72,41,2,1
PDV-02950,Centro-Oeste,GO,Anápolis,bar premium,A,78.6,45.1,-42.6,31.1,2921.0,5,BAL|CHP|FRZ|KVI|LUM|MES,50,32,47,3,0
PDV-00292,Sudeste,RJ,Niterói,restaurante,C,23.0,19.6,-14.8,12.5,721.0,3,LUM,58,30,21,0,0
PDV-01546,Sudeste,SP,Ribeirão Preto,pub,C,16.6,14.6,-12.0,13.4,857.0,3,FRZ,82,74,47,1,0
PDV-01815,Sudeste,SP,São José dos Campos,bar premium,C,15.5,9.2,-40.6,10.5,691.0,5,FRZ,67,48,47,3,0
PDV-03829,Nordeste,RN,Natal,gastrobar,C,5.4,6.5,20.4,15.9,610.0,1,BAL|LUM,75,66,47,0,1
PDV-03621,Nordeste,PE,Caruaru,gastrobar,C,9.5,10.6,11.6,19.3,674.0,1,CHP,45,53,47,0,0
PDV-02271,Sul,PR,Londrina,gastrobar,A,40.9,40.2,-1.7,36.0,2330.0,5,BAL|KVI|LUM,59,51,43,1,1
PDV-03000,Centro-Oeste,GO,Goiânia,bar premium,A,84.1,83.9,-0.2,23.3,2427.0,6,BAL|CHP|FRZ|KVI|LUM|MES,75,69,47,0,1
PDV-01503,Sudeste,RJ,Rio de Janeiro,pub,B,33.5,30.8,-8.1,21.0,1168.0,3,BAL|KVI|MES,57,69,16,1,0
PDV-02389,Sul,RS,Caxias do Sul,pub,C,16.3,16.6,1.8,15.4,791.0,4,CHP|LUM|MES,65,57,23,1,0
PDV-02796,Sul,SC,Balneário Camboriú,choperia,A,50.1,36.4,-27.3,30.1,2755.0,6,FRZ|LUM|MES,72,56,47,5,1
PDV-00015,Sudeste,MG,Juiz de Fora,pub,A,50.7,47.0,-7.3,25.6,2651.0,6,BAL|CHP|FRZ|LUM|MES,69,55,47,1,0
PDV-01378,Sudeste,SP,Santos,bar premium,B,55.7,48.6,-12.7,26.0,1252.0,5,BAL|KVI|MES,63,42,40,1,0
PDV-02553,Sul,SC,Balneário Camboriú,choperia,C,4.5,2.7,-40.0,4.1,692.0,4,FRZ,74,51,47,3,0
PDV-03061,Centro-Oeste,DF,Brasília,pub,A,39.9,32.6,-18.3,42.8,2321.0,5,BAL|CHP|KVI|LUM,65,70,38,1,1
PDV-02287,Sul,RS,Pelotas,pub,B,64.1,67.5,5.3,23.7,915.0,4,CHP|KVI|MES,84,71,47,2,0
PDV-01983,Sudeste,SP,São Paulo,gastrobar,B,19.1,9.7,-49.2,29.5,1401.0,3,BAL|CHP,62,52,47,4,0
PDV-02818,Sul,PR,Londrina,restaurante,B,23.6,22.7,-3.8,9.8,1034.0,3,FRZ|KVI,59,42,43,1,1
PDV-01202,Sudeste,SP,São Paulo,bar premium,B,35.0,33.1,-5.4,22.8,1016.0,5,KVI|MES,55,51,47,1,1
PDV-00424,Sudeste,RJ,Rio de Janeiro,bar premium,A,136.4,135.5,-0.7,40.4,2394.0,7,CHP|FRZ|LUM|MES,48,33,47,0,0
PDV-01171,Sudeste,MG,Uberlândia,bar premium,B,39.4,33.0,-16.2,29.3,1241.0,4,BAL|MES,63,62,47,1,0
PDV-00784,Sudeste,SP,Campinas,restaurante,C,10.8,5.4,-50.0,4.5,565.0,6,BAL,81,72,47,5,0
PDV-01757,Sudeste,SP,Ribeirão Preto,choperia,C,14.4,11.6,-19.4,7.9,630.0,3,MES,60,59,47,2,0
PDV-02240,Sul,SC,Balneário Camboriú,choperia,A,72.0,50.9,-29.3,35.5,2509.0,6,BAL|CHP|FRZ|KVI|LUM|MES,51,45,47,4,1
PDV-03059,Centro-Oeste,MS,Campo Grande,bar premium,A,152.3,135.9,-10.8,41.7,2086.0,6,BAL|KVI|LUM|MES,53,45,47,1,0
PDV-03225,Centro-Oeste,DF,Brasília,gastrobar,C,7.4,7.6,2.7,18.6,759.0,3,LUM,63,67,13,0,0
PDV-02522,Sul,SC,Balneário Camboriú,bar premium,C,13.3,15.4,15.8,15.8,623.0,3,CHP|LUM|MES,73,72,47,1,1
PDV-00643,Sudeste,RJ,Niterói,restaurante,B,31.8,28.3,-11.0,31.0,1218.0,6,FRZ|LUM|MES,83,87,47,0,1
PDV-03801,Nordeste,PE,Caruaru,bar premium,C,10.0,6.4,-36.0,23.0,729.0,6,KVI,71,65,47,4,0
PDV-01210,Sudeste,MG,Belo Horizonte,restaurante,C,14.3,10.7,-25.2,15.9,654.0,3,CHP|KVI,80,58,47,2,0
PDV-00109,Sudeste,SP,Campinas,gastrobar,C,20.3,19.4,-4.4,10.8,784.0,3,KVI|LUM,98,97,47,0,0
PDV-01820,Sudeste,SP,Ribeirão Preto,restaurante,C,32.7,23.3,-28.7,12.5,680.0,5,MES,63,55,10,2,0
PDV-02799,Sul,RS,Pelotas,bar premium,B,40.8,26.0,-36.3,16.1,1121.0,5,CHP|KVI,74,67,47,3,1
PDV-00202,Sudeste,SP,São Paulo,choperia,B,43.2,33.5,-22.5,24.9,1256.0,3,BAL|CHP|LUM|MES,48,22,26,3,0
PDV-02698,Sul,PR,Londrina,bar premium,C,6.7,7.6,13.4,17.6,636.0,2,MES,54,50,44,1,0
PDV-03473,Nordeste,BA,Salvador,gastrobar,B,18.6,22.6,21.5,22.4,1315.0,4,CHP|KVI|MES,65,58,47,0,0
PDV-02266,Sul,PR,Londrina,choperia,C,16.7,18.0,7.8,19.3,572.0,1,BAL|LUM,63,57,47,1,0
PDV-01977,Sudeste,SP,Ribeirão Preto,pub,B,28.6,17.0,-40.6,17.9,1355.0,3,BAL|FRZ|MES,50,32,13,5,0
PDV-00400,Sudeste,RJ,Petrópolis,pub,C,21.7,20.8,-4.1,8.9,698.0,2,BAL|FRZ|LUM,64,45,28,1,1
PDV-01754,Sudeste,SP,São Paulo,restaurante,C,18.5,15.1,-18.4,9.8,700.0,3,CHP|FRZ|LUM,59,50,29,1,1
PDV-03287,Centro-Oeste,MT,Cuiabá,bar premium,B,14.5,13.3,-8.3,15.1,1357.0,4,BAL|KVI|LUM|MES,73,65,26,1,0
PDV-03649,Nordeste,BA,Feira de Santana,gastrobar,A,70.5,77.6,10.1,32.4,2898.0,8,BAL|FRZ|LUM|MES,40,40,47,0,1
PDV-03010,Centro-Oeste,DF,Brasília,choperia,B,37.8,22.0,-41.8,16.9,1395.0,3,LUM|MES,57,48,47,3,1
PDV-02133,Sul,PR,Curitiba,bar premium,C,23.9,23.4,-2.1,13.6,644.0,3,KVI,45,34,47,0,0
PDV-00636,Sudeste,ES,Vitória,bar premium,B,40.9,35.2,-13.9,10.7,1083.0,5,CHP|KVI|LUM,59,58,45,1,0
PDV-00913,Sudeste,SP,Campinas,bar premium,C,12.9,8.3,-35.7,3.8,663.0,4,CHP|FRZ|MES,58,34,47,3,1
PDV-00694,Sudeste,RJ,Niterói,bar premium,B,16.1,13.4,-16.8,30.1,1206.0,3,CHP|FRZ|MES,82,64,47,1,0
PDV-00110,Sudeste,RJ,Rio de Janeiro,bar premium,A,134.5,100.3,-25.4,38.8,2525.0,8,KVI|LUM|MES,60,46,47,3,0
PDV-02315,Sul,PR,Maringá,choperia,B,25.5,25.2,-1.2,28.0,1287.0,2,BAL|CHP|LUM|MES,64,61,47,1,0
PDV-03557,Nordeste,CE,Juazeiro do Norte,bar premium,C,19.5,11.4,-41.5,22.3,715.0,3,BAL|CHP|MES,36,14,47,3,0
PDV-01673,Sudeste,SP,Santos,choperia,C,10.2,10.3,1.0,18.7,637.0,3,BAL|KVI|LUM,47,39,47,0,0
PDV-00273,Sudeste,MG,Uberlândia,gastrobar,C,15.7,14.3,-8.9,12.5,764.0,3,BAL|MES,55,52,47,1,0
PDV-00454,Sudeste,RJ,Niterói,choperia,A,76.5,71.9,-6.0,30.0,2565.0,6,BAL|CHP|KVI|LUM,55,56,47,2,0
PDV-03812,Nordeste,BA,Feira de Santana,gastrobar,B,33.0,33.9,2.7,15.7,1063.0,6,BAL|FRZ|KVI|LUM,62,63,8,1,1
PDV-02645,Sul,RS,Porto Alegre,bar premium,C,17.2,10.3,-40.1,15.5,675.0,4,CHP,75,64,33,3,1
PDV-02593,Sul,PR,Londrina,rooftop,A,122.2,84.6,-30.8,37.6,2137.0,5,CHP|FRZ|KVI|LUM|MES,55,39,17,3,1
PDV-03006,Centro-Oeste,MT,Cuiabá,choperia,B,48.7,26.9,-44.8,17.4,1153.0,3,BAL|CHP|KVI|MES,52,31,47,3,0
PDV-02375,Sul,RS,Caxias do Sul,gastrobar,A,41.6,19.4,-53.4,26.8,2352.0,6,BAL|CHP|FRZ|KVI|LUM|MES,62,44,47,5,0
PDV-01994,Sudeste,RJ,Rio de Janeiro,pub,C,10.9,6.4,-41.3,15.8,650.0,6,KVI|LUM|MES,55,24,47,3,0
PDV-02144,Sul,PR,Londrina,bar premium,B,92.6,72.3,-21.9,23.3,1281.0,4,FRZ|KVI|LUM|MES,50,40,47,4,1
PDV-03485,Nordeste,BA,Salvador,bar premium,C,11.7,12.1,3.4,23.2,735.0,2,CHP|FRZ,64,59,31,1,1
PDV-03719,Nordeste,RN,Natal,bar premium,C,12.0,13.0,8.3,20.8,750.0,2,CHP|KVI|LUM,74,66,47,0,0
PDV-00269,Sudeste,SP,São Paulo,restaurante,A,204.1,166.6,-18.4,19.7,2726.0,8,BAL|FRZ|KVI|MES,74,70,47,2,1
PDV-02982,Centro-Oeste,GO,Anápolis,bar premium,A,145.8,147.0,0.8,24.3,2579.0,7,CHP|LUM|MES,55,50,47,1,1
PDV-00215,Sudeste,SP,São José dos Campos,gastrobar,B,37.9,24.9,-34.3,40.7,1278.0,5,CHP|FRZ|KVI|MES,75,69,47,2,0
PDV-00383,Sudeste,MG,Belo Horizonte,gastrobar,C,12.7,10.5,-17.3,7.7,629.0,3,BAL|FRZ|MES,52,43,47,2,0
PDV-03111,Centro-Oeste,DF,Brasília,bar premium,A,101.6,79.9,-21.4,34.0,2331.0,7,BAL|CHP|FRZ|KVI|LUM|MES,52,33,42,2,0
PDV-01671,Sudeste,ES,Vila Velha,rooftop,C,8.7,4.6,-47.1,7.6,544.0,5,CHP|LUM|MES,70,65,47,4,0
PDV-01426,Sudeste,SP,São Paulo,pub,C,6.3,5.8,-7.9,16.0,676.0,4,CHP|MES,49,44,47,0,1
PDV-02816,Sul,PR,Londrina,bar premium,B,33.2,35.4,6.6,24.6,1140.0,5,BAL|CHP|FRZ|LUM,85,73,47,1,1
PDV-02991,Centro-Oeste,DF,Brasília,bar premium,B,35.2,23.0,-34.7,15.9,1337.0,4,BAL|CHP|KVI|LUM,53,40,47,3,0
PDV-01130,Sudeste,RJ,Petrópolis,choperia,B,35.7,23.1,-35.3,24.6,1349.0,4,BAL|CHP|FRZ,56,34,47,3,1
PDV-01324,Sudeste,MG,Belo Horizonte,bar premium,A,78.4,72.7,-7.3,20.6,2292.0,6,BAL|CHP|FRZ|KVI|LUM|MES,43,49,47,0,1
PDV-00862,Sudeste,RJ,Rio de Janeiro,bar premium,A,115.4,89.9,-22.1,31.8,2272.0,6,BAL|CHP|FRZ|KVI|LUM|MES,58,44,33,2,0
PDV-02104,Sul,RS,Pelotas,restaurante,C,17.2,15.8,-8.1,8.9,793.0,3,CHP|LUM|MES,80,76,47,2,1
PDV-03295,Centro-Oeste,GO,Anápolis,bar premium,C,15.4,13.0,-15.6,16.2,733.0,3,BAL|MES,54,50,22,2,0
PDV-02848,Sul,RS,Pelotas,gastrobar,B,33.5,20.4,-39.1,14.8,1298.0,4,KVI|LUM|MES,63,44,8,4,0
PDV-03600,Nordeste,PE,Olinda,bar premium,B,47.8,55.5,16.1,18.2,1336.0,5,CHP|FRZ|LUM|MES,59,61,47,0,1
PDV-01290,Sudeste,SP,Santos,restaurante,C,7.6,7.8,2.6,3.0,625.0,2,BAL|FRZ,66,60,34,0,0
PDV-03296,Centro-Oeste,MT,Cuiabá,bar premium,B,37.9,34.2,-9.8,16.2,1432.0,3,BAL|KVI|LUM,62,49,42,0,0
PDV-00559,Sudeste,SP,Campinas,pub,C,17.0,10.5,-38.2,22.3,691.0,4,BAL|FRZ,80,61,30,5,0
PDV-01225,Sudeste,ES,Vitória,bar premium,B,51.8,47.1,-9.1,25.7,1193.0,2,FRZ|KVI|LUM|MES,28,21,47,1,1
PDV-00843,Sudeste,MG,Belo Horizonte,bar premium,B,61.2,42.3,-30.9,20.3,1322.0,3,CHP|LUM,61,51,47,4,1
PDV-03836,Nordeste,PE,Recife,bar premium,C,9.0,10.0,11.1,10.1,636.0,3,BAL|LUM|MES,49,41,47,2,0
PDV-02176,Sul,RS,Pelotas,bar premium,C,15.9,12.1,-23.9,8.1,603.0,4,BAL|FRZ|LUM,75,54,47,3,0
PDV-02135,Sul,SC,Joinville,restaurante,C,12.4,13.7,10.5,13.5,745.0,3,BAL,59,41,47,0,0
PDV-03847,Nordeste,CE,Fortaleza,rooftop,B,20.0,24.9,24.5,24.5,1484.0,6,CHP|FRZ|KVI|LUM,57,45,31,0,1
PDV-00690,Sudeste,MG,Uberlândia,bar premium,B,41.6,22.8,-45.2,24.2,1238.0,4,BAL|KVI|MES,76,70,47,5,0
PDV-01223,Sudeste,SP,São José dos Campos,bar premium,C,15.9,11.8,-25.8,8.0,615.0,2,CHP,73,41,47,2,0
PDV-03395,Nordeste,PE,Recife,gastrobar,A,72.0,87.6,21.7,26.6,2689.0,7,BAL|CHP|FRZ|KVI|LUM|MES,53,48,47,0,0
PDV-01499,Sudeste,SP,Campinas,restaurante,A,119.1,104.1,-12.6,35.9,2490.0,5,BAL|CHP|FRZ|KVI|LUM,66,62,47,1,1
PDV-01076,Sudeste,SP,Santos,bar premium,C,14.4,10.6,-26.4,10.6,453.0,4,CHP|LUM|MES,68,43,47,3,1
PDV-00638,Sudeste,SP,São Paulo,restaurante,C,14.9,14.0,-6.0,12.8,671.0,3,BAL|FRZ|LUM,54,46,47,1,0
PDV-00811,Sudeste,ES,Vitória,gastrobar,C,7.9,6.8,-13.9,16.2,709.0,2,BAL|CHP,68,61,47,1,0
PDV-01975,Sudeste,SP,São Paulo,gastrobar,C,16.4,8.4,-48.8,21.5,707.0,6,BAL,74,67,47,5,0
PDV-03399,Nordeste,RN,Natal,choperia,A,39.9,42.5,6.5,20.6,2641.0,8,CHP|FRZ|KVI|LUM,68,63,47,0,0
PDV-00075,Sudeste,SP,São José dos Campos,gastrobar,C,7.7,5.7,-26.0,10.8,659.0,3,FRZ|KVI|LUM,41,21,47,3,1
PDV-01516,Sudeste,SP,Ribeirão Preto,bar premium,B,39.4,22.1,-43.9,23.9,1103.0,3,CHP|FRZ,69,75,31,5,0
PDV-00029,Sudeste,RJ,Rio de Janeiro,restaurante,C,13.2,10.6,-19.7,15.4,653.0,5,LUM,65,44,47,2,0
PDV-02392,Sul,SC,Balneário Camboriú,bar premium,B,20.6,14.7,-28.6,11.2,1392.0,3,FRZ|LUM|MES,59,46,47,3,1
PDV-03535,Nordeste,PE,Olinda,gastrobar,A,40.8,43.6,6.9,29.5,1965.0,8,BAL|FRZ|LUM,73,74,47,1,1
PDV-03152,Centro-Oeste,GO,Anápolis,pub,C,7.0,6.8,-2.9,16.3,776.0,4,FRZ,53,41,47,1,1
PDV-03690,Nordeste,CE,Fortaleza,pub,B,66.5,81.7,22.9,20.6,1234.0,4,BAL|KVI,52,47,24,0,1
PDV-00172,Sudeste,RJ,Niterói,bar premium,C,8.4,6.6,-21.4,23.8,701.0,2,BAL,66,70,47,2,0
PDV-02654,Sul,PR,Maringá,restaurante,C,4.5,4.3,-4.4,10.8,732.0,3,CHP|FRZ|MES,59,56,12,1,0
PDV-03844,Nordeste,RN,Natal,bar premium,B,28.3,28.2,-0.4,22.8,1276.0,5,FRZ|KVI|MES,69,52,47,2,0
PDV-02850,Sul,PR,Maringá,pub,A,110.2,53.9,-51.1,19.0,2712.0,4,BAL|FRZ|KVI|LUM|MES,54,54,47,5,0
PDV-03076,Centro-Oeste,GO,Anápolis,choperia,C,14.5,15.2,4.8,18.0,697.0,2,FRZ,63,50,20,1,1
PDV-02094,Sul,SC,Balneário Camboriú,bar premium,B,27.2,18.4,-32.4,20.5,1285.0,4,LUM|MES,70,54,47,5,1
PDV-03772,Nordeste,BA,Salvador,gastrobar,C,7.8,9.0,15.4,10.4,738.0,3,BAL|FRZ,63,49,47,0,0
PDV-03077,Centro-Oeste,MS,Campo Grande,gastrobar,C,12.0,11.2,-6.7,6.6,605.0,4,CHP,41,26,47,1,0
PDV-01930,Sudeste,MG,Belo Horizonte,bar premium,B,21.8,19.7,-9.6,17.3,1368.0,3,BAL|KVI|LUM,62,65,47,1,0
PDV-00824,Sudeste,SP,Santos,pub,B,29.7,25.1,-15.5,32.1,1144.0,5,BAL|CHP|KVI|LUM,44,31,24,1,0
PDV-01011,Sudeste,SP,Ribeirão Preto,gastrobar,C,20.3,13.3,-34.5,8.9,629.0,4,FRZ|LUM,52,35,47,3,1
PDV-02267,Sul,SC,Balneário Camboriú,gastrobar,B,14.6,10.9,-25.3,22.3,1221.0,3,KVI|MES,48,28,47,3,0
PDV-03480,Nordeste,BA,Salvador,restaurante,B,48.8,49.2,0.8,18.8,1169.0,5,CHP|LUM|MES,54,40,47,2,0
PDV-01359,Sudeste,RJ,Niterói,bar premium,A,55.2,46.2,-16.3,27.4,2719.0,6,BAL|KVI|MES,71,61,37,0,1
PDV-00873,Sudeste,SP,Ribeirão Preto,gastrobar,A,179.0,156.6,-12.5,23.6,2791.0,5,BAL|CHP|KVI|LUM|MES,70,55,47,2,1
PDV-01704,Sudeste,MG,Belo Horizonte,bar premium,C,10.4,10.2,-1.9,17.1,704.0,3,CHP|FRZ|MES,64,45,47,0,1
PDV-01577,Sudeste,RJ,Niterói,restaurante,A,92.2,40.3,-56.3,30.7,2170.0,4,BAL|CHP|KVI|LUM|MES,66,47,47,5,0
PDV-02453,Sul,RS,Caxias do Sul,bar premium,B,29.1,18.0,-38.1,33.3,1179.0,4,BAL|FRZ|LUM|MES,59,40,36,3,0
PDV-02197,Sul,PR,Londrina,rooftop,A,154.1,94.8,-38.5,34.4,2466.0,5,KVI|LUM|MES,70,54,47,4,1
PDV-02228,Sul,PR,Londrina,gastrobar,C,19.7,14.1,-28.4,22.7,701.0,5,FRZ,88,75,7,3,0
PDV-00903,Sudeste,RJ,Petrópolis,restaurante,B,46.3,42.2,-8.9,18.8,1561.0,4,BAL|CHP|LUM,54,46,21,1,1
PDV-01635,Sudeste,SP,São José dos Campos,rooftop,B,93.3,89.5,-4.1,23.1,1276.0,4,BAL|FRZ,74,74,44,1,1
PDV-02936,Centro-Oeste,DF,Brasília,bar premium,B,44.8,38.7,-13.6,25.0,1148.0,4,CHP|LUM,36,19,47,2,1
PDV-00952,Sudeste,SP,São José dos Campos,bar premium,B,58.1,30.9,-46.8,10.7,1407.0,3,BAL|FRZ|KVI|LUM,55,46,47,4,1
PDV-02410,Sul,SC,Joinville,restaurante,C,12.3,13.2,7.3,16.5,660.0,3,FRZ|MES,66,52,8,2,0
PDV-03575,Nordeste,BA,Feira de Santana,rooftop,A,76.7,89.4,16.6,23.4,2344.0,8,BAL|CHP|FRZ|KVI,67,55,36,0,0
PDV-02290,Sul,SC,Florianópolis,bar premium,B,20.8,22.1,6.2,22.9,1111.0,4,BAL|FRZ|KVI,72,57,6,0,0
PDV-01374,Sudeste,MG,Juiz de Fora,pub,B,24.5,22.0,-10.2,22.1,1325.0,3,BAL|KVI,41,19,7,0,0
PDV-01448,Sudeste,ES,Vila Velha,bar premium,B,24.6,21.7,-11.8,23.5,1129.0,6,FRZ|KVI|LUM,81,63,41,2,1
PDV-02289,Sul,SC,Florianópolis,choperia,C,28.9,28.2,-2.4,12.7,835.0,4,KVI|LUM|MES,60,55,47,0,0
PDV-02923,Centro-Oeste,MS,Campo Grande,restaurante,C,19.1,19.4,1.6,17.5,768.0,4,KVI|MES,71,63,47,0,0
PDV-01071,Sudeste,RJ,Rio de Janeiro,bar premium,C,16.2,11.7,-27.8,14.5,590.0,2,KVI,67,57,47,4,0
PDV-02734,Sul,PR,Londrina,gastrobar,C,27.1,18.6,-31.4,12.5,720.0,4,KVI|MES,55,38,8,4,0
PDV-01059,Sudeste,SP,São José dos Campos,bar premium,A,152.8,151.3,-1.0,34.0,2418.0,8,FRZ|KVI|MES,78,71,47,2,1
PDV-02142,Sul,RS,Pelotas,restaurante,A,96.4,94.4,-2.1,28.2,2424.0,7,BAL|CHP|FRZ|KVI|MES,57,54,38,0,0
PDV-02668,Sul,RS,Caxias do Sul,gastrobar,B,14.6,14.7,0.7,10.2,1466.0,4,BAL|KVI|MES,48,50,47,0,0
PDV-01822,Sudeste,SP,São José dos Campos,bar premium,C,22.8,14.1,-38.2,15.5,818.0,5,BAL|CHP,67,51,47,3,0
PDV-01967,Sudeste,SP,Ribeirão Preto,bar premium,A,165.3,95.8,-42.0,38.5,2926.0,5,BAL|CHP|FRZ|KVI|MES,53,46,47,3,0
PDV-00188,Sudeste,SP,São Paulo,pub,C,12.6,11.8,-6.3,28.8,722.0,2,CHP|LUM|MES,78,64,47,1,1
PDV-01055,Sudeste,SP,Ribeirão Preto,rooftop,B,59.3,30.3,-48.9,23.0,1455.0,3,CHP|MES,62,51,47,5,1
PDV-01240,Sudeste,ES,Vitória,bar premium,A,84.4,57.6,-31.8,20.3,2249.0,5,BAL|CHP|FRZ|KVI|LUM|MES,56,39,47,4,0
PDV-00801,Sudeste,SP,Campinas,choperia,B,29.4,14.5,-50.7,32.9,1194.0,4,BAL|CHP,51,54,47,3,0
PDV-02295,Sul,PR,Londrina,pub,C,8.8,6.3,-28.4,26.1,734.0,3,BAL|FRZ|MES,48,35,47,3,0
PDV-02760,Sul,SC,Balneário Camboriú,gastrobar,A,208.9,205.5,-1.6,25.4,1935.0,8,BAL|CHP|FRZ|KVI|LUM|MES,43,27,47,1,1
PDV-03835,Nordeste,BA,Feira de Santana,rooftop,B,27.8,31.8,14.4,23.5,1303.0,4,BAL|CHP|FRZ,49,24,36,0,1
PDV-02527,Sul,PR,Londrina,gastrobar,A,56.1,47.3,-15.7,32.3,2490.0,6,BAL|CHP|FRZ|KVI,48,42,47,2,0
PDV-03205,Centro-Oeste,MT,Cuiabá,bar premium,C,8.8,7.5,-14.8,25.6,834.0,4,CHP|LUM|MES,63,55,47,1,0
PDV-00724,Sudeste,SP,São José dos Campos,gastrobar,A,132.9,62.7,-52.8,21.9,2137.0,5,BAL|CHP|FRZ|KVI|LUM|MES,37,8,47,5,0
PDV-03456,Nordeste,PE,Caruaru,bar premium,B,16.4,16.9,3.0,13.3,1095.0,3,BAL|CHP|LUM,64,56,47,0,0
PDV-02594,Sul,SC,Florianópolis,rooftop,C,13.4,12.9,-3.7,23.0,762.0,2,KVI,70,55,45,1,0
PDV-00835,Sudeste,RJ,Rio de Janeiro,bar premium,A,135.5,84.6,-37.6,29.0,2521.0,5,BAL|CHP|FRZ|KVI|LUM|MES,68,60,47,3,0
PDV-00089,Sudeste,SP,Ribeirão Preto,restaurante,C,33.8,30.3,-10.4,21.6,665.0,4,CHP|KVI,60,69,47,0,0
PDV-03127,Centro-Oeste,MT,Cuiabá,bar premium,B,41.4,44.7,8.0,19.6,1320.0,5,CHP|FRZ,85,61,47,0,0
PDV-01017,Sudeste,SP,Ribeirão Preto,choperia,A,108.9,90.7,-16.7,33.0,2263.0,5,BAL|CHP|FRZ|KVI|MES,48,37,47,1,0
PDV-01013,Sudeste,SP,Ribeirão Preto,bar premium,C,24.3,20.1,-17.3,21.9,658.0,3,FRZ|LUM,88,86,32,1,0
PDV-02585,Sul,RS,Porto Alegre,rooftop,B,42.1,28.0,-33.5,27.7,1086.0,3,BAL|MES,67,58,47,4,0
PDV-00040,Sudeste,RJ,Petrópolis,bar premium,C,11.4,11.0,-3.5,4.4,649.0,3,CHP|FRZ|MES,69,58,47,0,0
PDV-03195,Centro-Oeste,MT,Cuiabá,bar premium,A,74.4,45.0,-39.5,28.1,2753.0,5,CHP|FRZ|KVI|LUM|MES,40,32,29,4,0
PDV-03555,Nordeste,CE,Fortaleza,choperia,B,26.2,33.8,29.0,16.6,1053.0,6,BAL|CHP|KVI|LUM,69,63,30,0,1
PDV-02769,Sul,RS,Porto Alegre,gastrobar,C,8.8,8.9,1.1,14.8,623.0,2,MES,49,44,9,0,0
PDV-01428,Sudeste,SP,Campinas,gastrobar,B,33.1,31.8,-3.9,20.4,1125.0,4,BAL|MES,57,46,47,1,0
PDV-02040,Sul,PR,Maringá,gastrobar,B,73.1,57.2,-21.8,23.5,1151.0,5,KVI|LUM,49,20,47,3,0
PDV-02615,Sul,PR,Londrina,restaurante,B,19.0,11.7,-38.4,25.7,1133.0,5,KVI|MES,71,53,47,4,0
PDV-03531,Nordeste,BA,Salvador,pub,C,10.1,13.1,29.7,17.3,801.0,1,BAL|FRZ|KVI,52,43,47,0,1
PDV-02721,Sul,SC,Joinville,choperia,C,20.4,19.8,-2.9,3.1,774.0,2,BAL|MES,52,35,47,1,1
PDV-01031,Sudeste,RJ,Rio de Janeiro,choperia,C,7.1,5.1,-28.2,14.8,766.0,4,MES,87,70,20,3,1
PDV-01054,Sudeste,SP,São José dos Campos,pub,A,75.0,62.9,-16.1,24.6,2600.0,6,FRZ|KVI|LUM,58,35,47,2,1
PDV-02683,Sul,PR,Londrina,restaurante,A,98.8,62.9,-36.3,19.3,2508.0,6,BAL|CHP|KVI|LUM|MES,62,60,47,5,1
PDV-00466,Sudeste,RJ,Petrópolis,bar premium,B,41.0,36.3,-11.5,20.1,1150.0,5,BAL|CHP,68,49,47,1,0
PDV-01177,Sudeste,RJ,Petrópolis,bar premium,C,33.5,14.8,-55.8,17.8,708.0,5,KVI,41,27,47,5,1
PDV-00869,Sudeste,MG,Belo Horizonte,pub,B,44.6,30.5,-31.6,18.1,1107.0,3,CHP|FRZ|LUM|MES,65,42,47,5,1
PDV-02998,Centro-Oeste,GO,Goiânia,choperia,C,22.5,21.5,-4.4,14.2,716.0,4,CHP|KVI|LUM,64,65,47,0,0
PDV-03441,Nordeste,CE,Fortaleza,bar premium,B,54.8,63.2,15.3,27.7,1145.0,3,CHP|FRZ|KVI|MES,64,54,47,0,0
PDV-03203,Centro-Oeste,DF,Brasília,gastrobar,A,80.7,73.8,-8.6,34.1,2382.0,6,BAL|CHP|KVI|LUM|MES,49,41,47,0,1
PDV-01683,Sudeste,SP,Ribeirão Preto,rooftop,B,20.6,19.6,-4.9,24.5,1224.0,4,CHP|KVI|LUM,50,44,12,1,1
PDV-02498,Sul,PR,Londrina,restaurante,C,5.8,5.7,-1.7,16.5,543.0,3,BAL|FRZ,51,46,47,0,0
PDV-01166,Sudeste,RJ,Niterói,restaurante,B,35.3,30.1,-14.7,17.9,1352.0,3,BAL|CHP|KVI|MES,58,36,41,0,0
PDV-00825,Sudeste,MG,Juiz de Fora,choperia,A,135.6,124.1,-8.5,24.4,2110.0,7,CHP|FRZ|KVI|MES,66,52,47,0,1
PDV-00155,Sudeste,RJ,Rio de Janeiro,restaurante,B,60.2,52.1,-13.5,26.9,940.0,4,BAL|KVI|MES,59,44,47,1,1
PDV-03717,Nordeste,CE,Juazeiro do Norte,choperia,C,15.6,18.9,21.2,7.6,669.0,2,BAL|KVI|LUM,70,64,47,1,0
PDV-00361,Sudeste,SP,São José dos Campos,restaurante,A,101.4,82.7,-18.4,30.5,2889.0,5,BAL|CHP|FRZ|KVI|LUM|MES,61,54,47,2,1
PDV-00314,Sudeste,RJ,Rio de Janeiro,gastrobar,B,26.4,20.6,-22.0,26.1,1069.0,5,FRZ|KVI,61,42,30,3,1
PDV-02149,Sul,SC,Florianópolis,bar premium,B,46.7,44.0,-5.8,15.0,1223.0,6,FRZ|KVI|LUM,74,68,47,2,0
PDV-02620,Sul,PR,Londrina,restaurante,C,11.4,12.2,7.0,11.6,673.0,3,BAL,54,53,47,0,1
PDV-00506,Sudeste,SP,Ribeirão Preto,gastrobar,C,8.1,8.4,3.7,12.5,838.0,2,LUM|MES,81,77,47,0,0
PDV-02319,Sul,SC,Florianópolis,bar premium,B,25.7,15.9,-38.1,26.2,1227.0,4,CHP|FRZ,48,38,6,3,0
PDV-00355,Sudeste,SP,São Paulo,gastrobar,B,101.9,83.7,-17.9,20.2,1282.0,4,CHP|FRZ|LUM,70,56,47,2,0
PDV-02924,Centro-Oeste,MT,Cuiabá,rooftop,C,10.8,11.2,3.7,20.2,791.0,2,BAL|KVI|LUM,73,56,47,0,1
PDV-00194,Sudeste,SP,Campinas,restaurante,C,10.6,10.2,-3.8,16.9,620.0,2,FRZ,49,50,47,1,0
PDV-00729,Sudeste,SP,São José dos Campos,restaurante,B,15.3,12.6,-17.6,25.2,1416.0,3,BAL|FRZ|KVI,66,45,47,2,0
PDV-01549,Sudeste,MG,Juiz de Fora,gastrobar,A,101.9,89.4,-12.3,38.5,2491.0,7,BAL|CHP|LUM,77,58,35,1,0
PDV-02195,Sul,RS,Porto Alegre,bar premium,C,6.6,7.6,15.2,18.4,600.0,3,FRZ,49,52,47,1,1
PDV-02872,Centro-Oeste,MT,Cuiabá,restaurante,A,38.3,15.5,-59.5,23.1,2853.0,5,CHP|FRZ|LUM|MES,86,63,8,4,0
PDV-01821,Sudeste,SP,São José dos Campos,restaurante,A,229.0,199.2,-13.0,24.6,2818.0,6,BAL|CHP|FRZ|KVI|MES,76,63,47,2,1
PDV-02995,Centro-Oeste,DF,Brasília,gastrobar,C,11.7,9.6,-17.9,9.5,636.0,5,BAL|CHP|MES,48,43,47,3,0
PDV-02661,Sul,SC,Balneário Camboriú,bar premium,A,54.4,53.6,-1.5,29.0,2339.0,7,BAL|CHP|FRZ|KVI|LUM|MES,74,68,47,0,0
PDV-03526,Nordeste,PE,Recife,gastrobar,C,7.2,8.6,19.4,13.0,736.0,2,KVI|LUM|MES,59,52,47,0,1
PDV-02305,Sul,PR,Curitiba,bar premium,B,22.0,22.9,4.1,25.0,1238.0,3,BAL|FRZ|LUM|MES,73,67,47,1,0
PDV-01905,Sudeste,SP,Campinas,bar premium,B,29.1,22.6,-22.3,23.7,1368.0,4,BAL|CHP|MES,66,54,47,3,1
PDV-01978,Sudeste,SP,São José dos Campos,pub,B,36.7,22.1,-39.8,20.7,1114.0,4,FRZ|LUM|MES,63,58,47,4,0
PDV-03223,Centro-Oeste,MT,Cuiabá,gastrobar,B,30.5,28.1,-7.9,16.5,1193.0,4,CHP|KVI|LUM,79,80,47,0,1
PDV-02242,Sul,RS,Pelotas,pub,A,93.6,91.1,-2.7,33.0,2888.0,7,BAL|FRZ|KVI|MES,80,76,42,1,0
PDV-00378,Sudeste,SP,Campinas,gastrobar,A,103.3,87.6,-15.2,30.0,2241.0,6,BAL|KVI|LUM|MES,70,70,47,1,0
PDV-02641,Sul,PR,Londrina,choperia,C,11.4,10.7,-6.1,17.5,721.0,3,FRZ|LUM,98,89,47,0,0
PDV-03290,Centro-Oeste,DF,Brasília,gastrobar,B,30.2,26.2,-13.2,37.8,1224.0,4,BAL|CHP,53,51,8,2,0
PDV-02252,Sul,PR,Londrina,gastrobar,A,123.4,107.5,-12.9,40.7,2676.0,6,BAL|CHP|FRZ|KVI|LUM|MES,57,55,47,1,0
PDV-02637,Sul,RS,Caxias do Sul,bar premium,B,33.9,32.5,-4.1,28.0,1061.0,4,BAL|FRZ|KVI|MES,51,39,19,1,0
PDV-02541,Sul,RS,Porto Alegre,restaurante,B,30.5,31.0,1.6,32.8,1265.0,4,KVI|LUM|MES,80,80,47,0,0
PDV-02106,Sul,RS,Caxias do Sul,gastrobar,B,22.4,23.1,3.1,15.6,1140.0,4,CHP|LUM,40,24,38,0,0
PDV-00464,Sudeste,RJ,Petrópolis,gastrobar,C,8.1,6.9,-14.8,10.3,811.0,4,BAL|LUM,58,53,47,2,0
PDV-00167,Sudeste,ES,Vila Velha,bar premium,C,18.4,11.0,-40.2,6.6,677.0,4,BAL|FRZ|LUM,63,42,47,5,1
PDV-03782,Nordeste,CE,Juazeiro do Norte,bar premium,B,7.9,7.0,-11.4,21.7,1172.0,2,BAL|FRZ|LUM,58,41,47,3,1
PDV-00878,Sudeste,SP,São Paulo,bar premium,C,18.2,17.7,-2.7,9.8,767.0,4,MES,60,69,47,0,0
PDV-03079,Centro-Oeste,GO,Goiânia,gastrobar,C,11.0,10.6,-3.6,7.9,764.0,2,FRZ|KVI|LUM,55,45,6,1,0
PDV-02674,Sul,SC,Florianópolis,restaurante,B,36.6,38.5,5.2,23.6,990.0,6,BAL|LUM|MES,62,52,46,0,1
PDV-01093,Sudeste,SP,São Paulo,restaurante,A,159.5,77.7,-51.3,21.9,2999.0,7,CHP|FRZ|KVI|LUM|MES,52,42,47,4,0
PDV-01023,Sudeste,SP,Campinas,restaurante,A,122.4,105.6,-13.7,29.0,2737.0,5,BAL|CHP|KVI,58,56,47,1,1
PDV-02696,Sul,RS,Caxias do Sul,pub,C,8.7,6.8,-21.8,10.9,688.0,3,CHP|MES,55,36,47,3,1
PDV-03383,Centro-Oeste,GO,Goiânia,bar premium,A,47.9,43.7,-8.8,27.1,2372.0,6,BAL|FRZ|KVI|LUM,65,48,27,2,0
PDV-03550,Nordeste,BA,Salvador,pub,B,36.1,40.9,13.3,20.9,1233.0,4,FRZ|LUM,41,37,47,1,1
PDV-03727,Nordeste,PE,Olinda,pub,B,31.1,25.9,-16.7,23.8,1283.0,3,CHP|KVI,53,32,9,3,1
PDV-01969,Sudeste,RJ,Petrópolis,restaurante,B,105.4,100.9,-4.3,19.9,1394.0,4,BAL|CHP|FRZ|LUM,68,58,47,0,0
PDV-03065,Centro-Oeste,DF,Brasília,gastrobar,C,5.1,3.6,-29.4,7.0,858.0,4,BAL|LUM,56,46,47,3,0
PDV-03143,Centro-Oeste,MS,Campo Grande,rooftop,A,87.8,64.7,-26.3,28.0,3040.0,6,CHP|FRZ|KVI|LUM|MES,39,26,47,1,0
PDV-01567,Sudeste,SP,Campinas,bar premium,B,62.7,40.7,-35.1,8.9,1216.0,5,BAL|KVI|LUM|MES,51,42,47,4,0
PDV-00959,Sudeste,SP,Santos,pub,B,32.2,28.8,-10.6,31.0,1268.0,4,CHP|KVI|MES,78,70,47,0,0
PDV-00654,Sudeste,SP,Ribeirão Preto,choperia,C,11.9,11.5,-3.4,16.5,636.0,2,BAL|FRZ|KVI,57,41,47,0,0
PDV-00883,Sudeste,SP,São Paulo,pub,C,13.4,10.5,-21.6,20.6,686.0,3,BAL|FRZ,63,57,18,2,0
PDV-00914,Sudeste,SP,Campinas,gastrobar,B,31.3,30.2,-3.5,37.3,1137.0,3,BAL|CHP|KVI|LUM,48,42,31,0,0
PDV-02329,Sul,SC,Balneário Camboriú,bar premium,A,89.1,87.6,-1.7,24.8,2228.0,7,BAL|KVI|MES,53,30,47,0,0
PDV-02002,Sul,RS,Pelotas,choperia,C,13.4,12.8,-4.5,14.9,714.0,4,BAL,64,64,47,1,0
PDV-03825,Nordeste,BA,Salvador,bar premium,C,3.9,4.6,17.9,4.6,746.0,2,LUM,74,59,47,1,0
PDV-02822,Sul,PR,Londrina,bar premium,A,167.2,152.9,-8.6,29.3,2475.0,8,CHP|LUM|MES,74,67,47,2,1
PDV-00449,Sudeste,SP,Campinas,gastrobar,B,34.3,21.1,-38.5,32.6,1085.0,4,BAL|CHP|KVI,73,53,47,3,1
PDV-00712,Sudeste,SP,Campinas,restaurante,B,33.2,29.3,-11.7,26.7,1142.0,5,CHP|FRZ|KVI,67,66,27,1,0
PDV-02275,Sul,SC,Joinville,restaurante,B,50.8,48.5,-4.5,13.7,1241.0,4,CHP|FRZ|KVI|MES,71,71,47,1,0
PDV-03612,Nordeste,CE,Fortaleza,restaurante,C,13.2,14.9,12.9,18.6,759.0,4,BAL|KVI|LUM,55,45,47,0,0
PDV-01589,Sudeste,SP,Santos,pub,B,18.6,11.7,-37.1,21.1,1013.0,3,BAL|CHP|KVI|MES,58,51,47,3,0
PDV-03119,Centro-Oeste,MS,Campo Grande,bar premium,A,142.2,128.1,-9.9,30.5,2586.0,8,KVI|LUM|MES,54,40,47,1,1
PDV-01931,Sudeste,MG,Belo Horizonte,gastrobar,C,11.1,6.6,-40.5,21.9,698.0,2,CHP|MES,58,46,47,4,1
PDV-03353,Centro-Oeste,MS,Campo Grande,pub,B,37.7,31.3,-17.0,32.9,1410.0,4,CHP|KVI|LUM,51,42,47,0,1
PDV-00792,Sudeste,SP,Campinas,choperia,A,85.6,43.1,-49.6,24.2,2014.0,6,BAL|CHP|FRZ|KVI|MES,48,21,47,4,0
PDV-01972,Sudeste,RJ,Rio de Janeiro,choperia,A,50.5,30.7,-39.2,25.5,2164.0,4,BAL|FRZ|LUM|MES,76,64,47,3,1
PDV-01798,Sudeste,SP,Campinas,pub,C,11.9,10.6,-10.9,15.3,738.0,3,KVI|LUM|MES,55,63,47,1,1
PDV-01995,Sudeste,RJ,Petrópolis,bar premium,B,35.7,31.7,-11.2,12.7,1499.0,4,FRZ|LUM,53,62,47,1,0
PDV-03228,Centro-Oeste,DF,Brasília,bar premium,C,11.7,11.1,-5.1,21.1,598.0,2,CHP|KVI|LUM,51,46,42,0,0
PDV-00201,Sudeste,SP,Ribeirão Preto,bar premium,C,12.0,7.2,-40.0,12.8,700.0,3,BAL,50,44,47,3,1
PDV-00898,Sudeste,MG,Juiz de Fora,gastrobar,B,75.5,75.1,-0.5,15.2,1276.0,4,BAL|LUM,67,63,41,1,0
PDV-00885,Sudeste,SP,Ribeirão Preto,bar premium,C,8.2,5.7,-30.5,17.7,618.0,3,CHP|KVI|MES,51,31,47,3,0
PDV-02885,Centro-Oeste,GO,Anápolis,bar premium,B,59.7,51.9,-13.1,18.5,1448.0,4,FRZ|KVI|LUM,84,77,15,2,0
PDV-03793,Nordeste,BA,Feira de Santana,restaurante,B,29.1,32.4,11.3,8.7,1360.0,4,FRZ|LUM,82,78,47,0,1
PDV-03262,Centro-Oeste,GO,Goiânia,bar premium,A,121.3,81.0,-33.2,33.8,2528.0,6,BAL|CHP|FRZ|KVI|LUM|MES,60,45,47,3,1
PDV-02211,Sul,PR,Londrina,restaurante,B,19.2,14.6,-24.0,20.3,1217.0,3,CHP|KVI|LUM|MES,78,69,47,4,0
PDV-03632,Nordeste,RN,Natal,gastrobar,A,106.3,117.5,10.5,22.3,2780.0,7,BAL|CHP|FRZ|KVI|LUM|MES,54,44,26,1,0
PDV-02483,Sul,SC,Florianópolis,bar premium,B,21.5,19.9,-7.4,16.8,1313.0,4,FRZ|LUM|MES,48,36,47,1,0
PDV-03172,Centro-Oeste,DF,Brasília,pub,B,26.6,22.8,-14.3,24.0,1228.0,4,CHP|KVI|LUM,55,56,47,1,0
PDV-02018,Sul,RS,Caxias do Sul,gastrobar,B,52.3,53.7,2.7,17.4,1065.0,5,CHP|FRZ|LUM|MES,66,64,47,0,0
PDV-00492,Sudeste,RJ,Petrópolis,restaurante,B,45.8,29.4,-35.8,20.9,1221.0,4,CHP|FRZ|KVI|LUM,70,56,30,4,1
PDV-00836,Sudeste,MG,Juiz de Fora,bar premium,C,9.0,9.6,6.7,20.3,615.0,2,CHP|KVI|MES,74,71,11,1,1
PDV-00713,Sudeste,RJ,Rio de Janeiro,pub,B,25.5,20.5,-19.6,20.0,1425.0,6,CHP|LUM,57,36,47,2,0
PDV-01086,Sudeste,SP,Ribeirão Preto,gastrobar,C,15.3,11.6,-24.2,13.3,697.0,4,CHP,73,70,25,2,0
PDV-00760,Sudeste,RJ,Rio de Janeiro,rooftop,A,155.1,55.9,-64.0,33.6,1980.0,5,BAL|CHP|FRZ,49,31,14,4,0
PDV-02580,Sul,RS,Porto Alegre,gastrobar,A,60.7,41.3,-32.0,31.7,1834.0,6,BAL|FRZ|KVI|LUM|MES,57,42,47,3,1
PDV-00855,Sudeste,RJ,Niterói,bar premium,B,45.6,38.9,-14.7,13.7,1104.0,3,FRZ|MES,52,54,47,0,0
PDV-02628,Sul,SC,Balneário Camboriú,restaurante,B,35.2,20.3,-42.3,27.6,1319.0,3,CHP|KVI|LUM|MES,59,35,40,5,0
PDV-01768,Sudeste,MG,Juiz de Fora,bar premium,C,8.8,4.6,-47.7,14.9,721.0,4,BAL|FRZ|KVI,65,45,47,4,0
PDV-02673,Sul,RS,Porto Alegre,rooftop,C,11.3,11.7,3.5,18.4,683.0,3,BAL|FRZ|MES,63,59,47,0,0
PDV-02728,Sul,SC,Balneário Camboriú,bar premium,A,69.5,35.7,-48.6,36.8,2568.0,5,BAL|CHP|FRZ|KVI|LUM,52,28,47,3,0
PDV-01248,Sudeste,SP,Santos,gastrobar,B,43.5,42.0,-3.4,11.1,1238.0,6,BAL|CHP|LUM|MES,63,59,47,1,1
PDV-02117,Sul,PR,Maringá,bar premium,C,16.1,11.0,-31.7,7.1,795.0,1,BAL|CHP|LUM,43,29,47,3,0
PDV-02638,Sul,SC,Joinville,rooftop,C,28.9,25.6,-11.4,18.8,792.0,4,LUM,53,43,30,1,0
PDV-01519,Sudeste,SP,Ribeirão Preto,rooftop,B,26.8,16.0,-40.3,33.3,1254.0,4,BAL|CHP|KVI|LUM,44,29,47,3,0
PDV-03246,Centro-Oeste,DF,Brasília,bar premium,C,8.6,6.8,-20.9,17.3,642.0,3,FRZ,73,57,47,2,0
PDV-01030,Sudeste,SP,São José dos Campos,choperia,C,15.4,7.5,-51.3,19.0,607.0,5,BAL|MES,51,40,9,4,0
PDV-00666,Sudeste,SP,Campinas,bar premium,A,75.1,47.0,-37.4,33.9,2492.0,5,BAL|CHP|LUM,62,50,47,4,1
PDV-01740,Sudeste,MG,Belo Horizonte,pub,B,55.3,44.4,-19.7,13.1,1165.0,4,BAL|CHP|LUM,43,15,47,4,0
PDV-03362,Centro-Oeste,DF,Brasília,choperia,B,41.3,30.0,-27.4,23.4,1093.0,4,BAL|KVI,51,38,14,3,0
PDV-03791,Nordeste,PE,Recife,bar premium,C,4.9,5.1,4.1,18.1,669.0,3,FRZ|KVI,79,75,47,0,0
PDV-02983,Centro-Oeste,DF,Brasília,bar premium,C,9.6,9.0,-6.2,21.9,675.0,3,CHP|KVI|MES,62,55,28,1,0
PDV-02174,Sul,PR,Curitiba,gastrobar,B,25.1,16.8,-33.1,26.0,1230.0,3,BAL|FRZ,61,56,47,4,1
PDV-00571,Sudeste,SP,São Paulo,pub,C,6.8,6.9,1.5,12.4,776.0,4,BAL|LUM|MES,49,40,47,0,0
PDV-01827,Sudeste,RJ,Rio de Janeiro,pub,B,56.9,53.6,-5.8,31.6,1211.0,4,BAL|CHP|MES,79,74,47,0,0
PDV-02332,Sul,RS,Caxias do Sul,bar premium,A,55.7,56.3,1.1,33.9,2479.0,6,CHP|FRZ|MES,66,69,47,0,1
PDV-00046,Sudeste,MG,Uberlândia,gastrobar,B,67.6,59.9,-11.4,27.3,1224.0,4,CHP|FRZ|LUM|MES,61,43,47,2,1
PDV-00198,Sudeste,MG,Juiz de Fora,restaurante,C,7.1,7.1,0.0,17.3,627.0,2,BAL|KVI,40,36,47,1,1
PDV-00294,Sudeste,SP,Ribeirão Preto,pub,C,12.7,12.1,-4.7,15.0,719.0,2,LUM,50,33,47,0,1
PDV-01347,Sudeste,ES,Vila Velha,pub,B,22.0,20.6,-6.4,27.0,1336.0,3,FRZ|LUM|MES,63,62,47,1,1
PDV-01656,Sudeste,SP,São Paulo,choperia,A,88.8,65.2,-26.6,27.6,2184.0,6,BAL|CHP|FRZ|KVI|LUM|MES,89,66,47,2,1
PDV-03417,Nordeste,RN,Natal,bar premium,C,3.8,4.6,21.1,3.0,756.0,2,CHP|KVI|MES,61,60,47,1,0
PDV-02658,Sul,PR,Maringá,restaurante,B,31.4,26.1,-16.9,16.5,1414.0,5,FRZ|MES,76,53,47,2,0
PDV-02588,Sul,PR,Curitiba,gastrobar,B,41.6,16.0,-61.5,11.4,1287.0,2,KVI|MES,80,65,47,5,0
PDV-03158,Centro-Oeste,DF,Brasília,restaurante,A,150.9,130.6,-13.5,15.7,2413.0,6,CHP|LUM|MES,80,68,47,2,1
PDV-03249,Centro-Oeste,GO,Anápolis,bar premium,B,45.1,40.3,-10.6,20.3,1730.0,3,BAL|CHP|MES,37,34,47,1,1
PDV-03149,Centro-Oeste,DF,Brasília,pub,B,30.8,18.0,-41.6,15.1,1061.0,4,BAL|CHP,77,67,47,3,0
PDV-00279,Sudeste,SP,São Paulo,bar premium,C,18.1,17.6,-2.8,16.2,637.0,4,KVI|MES,73,53,47,0,0
PDV-00720,Sudeste,SP,São Paulo,bar premium,C,7.7,4.0,-48.1,7.8,650.0,4,LUM|MES,65,59,47,5,0
PDV-02523,Sul,PR,Londrina,bar premium,B,22.3,23.5,5.4,23.6,1125.0,3,BAL|KVI|MES,68,67,47,1,0
PDV-01877,Sudeste,SP,Campinas,gastrobar,B,23.4,22.5,-3.8,22.6,1241.0,4,CHP|FRZ|MES,91,89,9,1,0
PDV-00798,Sudeste,SP,Ribeirão Preto,bar premium,C,4.8,4.5,-6.2,14.4,807.0,2,FRZ|KVI|LUM,78,86,47,2,0
PDV-02114,Sul,RS,Caxias do Sul,bar premium,A,82.7,75.2,-9.1,32.1,2506.0,8,CHP|FRZ|KVI,74,68,20,1,0
PDV-03261,Centro-Oeste,DF,Brasília,pub,A,68.9,34.8,-49.5,37.1,2965.0,5,BAL|CHP|FRZ|KVI,73,56,47,5,1
PDV-01073,Sudeste,SP,Santos,bar premium,A,78.4,68.3,-12.9,26.4,2597.0,6,BAL|CHP|FRZ|KVI|LUM|MES,54,44,47,1,1
PDV-00363,Sudeste,SP,Campinas,restaurante,B,54.0,29.4,-45.6,27.6,1237.0,2,BAL|MES,47,39,7,3,0
PDV-01010,Sudeste,SP,São José dos Campos,bar premium,C,19.3,17.8,-7.8,16.8,678.0,3,MES,68,60,47,1,0
PDV-01224,Sudeste,SP,Santos,rooftop,B,36.6,33.5,-8.5,15.5,1226.0,6,BAL|FRZ,61,57,47,0,0
PDV-02908,Centro-Oeste,MT,Cuiabá,gastrobar,B,33.9,36.1,6.5,22.9,1389.0,4,BAL|FRZ|KVI|MES,59,64,47,0,1
PDV-03434,Nordeste,CE,Juazeiro do Norte,restaurante,B,22.9,15.4,-32.8,21.9,1440.0,4,FRZ|KVI|LUM,71,67,47,3,1
PDV-00437,Sudeste,RJ,Rio de Janeiro,restaurante,A,116.5,100.5,-13.7,36.1,1997.0,5,BAL|FRZ|KVI|MES,56,45,47,0,0
PDV-01944,Sudeste,SP,São Paulo,gastrobar,B,47.9,46.8,-2.3,21.6,1085.0,4,KVI|LUM,57,51,47,1,1
PDV-03324,Centro-Oeste,GO,Anápolis,bar premium,A,87.1,35.4,-59.4,24.2,3013.0,5,BAL|CHP|FRZ|LUM|MES,55,48,47,4,0
PDV-02941,Centro-Oeste,MT,Cuiabá,gastrobar,A,140.3,126.0,-10.2,16.4,2710.0,6,BAL|KVI|LUM|MES,53,35,47,2,1
PDV-02978,Centro-Oeste,GO,Goiânia,pub,A,62.4,56.9,-8.8,38.2,2495.0,5,BAL|CHP|FRZ|KVI|LUM|MES,65,55,47,1,1
PDV-02871,Centro-Oeste,DF,Brasília,gastrobar,B,47.5,29.2,-38.5,34.7,1145.0,2,CHP|KVI,70,55,47,3,0
PDV-03661,Nordeste,BA,Feira de Santana,bar premium,A,68.5,78.5,14.6,27.9,1828.0,7,BAL|LUM|MES,67,53,47,0,1
PDV-01819,Sudeste,MG,Juiz de Fora,restaurante,A,106.4,89.2,-16.2,19.6,2678.0,7,BAL|FRZ|MES,49,32,47,1,1
PDV-02737,Sul,PR,Londrina,bar premium,A,51.2,49.5,-3.3,31.3,2153.0,7,CHP|FRZ|KVI|MES,70,61,47,0,1
PDV-02328,Sul,SC,Balneário Camboriú,bar premium,B,20.4,11.1,-45.6,18.6,1478.0,3,BAL|KVI|LUM,57,47,47,4,0
PDV-00364,Sudeste,MG,Uberlândia,gastrobar,B,27.6,18.7,-32.2,21.2,1164.0,4,CHP|FRZ|LUM,74,55,47,3,1
PDV-02148,Sul,RS,Porto Alegre,rooftop,B,24.3,27.0,11.1,19.9,1090.0,4,CHP|FRZ|LUM|MES,75,64,47,1,0
PDV-01372,Sudeste,SP,Campinas,restaurante,C,16.5,10.5,-36.4,15.9,529.0,6,CHP|KVI,83,64,37,5,0
PDV-02050,Sul,RS,Caxias do Sul,gastrobar,C,7.9,7.7,-2.5,15.3,725.0,2,LUM|MES,64,62,47,2,1
PDV-02347,Sul,RS,Pelotas,pub,A,173.5,124.7,-28.1,21.8,2472.0,6,BAL|FRZ|KVI|LUM|MES,54,43,47,3,1
PDV-02357,Sul,PR,Curitiba,choperia,C,19.5,24.2,24.1,23.7,545.0,4,CHP|KVI|LUM,52,59,47,0,0
PDV-01380,Sudeste,RJ,Niterói,choperia,A,138.8,75.5,-45.6,20.6,2293.0,4,BAL|CHP|FRZ|KVI|LUM|MES,50,32,47,5,0
PDV-00370,Sudeste,RJ,Petrópolis,restaurante,B,91.8,52.4,-42.9,22.1,1296.0,4,CHP|FRZ|KVI|LUM,47,30,47,4,1
PDV-00744,Sudeste,SP,São José dos Campos,restaurante,C,11.7,8.7,-25.6,8.2,862.0,3,BAL|FRZ|KVI,65,52,47,3,0
PDV-00302,Sudeste,MG,Uberlândia,pub,B,34.1,28.4,-16.7,27.3,1042.0,2,CHP|FRZ|LUM|MES,68,74,47,1,0
PDV-02033,Sul,RS,Porto Alegre,restaurante,C,14.0,12.1,-13.6,17.1,660.0,3,BAL,57,46,47,0,0
PDV-02077,Sul,PR,Curitiba,restaurante,C,8.0,7.7,-3.7,19.5,763.0,2,CHP,56,59,47,0,0
PDV-00372,Sudeste,SP,Santos,pub,B,76.1,48.9,-35.7,24.5,1233.0,3,FRZ|KVI,53,42,47,3,0
PDV-02468,Sul,SC,Balneário Camboriú,pub,B,31.2,30.2,-3.2,35.1,1350.0,4,BAL|CHP|FRZ|LUM,65,65,47,0,0
PDV-03288,Centro-Oeste,DF,Brasília,bar premium,B,43.4,40.2,-7.4,20.6,1322.0,4,BAL|FRZ|MES,57,42,47,0,0
PDV-03413,Nordeste,RN,Natal,bar premium,B,21.2,12.0,-43.4,19.8,1292.0,3,BAL|KVI|LUM,55,35,47,5,0
PDV-02496,Sul,SC,Joinville,bar premium,B,33.0,33.8,2.4,20.5,1142.0,4,BAL|KVI|LUM,39,39,31,0,1
PDV-03810,Nordeste,BA,Salvador,restaurante,A,59.7,59.1,-1.0,38.9,2200.0,6,BAL|CHP|FRZ|LUM,42,35,47,1,0
PDV-03092,Centro-Oeste,GO,Goiânia,gastrobar,B,20.4,11.0,-46.1,14.8,1307.0,4,BAL|CHP|FRZ,58,35,12,4,0
PDV-03003,Centro-Oeste,GO,Anápolis,restaurante,C,11.1,8.0,-27.9,22.1,624.0,3,CHP|MES,77,52,47,3,0
PDV-02868,Centro-Oeste,MT,Cuiabá,gastrobar,B,32.1,27.5,-14.3,18.8,1088.0,3,BAL|FRZ,75,66,32,0,0
PDV-01863,Sudeste,SP,São José dos Campos,pub,C,12.2,10.6,-13.1,11.2,705.0,4,FRZ,75,71,47,1,0
PDV-01389,Sudeste,RJ,Petrópolis,choperia,A,150.5,135.9,-9.7,18.8,2770.0,8,BAL|CHP|FRZ|KVI|MES,70,75,47,1,0
PDV-03757,Nordeste,CE,Fortaleza,gastrobar,B,32.5,37.3,14.8,19.7,1452.0,5,BAL|FRZ,57,59,47,0,0
PDV-00626,Sudeste,SP,Ribeirão Preto,bar premium,C,7.3,6.4,-12.3,11.0,576.0,2,BAL|MES,53,48,47,1,0
PDV-00079,Sudeste,SP,Ribeirão Preto,restaurante,C,21.5,20.4,-5.1,12.7,612.0,2,BAL|FRZ|KVI,64,52,47,0,0
PDV-01230,Sudeste,SP,São José dos Campos,bar premium,B,66.6,65.1,-2.3,18.4,800.0,4,BAL|LUM|MES,69,60,47,1,0
PDV-03042,Centro-Oeste,MT,Cuiabá,restaurante,C,9.1,8.6,-5.5,11.7,728.0,4,FRZ,54,38,47,0,0
PDV-02200,Sul,PR,Maringá,bar premium,A,145.1,128.6,-11.4,28.1,2315.0,7,BAL|CHP|FRZ|KVI|LUM|MES,55,48,47,1,1
PDV-02469,Sul,PR,Curitiba,gastrobar,C,11.8,11.2,-5.1,13.3,590.0,2,LUM,63,59,41,0,0
PDV-02622,Sul,PR,Londrina,bar premium,A,120.6,71.8,-40.5,22.3,2443.0,6,BAL|CHP|FRZ|KVI|LUM|MES,66,51,47,4,0
PDV-02438,Sul,PR,Maringá,pub,C,15.6,9.6,-38.5,10.1,679.0,4,BAL|CHP|LUM,60,47,47,4,0
PDV-00399,Sudeste,MG,Belo Horizonte,rooftop,A,170.2,97.7,-42.6,25.1,2103.0,4,CHP|KVI|MES,57,42,47,3,1
PDV-02294,Sul,SC,Joinville,gastrobar,A,77.0,32.8,-57.4,27.1,2431.0,7,CHP|FRZ|LUM,93,77,47,4,0
PDV-00481,Sudeste,SP,São José dos Campos,gastrobar,C,12.7,11.9,-6.3,10.1,750.0,4,CHP|FRZ|KVI,71,69,47,0,1
PDV-01449,Sudeste,RJ,Niterói,restaurante,C,12.1,7.6,-37.2,8.4,724.0,3,MES,61,53,47,4,0
PDV-02890,Centro-Oeste,DF,Brasília,bar premium,B,25.6,23.2,-9.4,13.2,1334.0,4,BAL|FRZ|LUM,69,53,47,1,0
PDV-02800,Sul,PR,Curitiba,bar premium,C,10.4,9.0,-13.5,21.0,648.0,4,FRZ,49,45,47,1,1
PDV-02732,Sul,RS,Caxias do Sul,choperia,C,15.3,15.7,2.6,19.8,570.0,3,FRZ,58,45,47,0,1
PDV-01284,Sudeste,SP,Campinas,bar premium,C,15.7,14.9,-5.1,21.6,448.0,2,KVI,36,29,40,1,0
PDV-01327,Sudeste,MG,Juiz de Fora,bar premium,C,20.9,20.0,-4.3,13.0,710.0,3,FRZ|KVI,48,29,47,1,1
PDV-03519,Nordeste,BA,Feira de Santana,bar premium,B,23.9,25.3,5.9,10.7,1352.0,4,BAL|CHP|KVI|LUM,81,78,47,1,0
PDV-03592,Nordeste,PE,Caruaru,restaurante,A,87.7,56.1,-36.0,25.9,2670.0,5,BAL|FRZ|LUM,52,41,47,5,1
PDV-00162,Sudeste,SP,Ribeirão Preto,choperia,A,77.9,53.4,-31.5,37.9,2271.0,6,CHP|FRZ|KVI|LUM|MES,44,40,47,2,0
PDV-03574,Nordeste,BA,Feira de Santana,bar premium,A,62.1,29.4,-52.7,30.3,2727.0,4,BAL|FRZ|KVI|MES,76,69,47,5,1
PDV-02055,Sul,RS,Caxias do Sul,pub,C,10.2,9.6,-5.9,19.0,709.0,2,CHP,60,53,47,1,0
PDV-02019,Sul,PR,Curitiba,gastrobar,A,122.2,91.8,-24.9,36.2,2166.0,6,BAL|CHP|FRZ|LUM|MES,45,35,47,3,1
PDV-03091,Centro-Oeste,GO,Anápolis,gastrobar,B,28.8,26.5,-8.0,36.1,1213.0,6,BAL|LUM|MES,54,47,47,0,0
PDV-02146,Sul,PR,Curitiba,choperia,B,40.2,42.7,6.2,24.9,1416.0,6,CHP|MES,70,64,35,0,0
PDV-01470,Sudeste,SP,Santos,gastrobar,B,20.0,14.1,-29.5,28.2,1068.0,6,FRZ|KVI,77,63,47,3,0
PDV-02035,Sul,PR,Londrina,gastrobar,C,15.4,9.6,-37.7,8.3,619.0,6,BAL,48,22,47,4,1
PDV-00815,Sudeste,SP,Ribeirão Preto,gastrobar,B,70.0,64.1,-8.4,28.1,1394.0,5,BAL|KVI|LUM|MES,42,26,47,0,0
PDV-03323,Centro-Oeste,DF,Brasília,restaurante,C,7.7,6.3,-18.2,11.7,617.0,5,BAL,70,51,47,3,1
PDV-01340,Sudeste,SP,Campinas,gastrobar,B,66.5,62.2,-6.5,25.8,1349.0,4,FRZ|KVI|LUM|MES,49,36,47,0,1
PDV-00341,Sudeste,ES,Vitória,bar premium,C,20.2,18.0,-10.9,21.6,758.0,3,BAL|KVI|MES,55,49,47,0,1
PDV-00803,Sudeste,RJ,Petrópolis,restaurante,C,11.8,6.6,-44.1,27.4,697.0,5,FRZ|KVI|LUM,55,38,25,3,0
PDV-00781,Sudeste,SP,Santos,restaurante,C,5.9,5.4,-8.5,10.6,495.0,3,KVI|MES,84,85,47,0,0
PDV-02820,Sul,SC,Balneário Camboriú,bar premium,A,79.6,41.2,-48.2,33.6,2262.0,5,BAL|CHP|FRZ|KVI|LUM|MES,44,23,47,4,0
PDV-02125,Sul,RS,Pelotas,bar premium,B,17.9,16.4,-8.4,16.2,1380.0,3,CHP|FRZ|KVI|MES,49,36,47,1,0
PDV-03293,Centro-Oeste,MS,Campo Grande,restaurante,A,117.4,108.1,-7.9,24.6,2569.0,6,CHP|FRZ|LUM|MES,62,60,47,0,1
PDV-00225,Sudeste,SP,Ribeirão Preto,bar premium,A,238.6,108.1,-54.7,34.0,1722.0,5,BAL|CHP|FRZ|KVI|LUM,57,57,47,5,1
PDV-01794,Sudeste,SP,Campinas,bar premium,B,23.4,21.1,-9.8,13.4,1498.0,3,BAL|CHP|KVI|MES,80,72,47,0,1
PDV-01049,Sudeste,SP,Campinas,rooftop,A,90.3,73.5,-18.6,35.3,2138.0,6,BAL|CHP|FRZ,61,41,47,2,1
PDV-00962,Sudeste,SP,Santos,rooftop,B,34.9,30.9,-11.5,21.2,1376.0,5,BAL|CHP,76,70,7,1,0
PDV-02057,Sul,PR,Curitiba,bar premium,B,38.8,38.5,-0.8,14.9,1168.0,4,BAL|CHP|FRZ|MES,61,38,25,2,1
PDV-02795,Sul,PR,Curitiba,bar premium,C,17.6,8.4,-52.3,6.3,787.0,4,BAL,59,35,47,4,1
PDV-02632,Sul,SC,Joinville,rooftop,C,6.8,6.5,-4.4,12.0,775.0,2,CHP|LUM|MES,54,53,47,1,0
PDV-01403,Sudeste,SP,Ribeirão Preto,pub,B,13.1,8.7,-33.6,24.8,1299.0,4,KVI|LUM|MES,59,35,47,3,0
PDV-02292,Sul,RS,Porto Alegre,choperia,C,18.1,17.7,-2.2,8.0,736.0,3,KVI|MES,40,41,47,0,0
PDV-03541,Nordeste,PE,Recife,bar premium,B,29.2,34.9,19.5,16.3,1283.0,5,FRZ|LUM|MES,78,74,47,0,0
PDV-03745,Nordeste,BA,Salvador,gastrobar,A,74.1,83.5,12.7,34.4,2367.0,7,BAL|CHP|FRZ|KVI|LUM|MES,57,44,47,0,0
PDV-00935,Sudeste,SP,Santos,pub,A,130.1,114.2,-12.2,37.2,2511.0,6,CHP|FRZ|LUM|MES,70,66,47,2,1
PDV-02014,Sul,RS,Pelotas,bar premium,B,70.6,72.8,3.1,26.9,1385.0,5,FRZ|KVI|MES,57,49,8,0,0
PDV-01725,Sudeste,SP,São José dos Campos,restaurante,A,65.8,60.2,-8.5,34.6,2466.0,7,BAL|CHP|FRZ|KVI|LUM|MES,73,59,47,1,1
PDV-00451,Sudeste,RJ,Niterói,gastrobar,A,173.6,110.3,-36.5,26.0,2431.0,7,BAL|CHP|FRZ|KVI|LUM|MES,89,80,47,3,1
PDV-01208,Sudeste,SP,São Paulo,bar premium,C,22.7,7.4,-67.4,17.1,730.0,7,BAL|LUM,73,61,47,5,0
PDV-01337,Sudeste,RJ,Rio de Janeiro,bar premium,A,96.7,84.3,-12.8,37.8,2178.0,5,BAL|CHP|FRZ|KVI|LUM|MES,84,75,26,1,0
PDV-01898,Sudeste,RJ,Rio de Janeiro,bar premium,A,149.8,90.3,-39.7,37.3,2626.0,5,BAL|CHP|FRZ|KVI|LUM|MES,65,33,47,4,1
PDV-02916,Centro-Oeste,DF,Brasília,gastrobar,C,5.3,4.3,-18.9,23.4,699.0,3,CHP|MES,74,63,47,3,1
PDV-02170,Sul,RS,Pelotas,gastrobar,B,51.7,53.6,3.7,21.5,1083.0,4,BAL|FRZ|MES,53,40,27,0,1
PDV-01700,Sudeste,SP,Santos,gastrobar,A,243.6,130.5,-46.4,32.8,2477.0,6,BAL|LUM|MES,76,67,47,5,1
PDV-03184,Centro-Oeste,MS,Campo Grande,bar premium,A,109.1,91.6,-16.0,36.4,2113.0,8,CHP|KVI|MES,62,52,47,0,1
PDV-02069,Sul,SC,Balneário Camboriú,pub,A,51.9,51.1,-1.5,35.5,2513.0,7,BAL|CHP|FRZ|KVI|LUM,39,23,47,1,0
PDV-00266,Sudeste,MG,Belo Horizonte,restaurante,A,91.3,68.8,-24.6,30.4,2755.0,8,CHP|KVI|LUM|MES,72,64,47,2,0
PDV-02203,Sul,PR,Curitiba,gastrobar,B,28.3,13.1,-53.7,37.6,1387.0,4,KVI|MES,76,68,47,4,0
PDV-01654,Sudeste,SP,São José dos Campos,bar premium,C,14.3,14.4,0.7,11.5,701.0,3,FRZ,57,62,47,1,1
PDV-02772,Sul,SC,Balneário Camboriú,bar premium,B,16.5,16.9,2.4,29.8,1411.0,5,CHP|FRZ|LUM|MES,58,47,47,0,0
PDV-01139,Sudeste,SP,São José dos Campos,bar premium,C,16.6,15.2,-8.4,14.0,674.0,3,CHP|LUM,66,60,47,0,0
PDV-01706,Sudeste,MG,Uberlândia,restaurante,C,13.9,12.4,-10.8,22.6,619.0,3,KVI,87,72,47,2,1
PDV-00593,Sudeste,SP,Campinas,pub,A,211.9,176.1,-16.9,27.5,2534.0,6,BAL|CHP|FRZ|KVI,54,44,14,1,1
PDV-01787,Sudeste,RJ,Niterói,bar premium,C,31.2,24.7,-20.8,22.1,680.0,3,FRZ,61,50,47,2,1
PDV-03529,Nordeste,BA,Feira de Santana,pub,A,83.4,82.8,-0.7,32.3,2259.0,7,CHP|FRZ|KVI|LUM|MES,90,79,47,1,1
PDV-03191,Centro-Oeste,MS,Campo Grande,gastrobar,C,11.5,10.5,-8.7,17.0,724.0,3,CHP|LUM,54,48,47,2,0
PDV-00052,Sudeste,MG,Uberlândia,restaurante,B,29.7,31.3,5.4,17.7,1070.0,6,CHP|FRZ|LUM|MES,58,47,47,0,0
PDV-00508,Sudeste,SP,Ribeirão Preto,restaurante,A,144.6,85.1,-41.1,26.1,2068.0,5,BAL|CHP|KVI|LUM|MES,69,63,47,4,1
PDV-00260,Sudeste,SP,São Paulo,restaurante,A,89.1,75.7,-15.0,36.7,2217.0,8,BAL|CHP|KVI,62,53,35,0,0
PDV-02066,Sul,SC,Balneário Camboriú,restaurante,B,24.0,18.9,-21.3,27.7,1425.0,4,FRZ|KVI|LUM,69,49,40,2,0
PDV-03524,Nordeste,BA,Salvador,restaurante,A,48.2,52.7,9.3,38.4,2591.0,7,BAL|FRZ|LUM,66,49,47,0,0
PDV-02695,Sul,PR,Maringá,choperia,A,139.2,137.6,-1.1,29.1,2210.0,5,BAL|CHP|FRZ|KVI|MES,65,65,47,1,1
PDV-02861,Centro-Oeste,MS,Campo Grande,restaurante,C,20.7,12.1,-41.5,17.4,684.0,4,BAL|FRZ|LUM,63,54,47,3,0
PDV-00711,Sudeste,SP,Ribeirão Preto,bar premium,C,9.1,6.5,-28.6,9.5,469.0,4,FRZ|LUM,48,45,12,3,0
PDV-03412,Nordeste,BA,Salvador,restaurante,C,12.5,11.7,-6.4,18.7,707.0,3,CHP,92,85,13,2,0
PDV-02192,Sul,RS,Pelotas,gastrobar,A,71.1,65.7,-7.6,36.1,2425.0,6,BAL|LUM|MES,43,43,47,1,1
PDV-00698,Sudeste,ES,Vitória,gastrobar,C,17.9,17.6,-1.7,4.5,644.0,1,KVI|LUM,72,65,47,0,0
PDV-00100,Sudeste,SP,São José dos Campos,gastrobar,C,24.9,21.5,-13.7,10.9,815.0,2,BAL|FRZ|MES,59,45,47,2,0
PDV-02132,Sul,PR,Londrina,bar premium,A,108.0,92.0,-14.8,28.7,2199.0,5,BAL|FRZ|KVI|LUM|MES,91,73,47,1,0
PDV-02497,Sul,RS,Pelotas,bar premium,A,118.1,126.7,7.3,27.8,2605.0,7,BAL|CHP|FRZ|KVI|LUM|MES,52,45,47,2,1
PDV-02068,Sul,PR,Curitiba,bar premium,C,13.3,8.7,-34.6,20.5,734.0,4,BAL|CHP|MES,64,52,47,3,1
PDV-03741,Nordeste,CE,Juazeiro do Norte,gastrobar,B,13.4,14.7,9.7,15.5,1188.0,5,LUM|MES,52,37,47,0,0
PDV-02109,Sul,RS,Porto Alegre,pub,C,14.3,16.7,16.8,12.1,703.0,1,CHP,79,78,47,0,0
PDV-00371,Sudeste,SP,Santos,rooftop,C,11.5,11.1,-3.5,10.1,650.0,2,FRZ|MES,42,52,47,0,0
PDV-03279,Centro-Oeste,DF,Brasília,choperia,C,15.9,14.4,-9.4,14.0,715.0,1,CHP|MES,64,63,47,1,0
PDV-03198,Centro-Oeste,DF,Brasília,gastrobar,B,31.9,26.4,-17.2,30.7,784.0,4,BAL|FRZ,41,38,47,1,0
PDV-00248,Sudeste,MG,Juiz de Fora,pub,A,77.6,44.4,-42.8,23.1,2614.0,5,BAL|FRZ|MES,71,65,47,4,1
PDV-02648,Sul,PR,Londrina,pub,A,167.7,179.0,6.7,27.1,2756.0,6,CHP|FRZ|KVI|LUM|MES,55,52,9,0,1
PDV-01211,Sudeste,SP,Campinas,rooftop,A,90.8,54.4,-40.1,34.9,2773.0,5,CHP|FRZ|KVI|LUM,63,50,47,4,1
PDV-02286,Sul,PR,Londrina,pub,A,61.3,54.1,-11.7,32.8,2498.0,8,BAL|CHP|KVI|LUM,55,50,47,0,0
PDV-00233,Sudeste,SP,Santos,bar premium,C,13.1,11.9,-9.2,6.9,769.0,1,BAL|CHP|FRZ,81,66,47,1,1
PDV-01441,Sudeste,RJ,Petrópolis,gastrobar,B,49.1,27.0,-45.0,24.4,1389.0,3,FRZ|MES,93,86,47,4,0
PDV-02709,Sul,PR,Maringá,bar premium,B,74.1,68.4,-7.7,23.7,1345.0,5,CHP|FRZ|LUM,54,56,46,0,0
PDV-01903,Sudeste,ES,Vitória,gastrobar,A,159.3,69.1,-56.6,29.2,2664.0,5,BAL|CHP|LUM|MES,61,44,25,5,0
PDV-01261,Sudeste,RJ,Petrópolis,rooftop,B,48.3,40.3,-16.6,15.7,1154.0,5,KVI|LUM|MES,41,26,47,2,1
PDV-00286,Sudeste,RJ,Petrópolis,pub,B,49.4,40.2,-18.6,19.2,973.0,4,CHP|KVI|MES,64,51,27,1,1
PDV-00200,Sudeste,SP,Santos,bar premium,C,10.0,9.9,-1.0,3.0,622.0,2,KVI,56,47,47,0,0
PDV-00671,Sudeste,SP,São Paulo,gastrobar,C,2.7,1.6,-40.7,12.2,633.0,4,BAL,57,34,47,4,0
PDV-01831,Sudeste,RJ,Niterói,restaurante,C,14.4,13.3,-7.6,13.6,543.0,4,BAL|FRZ|LUM,89,75,30,0,1
PDV-00653,Sudeste,MG,Belo Horizonte,restaurante,A,68.1,55.7,-18.2,38.1,2667.0,7,BAL|CHP|MES,58,39,47,2,0
PDV-00572,Sudeste,RJ,Petrópolis,bar premium,A,49.4,42.9,-13.2,24.4,2271.0,8,BAL|FRZ|LUM|MES,69,67,47,1,0
PDV-00066,Sudeste,SP,São Paulo,bar premium,A,76.1,65.6,-13.8,25.9,2626.0,6,BAL|CHP|KVI|LUM|MES,57,58,47,1,0
PDV-00842,Sudeste,MG,Uberlândia,restaurante,B,45.9,31.2,-32.0,23.1,1127.0,4,BAL|CHP|FRZ|KVI,62,59,47,3,1
PDV-00474,Sudeste,RJ,Niterói,bar premium,C,10.1,6.9,-31.7,19.1,733.0,4,FRZ|LUM,68,61,47,3,1
PDV-01729,Sudeste,RJ,Rio de Janeiro,gastrobar,C,22.0,20.3,-7.7,9.2,758.0,2,CHP|LUM,81,60,47,0,0
PDV-02931,Centro-Oeste,MS,Campo Grande,bar premium,B,25.6,24.3,-5.1,20.9,1248.0,4,BAL|FRZ|LUM|MES,61,54,47,1,0
PDV-02158,Sul,SC,Balneário Camboriú,pub,A,105.2,94.5,-10.2,29.2,2159.0,5,BAL|KVI|LUM,72,61,47,0,0
PDV-03744,Nordeste,PE,Olinda,bar premium,B,28.0,33.2,18.6,21.1,1183.0,4,CHP|KVI,64,55,20,0,0
PDV-02666,Sul,SC,Balneário Camboriú,gastrobar,B,59.3,56.7,-4.4,22.9,1344.0,4,BAL|FRZ|KVI|LUM,63,60,47,1,0
PDV-00159,Sudeste,SP,Santos,choperia,B,26.7,16.0,-40.1,21.6,1411.0,5,BAL|KVI|LUM|MES,76,66,47,4,0
PDV-03544,Nordeste,CE,Fortaleza,pub,B,24.3,25.1,3.3,31.2,944.0,4,CHP|FRZ|LUM,76,70,45,1,0
PDV-00944,Sudeste,SP,Ribeirão Preto,pub,B,22.0,13.1,-40.5,34.4,1284.0,5,BAL|KVI|LUM,55,34,47,3,0
PDV-00746,Sudeste,SP,São Paulo,bar premium,B,48.2,45.8,-5.0,24.8,1285.0,5,CHP|KVI,49,36,45,0,0
PDV-02074,Sul,PR,Maringá,choperia,A,103.3,62.0,-40.0,44.7,2344.0,6,BAL|CHP|FRZ|KVI|LUM|MES,53,40,37,5,1
PDV-01113,Sudeste,SP,Santos,gastrobar,B,74.8,56.9,-23.9,23.7,1338.0,5,BAL|CHP|MES,59,56,9,1,0
PDV-01104,Sudeste,SP,Santos,rooftop,A,121.4,103.8,-14.5,19.5,2490.0,6,BAL|FRZ|LUM,84,73,47,1,1
PDV-01169,Sudeste,SP,São Paulo,bar premium,C,15.2,9.9,-34.9,30.8,607.0,3,KVI,73,60,47,3,0
PDV-03587,Nordeste,PE,Olinda,restaurante,C,7.2,7.1,-1.4,17.0,701.0,3,CHP,68,69,47,1,0
PDV-02208,Sul,SC,Joinville,rooftop,A,59.5,54.9,-7.7,31.6,2280.0,8,BAL|CHP|FRZ|KVI|LUM|MES,63,48,22,1,0
PDV-00062,Sudeste,RJ,Rio de Janeiro,bar premium,A,96.5,77.3,-19.9,36.3,2109.0,5,BAL|CHP|FRZ|KVI|LUM,59,38,42,2,0
PDV-02484,Sul,SC,Florianópolis,pub,B,31.8,28.7,-9.7,25.2,1199.0,4,BAL|CHP|FRZ|LUM,51,50,47,1,1
PDV-03107,Centro-Oeste,GO,Anápolis,pub,C,7.5,5.1,-32.0,10.7,666.0,2,BAL,71,67,10,2,0
PDV-03030,Centro-Oeste,GO,Anápolis,pub,B,52.8,47.2,-10.6,23.6,959.0,4,CHP|KVI|LUM|MES,71,61,47,0,0
PDV-00281,Sudeste,SP,Santos,restaurante,B,44.0,37.7,-14.3,23.9,1302.0,2,FRZ|KVI,62,55,14,0,0
PDV-00938,Sudeste,MG,Juiz de Fora,rooftop,C,28.9,18.9,-34.6,12.0,543.0,4,CHP|MES,61,51,16,3,1
PDV-01328,Sudeste,MG,Uberlândia,pub,B,40.3,41.1,2.0,18.6,1094.0,5,BAL|FRZ|MES,70,65,34,1,0
PDV-01032,Sudeste,MG,Uberlândia,choperia,C,19.4,18.5,-4.6,16.5,658.0,2,FRZ|LUM|MES,71,69,47,0,0
PDV-01713,Sudeste,RJ,Rio de Janeiro,restaurante,A,133.6,108.4,-18.9,23.3,2351.0,5,BAL|CHP|FRZ|KVI|LUM|MES,71,64,47,2,0
PDV-00691,Sudeste,RJ,Petrópolis,bar premium,C,19.1,15.4,-19.4,19.6,722.0,3,BAL|CHP,43,35,37,2,1
PDV-01134,Sudeste,SP,Ribeirão Preto,bar premium,C,7.3,4.8,-34.2,18.3,740.0,3,CHP|FRZ|KVI,74,63,6,3,0
PDV-02309,Sul,RS,Porto Alegre,choperia,C,6.4,5.8,-9.4,14.8,634.0,3,KVI|LUM|MES,82,84,47,0,0
PDV-01973,Sudeste,RJ,Niterói,choperia,A,117.4,62.3,-46.9,25.3,2620.0,7,BAL|CHP|FRZ|KVI|LUM|MES,59,43,47,5,0
PDV-02215,Sul,PR,Londrina,bar premium,C,13.0,10.8,-16.9,19.0,565.0,3,KVI,64,62,47,1,0
PDV-03130,Centro-Oeste,DF,Brasília,bar premium,B,52.7,35.6,-32.4,12.1,1172.0,3,BAL|LUM|MES,70,52,47,4,0
PDV-01276,Sudeste,RJ,Niterói,gastrobar,B,26.2,14.9,-43.1,19.4,1107.0,3,BAL|MES,56,44,47,3,0
PDV-02001,Sul,RS,Pelotas,pub,A,154.0,135.1,-12.3,24.9,2048.0,6,BAL|FRZ|KVI|LUM,69,58,47,2,1
PDV-03053,Centro-Oeste,MT,Cuiabá,bar premium,B,11.5,9.9,-13.9,29.9,1176.0,5,CHP|FRZ|KVI|MES,59,46,47,1,0
PDV-00621,Sudeste,SP,São José dos Campos,bar premium,B,66.6,63.8,-4.2,19.9,1078.0,5,BAL|MES,90,74,31,1,0
PDV-03444,Nordeste,BA,Salvador,rooftop,C,11.9,12.2,2.5,9.3,819.0,4,CHP,70,62,19,1,0
PDV-03234,Centro-Oeste,GO,Goiânia,rooftop,C,10.7,9.6,-10.3,5.8,644.0,3,FRZ,42,39,47,1,0
PDV-01192,Sudeste,MG,Uberlândia,bar premium,A,149.0,127.6,-14.4,18.4,2195.0,5,BAL|CHP|FRZ|KVI|LUM|MES,67,46,9,2,1
PDV-02501,Sul,PR,Maringá,choperia,A,59.1,57.7,-2.4,22.5,2578.0,6,BAL|CHP|FRZ|KVI|LUM|MES,58,60,47,2,1
PDV-00229,Sudeste,MG,Uberlândia,bar premium,B,31.8,22.8,-28.3,33.7,1553.0,5,FRZ|KVI,72,50,47,2,1
PDV-01693,Sudeste,MG,Uberlândia,bar premium,B,41.7,40.8,-2.2,22.7,1178.0,3,BAL|CHP|FRZ,75,66,47,1,0
PDV-01669,Sudeste,RJ,Rio de Janeiro,pub,A,118.6,90.6,-23.6,31.2,2268.0,4,CHP|FRZ|KVI|LUM|MES,54,41,43,2,1
PDV-03703,Nordeste,RN,Natal,rooftop,C,6.9,8.0,15.9,26.1,599.0,2,FRZ|KVI|LUM,71,58,47,0,0
PDV-02866,Centro-Oeste,DF,Brasília,gastrobar,C,7.4,6.8,-8.1,20.2,686.0,2,BAL|CHP,78,80,24,1,0
PDV-01445,Sudeste,SP,São José dos Campos,bar premium,C,7.8,7.0,-10.3,13.8,670.0,3,BAL|FRZ|MES,45,37,47,2,1
PDV-02361,Sul,SC,Florianópolis,choperia,C,6.2,6.3,1.6,24.2,576.0,3,MES,53,51,46,0,0
PDV-00961,Sudeste,MG,Juiz de Fora,restaurante,B,19.3,17.6,-8.8,24.5,1325.0,4,FRZ|KVI,56,51,47,2,1
PDV-03814,Nordeste,CE,Juazeiro do Norte,choperia,B,12.1,12.9,6.6,14.6,1110.0,6,BAL|CHP|KVI|MES,55,52,47,0,0
PDV-02750,Sul,RS,Pelotas,bar premium,A,43.2,37.8,-12.5,27.9,2336.0,5,BAL|CHP|FRZ|KVI|LUM|MES,65,61,47,2,1
PDV-03402,Nordeste,BA,Salvador,bar premium,C,12.5,14.2,13.6,20.2,698.0,3,CHP|MES,65,65,38,0,0
PDV-03428,Nordeste,PE,Recife,rooftop,A,81.3,99.9,22.9,27.0,2673.0,6,BAL|CHP|FRZ|KVI|LUM|MES,86,81,47,1,1
PDV-00268,Sudeste,SP,Campinas,restaurante,B,49.6,26.3,-47.0,16.0,1187.0,4,CHP|KVI,71,58,47,4,0
PDV-00329,Sudeste,SP,Ribeirão Preto,bar premium,A,146.7,71.6,-51.2,37.6,2363.0,2,BAL|KVI|MES,49,26,47,3,0
PDV-03740,Nordeste,PE,Olinda,bar premium,B,48.4,35.9,-25.8,21.4,1118.0,5,CHP|KVI|LUM|MES,35,23,8,4,0
PDV-00163,Sudeste,SP,São Paulo,gastrobar,B,43.3,38.6,-10.9,18.6,1143.0,4,BAL|CHP|FRZ|MES,78,67,47,2,0
PDV-01779,Sudeste,RJ,Rio de Janeiro,choperia,C,6.2,5.8,-6.5,6.0,647.0,5,CHP|FRZ,53,56,47,1,0
PDV-03278,Centro-Oeste,GO,Anápolis,bar premium,B,30.6,24.4,-20.3,18.8,1229.0,6,BAL|CHP|KVI|MES,58,29,41,0,0
PDV-03730,Nordeste,BA,Feira de Santana,restaurante,C,8.5,9.8,15.3,19.2,741.0,2,BAL,57,54,47,0,0
PDV-00274,Sudeste,MG,Juiz de Fora,gastrobar,A,111.9,91.2,-18.5,23.9,2583.0,4,BAL|FRZ|LUM|MES,56,43,23,1,0
PDV-02791,Sul,RS,Caxias do Sul,gastrobar,B,76.2,46.3,-39.2,19.5,1405.0,2,CHP|FRZ|KVI|MES,64,46,21,5,0
PDV-02209,Sul,RS,Pelotas,bar premium,C,8.9,7.6,-14.6,26.5,624.0,4,CHP|KVI|MES,80,70,7,2,0
PDV-01044,Sudeste,SP,São Paulo,bar premium,C,12.1,7.4,-38.8,9.7,663.0,6,CHP|FRZ,47,32,47,4,0
PDV-03263,Centro-Oeste,MT,Cuiabá,bar premium,C,11.5,9.5,-17.4,20.3,732.0,4,FRZ|LUM|MES,48,33,43,0,0
PDV-01012,Sudeste,SP,São José dos Campos,restaurante,B,70.1,41.1,-41.4,21.6,1432.0,3,CHP|FRZ|KVI|MES,57,44,26,5,0
PDV-03602,Nordeste,BA,Salvador,gastrobar,A,48.6,52.0,7.0,35.4,2292.0,7,CHP|FRZ|LUM|MES,75,72,41,0,0
PDV-02778,Sul,SC,Balneário Camboriú,gastrobar,B,25.7,14.8,-42.4,23.8,1188.0,4,KVI|LUM,52,46,34,5,1
PDV-02427,Sul,RS,Pelotas,bar premium,A,122.1,128.3,5.1,27.3,2210.0,6,BAL|CHP|FRZ,80,67,47,0,1
